SMILES,Idx,FID
[8*]CC,0,86
[9*]n1c2ccccc2c2cc3c4ccccc4n([9*])c3cc21,0,83
[9*]n1c2ccccc2c2cc3c4ccccc4n([9*])c3cc21,18,83
[16*]c1ccc([16*])cc1,0,0
[16*]c1ccc([16*])cc1,5,0
[14*]c1nc([14*])nc([14*])n1,0,3
[14*]c1nc([14*])nc([14*])n1,4,3
[14*]c1nc([14*])nc([14*])n1,7,3
[16*]c1ccccc1,0,0
[16*]c1ccc2c(=O)c3c([16*])cccc3sc2c1,0,237
[16*]c1ccc2c(=O)c3c([16*])cccc3sc2c1,9,580
[5*]N([5*])[5*],0,1
[5*]N([5*])[5*],2,1
[5*]N([5*])[5*],3,1
[14*]c1nc2ccc([16*])cc2nc1[14*],0,31
[14*]c1nc2ccc([16*])cc2nc1[14*],7,131
[14*]c1nc2ccc([16*])cc2nc1[14*],12,31
[3*]OC,0,8
[16*]c1ccc(C#Cc2ccc(C#Cc3ccc([16*])cc3)c3nccnc23)cc1,0,71
[16*]c1ccc(C#Cc2ccc(C#Cc3ccc([16*])cc3)c3nccnc23)cc1,17,71
[3*]O[3*],0,9
[3*]O[3*],2,9
[9*]n1c2ccc([16*])cc2c2cc([16*])ccc21,0,2
[9*]n1c2ccc([16*])cc2c2cc([16*])ccc21,6,4
[9*]n1c2ccc([16*])cc2c2cc([16*])ccc21,12,4
[9*]n1c2ccccc2c2ccccc21,0,2
[9*]n1c2ccccc2c2cc([16*])ccc21,0,2
[9*]n1c2ccccc2c2cc([16*])ccc21,11,4
[14*]c1nc2ccc([16*])cn2n1,0,146
[14*]c1nc2ccc([16*])cn2n1,7,368
[16*]c1ccc2c(c1)c1cc([16*])ccc1c1nc(C#N)c(C#N)nc21,0,53
[16*]c1ccc2c(c1)c1cc([16*])ccc1c1nc(C#N)c(C#N)nc21,10,53
[5*]N1c2ccccc2Sc2ccccc21,0,23
[16*]c1ccc2c3ccccc3c3ccccc3c2c1,0,94
[16*]c1ccc2c(c1)C1(c3ccccc3Oc3ccccc31)c1ccccc1-2,0,382
[5*]N1c2ccccc2C(C)(C)c2ccccc21,0,6
[16*]c1ccc2c(c1)Oc1cccc3c1B2c1ccc([16*])cc1O3,0,213
[16*]c1ccc2c(c1)Oc1cccc3c1B2c1ccc([16*])cc1O3,19,213
[16*]c1cc([16*])cc(C#N)c1,0,27
[16*]c1cc([16*])cc(C#N)c1,4,27
[16*]c1ccc(S(=O)(=O)c2ccc([16*])cc2)cc1,0,46
[16*]c1ccc(S(=O)(=O)c2ccc([16*])cc2)cc1,12,46
[5*]N1c2ccccc2[Si](c2ccccc2)(c2ccccc2)c2ccccc21,0,130
[4*]CCCCCCCCCC,0,81
[16*]c1cccc([16*])c1,0,0
[16*]c1cccc([16*])c1,6,0
[9*]n1c2ccccc2c2c3c(ccc21)-c1ccccc1C31c2ccccc2-c2ccccc21,0,172
[16*]c1ccc2c(c1)C(c1ccccc1)(c1ccccc1)c1ccccc1-2,0,330
[16*]c1ccc(C#N)c2ccccc12,0,285
[9*]n1c([14*])nc2c3ccccc3c3ccccc3c21,0,19
[9*]n1c([14*])nc2c3ccccc3c3ccccc3c21,3,18
[16*]c1cccc2ccccc12,0,41
[16*]c1cccc(C2(c3cccc([16*])c3)c3ccccc3Sc3ccccc32)c1,0,242
[16*]c1cccc(C2(c3cccc([16*])c3)c3ccccc3Sc3ccccc32)c1,12,242
[16*]c1ccccc1[16*],0,0
[16*]c1ccccc1[16*],7,0
[14*]c1nc2c3ccccc3c3ccccc3c2o1,0,128
[16*]c1ccc([Si](c2ccccc2)(c2ccccc2)c2ccc([16*])cc2)cc1,0,61
[16*]c1ccc([Si](c2ccccc2)(c2ccccc2)c2ccc([16*])cc2)cc1,22,61
[16*]c1cccc2c1sc1ccccc12,0,43
[14*]c1cc([14*])nc([14*])n1,0,11
[14*]c1cc([14*])nc([14*])n1,4,11
[14*]c1cc([14*])nc([14*])n1,7,24
[16*]c1cccc([16*])c1C#N,0,21
[16*]c1cccc([16*])c1C#N,6,21
[4*]CC,0,26
[16*]c1ccc2cc([16*])c(=O)oc2c1,0,133
[16*]c1ccc2cc([16*])c(=O)oc2c1,7,136
[16*]c1ccc(C)cc1,0,17
[7*]=CC1=C(C#N)C(=[7*])OC1(C)C,0,142
[7*]=CC1=C(C#N)C(=[7*])OC1(C)C,7,149
[7*]=C(C#N)C#N,0,50
[7*]=Cc1ccc([16*])cc1,0,28
[7*]=Cc1ccc([16*])cc1,6,17
[8*]CCCC,0,38
[9*]n1c([14*])nc2nc3c(cc21)nc([14*])n3[9*],0,110
[9*]n1c([14*])nc2nc3c(cc21)nc([14*])n3[9*],3,113
[9*]n1c([14*])nc2nc3c(cc21)nc([14*])n3[9*],13,116
[9*]n1c([14*])nc2nc3c(cc21)nc([14*])n3[9*],15,122
[16*]c1ccc2c(c1)B1c3cc([16*])ccc3Oc3cccc(c31)O2,0,69
[16*]c1ccc2c(c1)B1c3cc([16*])ccc3Oc3cccc(c31)O2,11,69
[8*]CCCCCCCC,0,105
[10*]N1C(=O)c2cccc3c([16*])ccc(c23)C1=O,0,58
[10*]N1C(=O)c2cccc3c([16*])ccc(c23)C1=O,10,67
[7*]=Cc1ccc([14*])s1,0,76
[7*]=Cc1ccc([14*])s1,6,74
[6*]C(=O)C=[7*],0,120
[6*]C(=O)C=[7*],4,117
[7*]=C(O)c1ccc([16*])cc1,0,307
[7*]=C(O)c1ccc([16*])cc1,7,328
[5*]N1c2ccccc2Oc2ccccc21,0,10
[16*]c1ccc(C#N)c(C)c1,0,386
[16*]c1c2ccccc2c([16*])c2ccccc12,0,12
[16*]c1c2ccccc2c([16*])c2ccccc12,9,12
[8*]CC(CCCCCCCCCC)CCCCCCCCCCCC,0,371
[9*]n1c2ccccc2c2cc3c(cc21)-c1ccccc1S3(=O)=O,0,441
[16*]c1c(C#N)c(C)nc(C)c1C#N,0,139
[6*]C([6*])=O,0,7
[6*]C([6*])=O,2,7
[16*]c1ccc2oc3ccccc3c2c1,0,62
[14*]c1nc2ccccc2nc1[14*],0,31
[14*]c1nc2ccccc2nc1[14*],11,31
[14*]c1nc2ccncc2nc1[14*],0,435
[14*]c1nc2ccncc2nc1[14*],11,393
[14*]c1nnc([14*])o1,0,44
[14*]c1nnc([14*])o1,5,44
[7*]=C1SC(=S)N([10*])C1=O,0,340
[7*]=C1SC(=S)N([10*])C1=O,6,381
[5*]N1c2ccccc2CCc2ccccc21,0,150
[16*]c1ccc([16*])c(C#N)c1,0,27
[16*]c1ccc([16*])c(C#N)c1,5,21
[9*]n1c2ccc([16*])cc2c2cc3c4ccccc4n4c5ccccc5c(c21)c34,0,387
[9*]n1c2ccc([16*])cc2c2cc3c4ccccc4n4c5ccccc5c(c21)c34,6,573
[16*]c1cc(C)c([16*])cc1C,0,63
[16*]c1cc(C)c([16*])cc1C,6,63
[5*]N1c2ccccc2C2(c3ccccc3-c3ccccc32)c2cc([16*])ccc21,0,42
[5*]N1c2ccccc2C2(c3ccccc3-c3ccccc32)c2cc([16*])ccc21,24,161
[14*]c1cc([14*])n2nc3ccccc3c2n1,0,230
[14*]c1cc([14*])n2nc3ccccc3c2n1,4,241
[14*]c1cc([16*])cc([14*])n1,0,14
[14*]c1cc([16*])cc([14*])n1,4,32
[14*]c1cc([16*])cc([14*])n1,7,14
[7*]=C(C#N)c1ccccc1,0,411
[9*]n1nc([14*])nc1[14*],0,121
[9*]n1nc([14*])nc1[14*],4,137
[9*]n1nc([14*])nc1[14*],7,140
[14*]c1ccccn1,0,14
[16*]c1ccc2c(c1)C1(CC1)c1cc([16*])ccc1-2,0,292
[16*]c1ccc2c(c1)C1(CC1)c1cc([16*])ccc1-2,13,292
[16*]c1ccc(P(=O)(c2ccccc2)c2ccccc2)cc1P(=O)(c1ccccc1)c1ccccc1,0,537
[16*]c1ccncc1,0,32
[7*]=C(c1ccc([16*])cc1)c1ccc([16*])cc1,0,16
[7*]=C(c1ccc([16*])cc1)c1ccc([16*])cc1,6,30
[7*]=C(c1ccc([16*])cc1)c1ccc([16*])cc1,13,30
[8*]C(C)(C)C,0,5
[16*]c1cc2c3c(c1)Oc1ccc([16*])cc1B3c1cc([16*])ccc1O2,0,89
[16*]c1cc2c3c(c1)Oc1ccc([16*])cc1B3c1cc([16*])ccc1O2,12,69
[16*]c1cc2c3c(c1)Oc1ccc([16*])cc1B3c1cc([16*])ccc1O2,19,69
[16*]c1ccc([16*])c([16*])c1,0,0
[16*]c1ccc([16*])c([16*])c1,5,0
[16*]c1ccc([16*])c([16*])c1,7,0
[16*]c1cc2c3ccccc3n3c4ccccc4c(c1)c23,0,185
[16*]c1cnc(C#N)nc1,0,525
[16*]c1cc([16*])cc([16*])c1,0,0
[16*]c1cc([16*])cc([16*])c1,4,0
[16*]c1cc([16*])cc([16*])c1,7,0
[9*]n1cccn1,0,193
[9*]n1nccn1,0,221
[1*]C([6*])=O,0,39
[1*]C([6*])=O,2,7
[16*]c1c2c3c(ccc(F)c3c3cc4ccccc4cc13)N(C)C2=O,0,564
[11*]S[11*],0,45
[11*]S[11*],2,45
[14*]c1sc2c(sc3c([16*])c([14*])sc32)c1[16*],0,57
[14*]c1sc2c(sc3c([16*])c([14*])sc32)c1[16*],8,96
[14*]c1sc2c(sc3c([16*])c([14*])sc32)c1[16*],10,57
[14*]c1sc2c(sc3c([16*])c([14*])sc32)c1[16*],14,96
[14*]c1cc2sccc2s1,0,264
[9*]n1c2ccc(C)cc2c2cc(C)ccc21,0,151
[16*]c1ccc(C#N)cc1,0,15
[14*]c1ccc([14*])s1,0,13
[14*]c1ccc([14*])s1,5,13
[16*]c1ccc2ccc3cccc4ccc1c2c34,0,20
[14*]c1nc2cc([16*])c(F)cc2nc1[14*],0,267
[14*]c1nc2cc([16*])c(F)cc2nc1[14*],6,409
[14*]c1nc2cc([16*])c(F)cc2nc1[14*],13,253
[16*]c1ccc2c(c1)oc1cc(P(=O)(c3ccccc3)c3ccccc3)ccc12,0,321
[16*]c1ccc(C2(c3ccc([16*])cc3)c3ccccc3-c3ccccc32)cc1,0,78
[16*]c1ccc(C2(c3ccc([16*])cc3)c3ccccc3-c3ccccc32)cc1,10,78
[14*]c1nc([14*])c(C#N)c([16*])c1C#N,0,37
[14*]c1nc([14*])c(C#N)c([16*])c1C#N,4,37
[14*]c1nc([14*])c(C#N)c([16*])c1C#N,9,60
[16*]c1cccnc1,0,33
[16*]c1cc(C)c([16*])c(C)c1,0,195
[16*]c1cc(C)c([16*])c(C)c1,6,189
[10*]N1C(=O)c2cccc3cccc(c23)C1=O,0,58
[16*]c1ccc([16*])c(C)c1,0,36
[16*]c1ccc([16*])c(C)c1,5,29
[16*]c1cccc([16*])c1[16*],0,0
[16*]c1cccc([16*])c1[16*],6,0
[16*]c1cccc([16*])c1[16*],8,0
[16*]c1cc2c3c([16*])c4cc(Cl)c(Cl)cc4c([16*])c3c3cc([16*])cc4c5c([16*])c6cc(Cl)c(Cl)cc6c([16*])c5c(c1)c2c34,0,436
[16*]c1cc2c3c([16*])c4cc(Cl)c(Cl)cc4c([16*])c3c3cc([16*])cc4c5c([16*])c6cc(Cl)c(Cl)cc6c([16*])c5c(c1)c2c34,6,212
[16*]c1cc2c3c([16*])c4cc(Cl)c(Cl)cc4c([16*])c3c3cc([16*])cc4c5c([16*])c6cc(Cl)c(Cl)cc6c([16*])c5c(c1)c2c34,16,212
[16*]c1cc2c3c([16*])c4cc(Cl)c(Cl)cc4c([16*])c3c3cc([16*])cc4c5c([16*])c6cc(Cl)c(Cl)cc6c([16*])c5c(c1)c2c34,21,436
[16*]c1cc2c3c([16*])c4cc(Cl)c(Cl)cc4c([16*])c3c3cc([16*])cc4c5c([16*])c6cc(Cl)c(Cl)cc6c([16*])c5c(c1)c2c34,26,212
[16*]c1cc2c3c([16*])c4cc(Cl)c(Cl)cc4c([16*])c3c3cc([16*])cc4c5c([16*])c6cc(Cl)c(Cl)cc6c([16*])c5c(c1)c2c34,36,212
[16*]c1ccc2c(c1)C(C)(C)c1ccccc1S2(=O)=O,0,198
[7*]=Cc1ccccc1,0,28
[7*]=Cc1ccnc([14*])c1,0,433
[7*]=Cc1ccnc([14*])c1,7,358
[16*]c1ccc(C#N)cc1[16*],0,15
[16*]c1ccc(C#N)cc1[16*],9,27
[16*]c1c([16*])c([16*])c([16*])c([16*])c1[16*],0,0
[16*]c1c([16*])c([16*])c([16*])c([16*])c1[16*],3,0
[16*]c1c([16*])c([16*])c([16*])c([16*])c1[16*],5,0
[16*]c1c([16*])c([16*])c([16*])c([16*])c1[16*],7,0
[16*]c1c([16*])c([16*])c([16*])c([16*])c1[16*],9,0
[16*]c1c([16*])c([16*])c([16*])c([16*])c1[16*],11,0
[14*]c1nc([14*])c2ccccc2n1,0,191
[14*]c1nc([14*])c2ccccc2n1,4,226
[14*]c1cc([14*])nc(C#N)n1,0,343
[14*]c1cc([14*])nc(C#N)n1,4,343
[14*]c1ncc([16*])cn1,0,24
[14*]c1ncc([16*])cn1,5,98
[16*]c1ccc2c(c1)c1ccccc1n2/C=C/c1ccccc1,0,171
[14*]c1nc2ccc(F)cc2nc1[14*],0,267
[14*]c1nc2ccc(F)cc2nc1[14*],12,253
[16*]c1ccc2c(c1)C1(c3ccccc3-2)c2ccccc2S(=O)(=O)c2ccccc21,0,377
[16*]c1ccc2ccccc2c1,0,97
[16*]c1ccc2c(c1)-c1cc([16*])ccc1C2=O,0,158
[16*]c1ccc2c(c1)-c1cc([16*])ccc1C2=O,10,158
[14*]c1nc2cc([16*])cnc2nc1[14*],0,123
[14*]c1nc2cc([16*])cnc2nc1[14*],6,134
[14*]c1nc2cc([16*])cnc2nc1[14*],12,114
[4*]CCCC,0,72
[7*]=Cc1ccc2nc(C=[7*])c([14*])nc2c1,0,229
[7*]=Cc1ccc2nc(C=[7*])c([14*])nc2c1,9,262
[7*]=Cc1ccc2nc(C=[7*])c([14*])nc2c1,11,248
[7*]=CC1=C(C#N)C(=[7*])OC1([13*])C,0,259
[7*]=CC1=C(C#N)C(=[7*])OC1([13*])C,7,246
[7*]=CC1=C(C#N)C(=[7*])OC1([13*])C,10,247
[5*]N1c2ccccc2C2(c3ccccc3-c3cccc([16*])c32)c2ccccc21,0,42
[5*]N1c2ccccc2C2(c3ccccc3-c3cccc([16*])c32)c2ccccc21,20,254
[14*]c1ccc2cccnc2n1,0,70
[16*]c1ccc2c(c1)C1(c3ccccc3S(=O)(=O)c3ccccc31)c1cc([16*])ccc1S2(=O)=O,0,101
[16*]c1ccc2c(c1)C1(c3ccccc3S(=O)(=O)c3ccccc31)c1cc([16*])ccc1S2(=O)=O,26,101
[5*]N1c2ccccc2C(C)(C)C2C=CC=CC21,0,160
[16*]c1ccc(P(=O)(c2ccccc2)c2ccccc2)cc1,0,51
[15*]C1([15*])CCCCC1,0,111
[15*]C1([15*])CCCCC1,2,111
[16*]c1ccc(P(=S)(c2ccccc2)c2ccccc2)cc1,0,496
[9*]n1c2ccccc2c2cc(C3(c4c(F)c(F)nc(F)c4F)c4ccccc4-c4ccccc43)ccc21,0,486
[16*]c1ccc2c(c1)C(CC)(CC)c1ccccc1-2,0,511
[4*]CCCC[8*],0,72
[4*]CCCC[8*],5,38
[16*]c1ccc2c(c1)C(C)(C)c1ccccc1-2,0,56
[16*]c1cc2cccc3ccc4cccc1c4c32,0,84
[16*]c1ccc2c(=O)c3ccccc3oc2c1,0,569
[9*]n1c(=O)c2ccc([16*])cc2c2cc([16*])ccc2c1=O,0,464
[9*]n1c(=O)c2ccc([16*])cc2c2cc([16*])ccc2c1=O,8,284
[9*]n1c(=O)c2ccc([16*])cc2c2cc([16*])ccc2c1=O,14,284
[9*]n1c2ccccc2c2c1c1c3ccccc3n([9*])c1c1c3ccccc3n([9*])c21,0,55
[9*]n1c2ccccc2c2c1c1c3ccccc3n([9*])c1c1c3ccccc3n([9*])c21,18,55
[9*]n1c2ccccc2c2c1c1c3ccccc3n([9*])c1c1c3ccccc3n([9*])c21,28,55
[16*]c1ccc([16*])c2nsnc12,0,25
[16*]c1ccc([16*])c2nsnc12,5,25
[5*]N(C)C,0,66
[14*]c1cncc([14*])n1,0,22
[14*]c1cncc([14*])n1,6,22
[7*]=Cc1nc2c3ccccc3c3ccccc3c2n1[9*],0,91
[7*]=Cc1nc2c3ccccc3c3ccccc3c2n1[9*],19,106
[9*]n1c2ccccc2c2cc3sc4ccccc4c3cc21,0,581
[6*]C(=O)CCCC([6*])=O,0,339
[6*]C(=O)CCCC([6*])=O,7,339
[7*]=C(c1ccccc1)c1ccc([16*])cc1,0,16
[7*]=C(c1ccccc1)c1ccc([16*])cc1,12,30
[7*]=C(c1ccccc1)c1ccccc1,0,16
[16*]c1cccc2c3ccccc3n3c4ccccc4nc3c12,0,483
[13*]C1CC(c2ccc(Br)cc2)=NN1c1ccccc1,0,585
[16*]c1ccc2sc3ccccc3c2c1,0,90
[9*]n1c2ccccc2c2cc(C#N)ccc21,0,118
[9*]n1c2ccccc2c2cc([16*])c(C#N)c([16*])c21,0,418
[9*]n1c2ccccc2c2cc([16*])c(C#N)c([16*])c21,11,410
[9*]n1c2ccccc2c2cc([16*])c(C#N)c([16*])c21,16,327
[16*]c1ccc2c(c1)C1(CCCC1)c1cc([16*])ccc1-2,0,406
[16*]c1ccc2c(c1)C1(CCCC1)c1cc([16*])ccc1-2,15,406
[9*]n1c2ccccc2c2c1ccc1c3ccccc3n([9*])c12,0,295
[9*]n1c2ccccc2c2c1ccc1c3ccccc3n([9*])c12,20,309
[1*]C(=O)CCP1(=O)Oc2ccccc2-c2ccccc21,0,127
[4*]C[8*],0,65
[4*]C[8*],2,49
[14*]c1ccc([14*])o1,0,155
[14*]c1ccc([14*])o1,5,155
[16*]c1ccc(F)cc1,0,95
[5*]N1c2ccccc2C(C)(C)c2c1ccc1oc3ccccc3c21,0,503
[14*]c1ccc([16*])cn1,0,14
[14*]c1ccc([16*])cn1,5,33
[14*]c1nc2c([16*])ccc([16*])c2nc1[14*],0,31
[14*]c1nc2c([16*])ccc([16*])c2nc1[14*],5,92
[14*]c1nc2c([16*])ccc([16*])c2nc1[14*],9,92
[14*]c1nc2c([16*])ccc([16*])c2nc1[14*],13,31
[14*]c1cc([14*])n2ncnc2n1,0,168
[14*]c1cc([14*])n2ncnc2n1,4,156
[16*]c1ccc2c(c1)C(=O)C(C)(C)C2=O,0,438
[5*]N1c2ccc(C)cc2C2(c3ccccc3Oc3ccccc32)c2cc(C)ccc21,0,187
[5*]N1c2ccccc2C=Cc2ccccc21,0,186
[8*]C(F)(F)F,0,40
[14*]c1cnc([14*])cn1,0,22
[14*]c1cnc([14*])cn1,5,22
[16*]c1ccc(S(=O)(=O)c2ccc([16*])cn2)nc1,0,378
[16*]c1ccc(S(=O)(=O)c2ccc([16*])cn2)nc1,12,378
[16*]c1cccc2c1C(=O)c1ccccc1S2(=O)=O,0,396
[7*]=Cc1cc(Br)sc1C=[7*],0,278
[7*]=Cc1cc(Br)sc1C=[7*],9,426
[16*]c1cccc(C)c1,0,36
[16*]c1cc2c3ccccc3c([16*])cc2c2ccccc12,0,135
[16*]c1cc2c3ccccc3c([16*])cc2c2ccccc12,11,135
[14*]c1cc([14*])ncn1,0,11
[14*]c1cc([14*])ncn1,4,11
[14*]c1ncc([16*])c2nsnc12,0,273
[14*]c1ncc([16*])c2nsnc12,5,401
[16*]c1ccc(C2(c3ccccc3)c3ccccc3-c3ccccc32)c([16*])c1,0,78
[16*]c1ccc(C2(c3ccccc3)c3ccccc3-c3ccccc32)c([16*])c1,25,245
[5*]N[5*],0,1
[5*]N[5*],2,1
[8*]C(C)C,0,34
[16*]c1cc([16*])c([16*])c([16*])c1,0,0
[16*]c1cc([16*])c([16*])c([16*])c1,4,0
[16*]c1cc([16*])c([16*])c([16*])c1,6,0
[16*]c1cc([16*])c([16*])c([16*])c1,8,0
[9*]n1c2ccccc2n2c3ccccc3nc12,0,498
[14*]c1cccc([14*])n1,0,14
[14*]c1cccc([14*])n1,6,14
[16*]c1cc([16*])c(C)c([16*])c1,0,17
[16*]c1cc([16*])c(C)c([16*])c1,4,29
[16*]c1cc([16*])c(C)c([16*])c1,8,29
[16*]c1ccc(C2(c3c(F)c(F)nc(F)c3F)c3ccccc3-c3ccccc32)cc1,0,460
[16*]c1ccc(B(c2c(C)cc(C)cc2C)c2c(C)cc(C)cc2C)c([16*])c1,0,88
[16*]c1ccc(B(c2c(C)cc(C)cc2C)c2c(C)cc(C)cc2C)c([16*])c1,25,164
[16*]c1ccc2c(c1)P(=O)(c1ccccc1)c1cc([16*])ccc1-2,0,176
[16*]c1ccc2c(c1)P(=O)(c1ccccc1)c1cc([16*])ccc1-2,18,176
[16*]c1cc([16*])c(O)c([16*])c1,0,153
[16*]c1cc([16*])c(O)c([16*])c1,4,87
[16*]c1cc([16*])c(O)c([16*])c1,8,87
[9*]n1nc2ccc([16*])cc2n1,0,183
[9*]n1nc2ccc([16*])cc2n1,7,174
[16*]c1ccc2c(c1)C(C)(C)c1cc([16*])ccc1-2,0,56
[16*]c1ccc2c(c1)C(C)(C)c1cc([16*])ccc1-2,13,56
[9*]n1c([14*])nc([14*])c1[14*],0,364
[9*]n1c([14*])nc([14*])c1[14*],3,356
[9*]n1c([14*])nc([14*])c1[14*],6,331
[9*]n1c([14*])nc([14*])c1[14*],8,329
[9*]n1c2ccccc2c2ccc3c(c21)-c1ccccc1C31c2ccccc2-c2ccccc21,0,453
[16*]c1ccc2c(c1)c1cc([16*])cc3c4cc([16*])ccc4n2c13,0,215
[16*]c1ccc2c(c1)c1cc([16*])cc3c4cc([16*])ccc4n2c13,10,185
[16*]c1ccc2c(c1)c1cc([16*])cc3c4cc([16*])ccc4n2c13,16,215
[14*]c1cc(C#N)cc([14*])n1,0,162
[14*]c1cc(C#N)cc([14*])n1,8,162
[16*]c1ccc2nsnc2c1,0,115
[5*]N1CCCCCC1,0,571
[16*]c1cc([16*])c([16*])c(C#N)c1[16*],0,27
[16*]c1cc([16*])c([16*])c(C#N)c1[16*],4,27
[16*]c1cc([16*])c([16*])c(C#N)c1[16*],6,21
[16*]c1cc([16*])c([16*])c(C#N)c1[16*],11,21
[16*]c1ccc(S(=O)(=O)c2ccccc2[16*])cc1,0,46
[16*]c1ccc(S(=O)(=O)c2ccccc2[16*])cc1,14,165
[8*]CCCCCCCCCCC,0,125
[14*]c1sc2c(sc3c([16*])c(C4=CC5Sc6ccsc6C5S4)sc32)c1[16*],0,541
[14*]c1sc2c(sc3c([16*])c(C4=CC5Sc6ccsc6C5S4)sc32)c1[16*],8,472
[14*]c1sc2c(sc3c([16*])c(C4=CC5Sc6ccsc6C5S4)sc32)c1[16*],24,539
[14*]c1cc2sc3ccsc3c2s1,0,57
[16*]c1ccc(B(c2c(C)cc(C)cc2C)c2c(C)cc(C)cc2C)cc1,0,88
[14*]c1nc2cc(F)c(F)cc2nc1[14*],0,350
[14*]c1nc2cc(F)c(F)cc2nc1[14*],13,350
[5*]N1c2ccccc2C(C)(CC)c2ccccc21,0,584
[16*]c1cc([16*])c2ccc3c([16*])cc([16*])c4ccc1c2c43,0,20
[16*]c1cc([16*])c2ccc3c([16*])cc([16*])c4ccc1c2c43,4,20
[16*]c1cc([16*])c2ccc3c([16*])cc([16*])c4ccc1c2c43,10,20
[16*]c1cc([16*])c2ccc3c([16*])cc([16*])c4ccc1c2c43,13,20
[5*]N1c2ccc([16*])cc2SC2C=CC=CC21,0,515
[5*]N1c2ccc([16*])cc2SC2C=CC=CC21,6,522
[16*]c1cccc2nc3ccccc3cc12,0,269
[9*]n1c([14*])nc2ccccc21,0,54
[9*]n1c([14*])nc2ccccc21,3,59
[16*]c1c2c3c(ccc([N+](=O)[O-])c3c3cc4ccccc4cc13)N(C)C2=O,0,554
[16*]c1cc([16*])c(B2c3ccccc3Oc3cc([16*])ccc32)c([16*])c1,0,311
[16*]c1cc([16*])c(B2c3ccccc3Oc3cc([16*])ccc32)c([16*])c1,4,210
[16*]c1cc([16*])c(B2c3ccccc3Oc3cc([16*])ccc32)c([16*])c1,17,326
[16*]c1cc([16*])c(B2c3ccccc3Oc3cc([16*])ccc32)c([16*])c1,22,210
[16*]c1cccc2c1oc1ccccc12,0,75
[16*]c1ccc2c(c1)-c1cc([16*])ccc1P2(=O)c1ccccc1,0,93
[16*]c1ccc2c(c1)-c1cc([16*])ccc1P2(=O)c1ccccc1,10,93
[9*]n1c([14*])nc2c3cccc4ccc5cccc(c5c43)c21,0,207
[9*]n1c([14*])nc2c3cccc4ccc5cccc(c5c43)c21,3,181
[16*]c1cccc(P(=O)(c2ccccc2)c2ccccc2)c1,0,112
[16*]c1ccc2c(oc3cc(P(=O)(c4ccccc4)c4ccccc4)ccc32)c1P(=O)(c1ccccc1)c1ccccc1,0,279
[16*]c1ccc2c(c1)-c1ccccc1C21c2ccccc2-c2ccccc21,0,494
[16*]c1ccc([16*])c2ccccc12,0,41
[16*]c1ccc([16*])c2ccccc12,5,41
[9*]n1c2c(C)cc(C)cc2c2cc(C)cc(C)c21,0,192
[5*]N1c2ccc([16*])cc2B(c2c([16*])cc([16*])cc2[16*])c2cc([16*])ccc21,0,143
[5*]N1c2ccc([16*])cc2B(c2c([16*])cc([16*])cc2[16*])c2cc([16*])ccc21,6,80
[5*]N1c2ccc([16*])cc2B(c2c([16*])cc([16*])cc2[16*])c2cc([16*])ccc21,12,82
[5*]N1c2ccc([16*])cc2B(c2c([16*])cc([16*])cc2[16*])c2cc([16*])ccc21,15,148
[5*]N1c2ccc([16*])cc2B(c2c([16*])cc([16*])cc2[16*])c2cc([16*])ccc21,18,82
[5*]N1c2ccc([16*])cc2B(c2c([16*])cc([16*])cc2[16*])c2cc([16*])ccc21,22,80
[5*]N1c2ccccc2C(c2ccccc2)(c2ccccc2)c2ccccc21,0,35
[7*]=Cc1ccsc1C=[7*],0,280
[7*]=Cc1ccsc1C=[7*],8,318
[5*]N1c2ccc([16*])cc2C(C)(C)c2cc([16*])ccc21,0,6
[5*]N1c2ccc([16*])cc2C(C)(C)c2cc([16*])ccc21,6,47
[5*]N1c2ccc([16*])cc2C(C)(C)c2cc([16*])ccc21,15,47
[7*]=C(c1ccccc1)c1ccc2c(c1)c1ccccc1n2[9*],0,209
[7*]=C(c1ccccc1)c1ccc2c(c1)c1ccccc1n2[9*],21,190
[14*]c1cc([16*])ccn1,0,14
[14*]c1cc([16*])ccn1,4,32
[16*]c1ccc2c(c1)sc1ccccc12,0,572
[9*]n1nc(C)c2c(=O)oc3ccc([16*])cc3c21,0,201
[9*]n1nc(C)c2c(=O)oc3ccc([16*])cc3c21,13,220
[9*]n1c2ccccc2c2c3ccccc3sc21,0,518
[16*]c1ccc(C#N)c2nsnc12,0,399
[16*]c1ccc2nc3c4ccc([16*])cc4c4cc([16*])ccc4c3nc2c1,0,73
[16*]c1ccc2nc3c4ccc([16*])cc4c4cc([16*])ccc4c3nc2c1,11,48
[16*]c1ccc2nc3c4ccc([16*])cc4c4cc([16*])ccc4c3nc2c1,17,48
[16*]c1c(F)c(F)c([16*])c2nsnc12,0,100
[16*]c1c(F)c(F)c([16*])c2nsnc12,7,100
[16*]c1cc([16*])c(C#N)c([16*])c1,0,15
[16*]c1cc([16*])c(C#N)c([16*])c1,4,21
[16*]c1cc([16*])c(C#N)c([16*])c1,9,21
[16*]c1ccc2cc3cc([16*])ccc3cc2c1,0,170
[16*]c1ccc2cc3cc([16*])ccc3cc2c1,9,170
[16*]c1ccc(P(=O)(c2ccccc2)c2ccccc2)cc1C,0,542
[16*]c1c2ccccc2cc2ccccc12,0,12
[9*]n1c2ccccc2c2cc3c4ccccc4n([9*])c3c([16*])c21,0,83
[9*]n1c2ccccc2c2cc3c4ccccc4n([9*])c3c([16*])c21,18,83
[9*]n1c2ccccc2c2cc3c4ccccc4n([9*])c3c([16*])c21,21,552
[16*]c1ccc2c(c1)C1(c3ccccc3-c3ccccc31)c1cc([16*])ccc1-2,0,194
[16*]c1ccc2c(c1)C1(c3ccccc3-c3ccccc31)c1cc([16*])ccc1-2,23,194
[7*]=C(C#N)c1cccs1,0,308
[16*]c1ccc2c(c1)c1cc(C#N)cc3c4cc([16*])ccc4n2c13,0,184
[16*]c1ccc2c(c1)c1cc(C#N)cc3c4cc([16*])ccc4n2c13,17,184
[16*]c1ccnc2ccccc12,0,565
[9*]n1ccc2cc([16*])ccc21,0,257
[9*]n1ccc2cc([16*])ccc21,7,252
[16*]c1c2ccccc2nc2ccccc12,0,578
[16*]c1ccc2c(c1)S(=O)(=O)c1ccccc1C2=O,0,223
[14*]c1cccs1,0,13
[16*]c1cc(F)cc(F)c1,0,109
[14*]c1ncccn1,0,24
[9*]n1cncn1,0,121
[9*]n1c2ccccc2c2c3oc4ccccc4c3ccc21,0,159
[9*]n1c2ccccc2c2cc3c(cc21)C(C)(C)c1ccccc1-3,0,124
[16*]c1ccc(/C=N/c2ccc([16*])cc2)cc1,0,530
[16*]c1ccc(/C=N/c2ccc([16*])cc2)cc1,11,512
[14*]c1cn2nc([14*])sc2n1,0,233
[14*]c1cn2nc([14*])sc2n1,6,255
[16*]c1ccc(C=C)cc1,0,200
[5*]N1C2=CC=CCC2c2cc([16*])ccc21,0,419
[5*]N1C2=CC=CCC2c2cc([16*])ccc21,11,404
[7*]=Cc1c(C)cc([16*])cc1C,0,484
[7*]=Cc1c(C)cc([16*])cc1C,7,567
[5*]N(C=C(c1ccc([16*])cc1)c1ccc([16*])cc1)C=C(c1ccc([16*])cc1)c1ccc([16*])cc1,0,570
[5*]N(C=C(c1ccc([16*])cc1)c1ccc([16*])cc1)C=C(c1ccc([16*])cc1)c1ccc([16*])cc1,8,217
[5*]N(C=C(c1ccc([16*])cc1)c1ccc([16*])cc1)C=C(c1ccc([16*])cc1)c1ccc([16*])cc1,15,217
[5*]N(C=C(c1ccc([16*])cc1)c1ccc([16*])cc1)C=C(c1ccc([16*])cc1)c1ccc([16*])cc1,24,217
[5*]N(C=C(c1ccc([16*])cc1)c1ccc([16*])cc1)C=C(c1ccc([16*])cc1)c1ccc([16*])cc1,31,217
[14*]c1nc2ccccn2c1[14*],0,232
[14*]c1nc2ccccn2c1[14*],10,231
[16*]c1c(C)c(C)c(B(c2c(C)c(C)c([16*])c(C)c2C)c2c(C)c(C)c(C#N)c(C)c2C)c(C)c1C,0,302
[16*]c1c(C)c(C)c(B(c2c(C)c(C)c([16*])c(C)c2C)c2c(C)c(C)c(C#N)c(C)c2C)c(C)c1C,14,302
[1*]C(=O)C=C,0,202
[4*]CCCCCC[4*],0,79
[4*]CCCCCC[4*],7,79
[16*]c1ccc(/N=N/c2ccc([16*])cc2C)cc1,0,182
[16*]c1ccc(/N=N/c2ccc([16*])cc2C)cc1,11,199
[4*]CCCCCCCCCCCCCCCCCCC,0,563
[14*]c1cc([16*])c([14*])s1,0,13
[14*]c1cc([16*])c([14*])s1,4,77
[14*]c1cc([16*])c([14*])s1,6,13
[4*]CCCCCCCCCCCCCCCCCC,0,446
[16*]c1ccc2c(c1)c1ccccc1c1nc3cc(C#N)c(C#N)cc3nc21,0,372
[16*]c1ccc2c(c1)C1(Cc3ccccc3C1)c1cc([16*])ccc1-2,0,376
[16*]c1ccc2c(c1)C1(Cc3ccccc3C1)c1cc([16*])ccc1-2,19,376
[16*]c1ccc(S(=O)(=O)c2cccc([16*])c2)cc1,0,46
[16*]c1ccc(S(=O)(=O)c2cccc([16*])c2)cc1,13,104
[16*]c1c2ccccc2c([16*])c2nsnc12,0,52
[16*]c1c2ccccc2c([16*])c2nsnc12,9,52
[16*]c1ccc2c(c1)C1(c3ccccc3-c3ccccc31)c1ccccc1C21c2ccccc2-c2ccccc21,0,300
[16*]c1ccc2c(c1)C(=O)c1ccccc1-2,0,166
[16*]c1cc(P(=O)(c2ccccc2)c2ccccc2)c2[nH]c3c(P(=O)(c4ccccc4)c4ccccc4)cc([16*])cc3c2c1,0,428
[16*]c1cc(P(=O)(c2ccccc2)c2ccccc2)c2[nH]c3c(P(=O)(c4ccccc4)c4ccccc4)cc([16*])cc3c2c1,38,428
[16*]c1cccc(S(=O)(=O)c2ccccc2[16*])c1,0,104
[16*]c1cccc(S(=O)(=O)c2ccccc2[16*])c1,15,165
[7*]=CC,0,144
[7*]=CC(=[7*])C(C)(C)C,0,303
[7*]=CC(=[7*])C(C)(C)C,3,392
[7*]=Cc1cn([9*])c2ccc([16*])cc12,0,275
[7*]=Cc1cn([9*])c2ccc([16*])cc12,5,437
[7*]=Cc1cn([9*])c2ccc([16*])cc12,10,305
[14*]c1nc(C#N)c(C#N)nc1[14*],0,216
[14*]c1nc(C#N)c(C#N)nc1[14*],11,216
[16*]c1cc(C)c(B2c3ccccc3B(c3c(C)cc([16*])cc3C)c3ccccc32)c(C)c1,0,211
[16*]c1cc(C)c(B2c3ccccc3B(c3c(C)cc([16*])cc3C)c3ccccc32)c(C)c1,19,211
[16*]c1ccc2c(c1)c1ccccc1n1ccnc21,0,576
[16*]c1ccc(P(=O)(c2ccc([16*])cc2)c2ccc([16*])cc2)cc1,0,51
[16*]c1ccc(P(=O)(c2ccc([16*])cc2)c2ccc([16*])cc2)cc1,11,51
[16*]c1ccc(P(=O)(c2ccc([16*])cc2)c2ccc([16*])cc2)cc1,18,51
[5*]N1c2ccccc2C2(c3ccccc3-c3ccccc32)c2ccccc21,0,42
[14*]c1cc(C#N)ccn1,0,162
[16*]c1cc2c3c(c1)Oc1ccccc1B3c1ccccc1O2,0,89
[16*]c1c(F)c(F)c([16*])c(F)c1F,0,126
[16*]c1c(F)c(F)c([16*])c(F)c1F,7,126
[16*]c1ccc(S(=O)(=O)c2ccccc2)cc1,0,46
[5*]N1c2ccccc2C2(c3ccccc31)c1ccccc1N([5*])c1ccccc12,0,431
[5*]N1c2ccccc2C2(c3ccccc31)c1ccccc1N([5*])c1ccccc12,22,431
[16*]c1c(C)cc(P(=O)(c2ccccc2)c2ccccc2)cc1C,0,534
[9*]n1c2ccccc2c2c3sc4ccccc4c3ccc21,0,214
[5*]N1c2ccccc2C(C)(C)c2cc([16*])ccc21,0,6
[5*]N1c2ccccc2C(C)(C)c2cc([16*])ccc21,14,47
[16*]c1cnc2nc3c4ccc([16*])cc4c4cc([16*])ccc4c3nc2c1,0,440
[16*]c1cnc2nc3c4ccc([16*])cc4c4cc([16*])ccc4c3nc2c1,11,374
[16*]c1cnc2nc3c4ccc([16*])cc4c4cc([16*])ccc4c3nc2c1,17,422
[16*]c1cccc2c1-c1ccccc1C2=O,0,520
[5*]N1C2=CC=CCC2C(c2ccccc2)(c2ccccc2)c2ccccc21,0,250
[16*]c1ccnc2c1ccc1c([16*])ccnc12,0,405
[16*]c1ccnc2c1ccc1c([16*])ccnc12,11,405
[5*]N1c2ccccc2N([5*])c2ccccc21,0,179
[5*]N1c2ccccc2N([5*])c2ccccc21,9,179
[9*]n1c2ccc(C#N)cc2c2cc(C#N)ccc21,0,173
[16*]c1cccc(C#N)c1[16*],0,27
[16*]c1cccc(C#N)c1[16*],9,21
[16*]c1ccc2c(c1)S(=O)(=O)c1cccc([16*])c1C2=O,0,223
[16*]c1ccc2c(c1)S(=O)(=O)c1cccc([16*])c1C2=O,15,396
[4*]CCCCCCCCCCCCCC,0,345
[16*]c1ccc2c(c1)c(=O)c1cccc3c(=O)c4ccccc4n2c31,0,555
[7*]=Cc1ccc(B(c2c(C)cc(C)cc2C)c2c(C)cc(C)cc2C)cc1,0,562
[5*]N1c2ccccc2S(=O)(=O)c2ccc([16*])cc21,0,107
[5*]N1c2ccccc2S(=O)(=O)c2ccc([16*])cc21,15,341
[16*]c1ccc2c(c1)-c1ccccc1S2(=O)=O,0,169
[9*]n1c2ccccc2c2ccc3c4ccccc4oc3c21,0,282
[16*]c1cc(Br)c2c3c1Oc1ccccc1B3c1ccccc1O2,0,344
[9*]n1c2cc(C)ccc2c2ccc(C)cc21,0,337
[5*]N1c2ccccc2S(=O)(=O)c2cc([16*])ccc21,0,107
[5*]N1c2ccccc2S(=O)(=O)c2cc([16*])ccc21,14,384
[16*]c1ccccc1C,0,29
[16*]c1ccc2c(ccc3nc4ccc5cc([16*])ccc5c4nc32)c1,0,64
[16*]c1ccc2c(ccc3nc4ccc5cc([16*])ccc5c4nc32)c1,16,64
[14*]c1nnc([14*])c([14*])n1,0,388
[14*]c1nnc([14*])c([14*])n1,5,430
[14*]c1nnc([14*])c([14*])n1,7,296
[4*]CCCCCCCCC,0,322
[16*]c1ccc2ccc3ccc([16*])c4ccc1c2c34,0,20
[16*]c1ccc2ccc3ccc([16*])c4ccc1c2c34,11,20
[16*]c1ccc2c(c1)C1(c3ccccc3-c3ccccc31)c1ccccc1S2(=O)=O,0,251
[14*]c1ccc2ccc3ccc([14*])nc3c2n1,0,353
[14*]c1ccc2ccc3ccc([14*])nc3c2n1,11,353
[16*]c1cc([16*])c(C#N)c([16*])c1[16*],0,15
[16*]c1cc([16*])c(C#N)c([16*])c1[16*],4,21
[16*]c1cc([16*])c(C#N)c([16*])c1[16*],9,21
[16*]c1cc([16*])c(C#N)c([16*])c1[16*],11,27
[16*]c1cc2ccccc2c2ccccc12,0,445
[8*]C(F)(F)CC(F)(F)C(F)(F)F,0,316
[14*]c1cnc2cc([16*])ccc2n1,0,31
[14*]c1cnc2cc([16*])ccc2n1,7,131
[9*]n1c2c(c3ccccc31)C1(C3=C(c4ccccc41)C(c1ccccc1)(c1ccccc1)c1ccccc13)c1ccccc1-2,0,526
[16*]c1ccc(O)c([16*])c1C,0,442
[16*]c1ccc(O)c([16*])c1C,7,491
[14*]c1cnc([14*])o1,0,286
[14*]c1cnc([14*])o1,5,313
[15*]C1C=CC=CC1,0,514
[9*]n1c2cc([16*])c([16*])cc2c2cc([16*])c([16*])cc21,0,2
[9*]n1c2cc([16*])c([16*])cc2c2cc([16*])c([16*])cc21,5,68
[9*]n1c2cc([16*])c([16*])cc2c2cc([16*])c([16*])cc21,7,4
[9*]n1c2cc([16*])c([16*])cc2c2cc([16*])c([16*])cc21,13,4
[9*]n1c2cc([16*])c([16*])cc2c2cc([16*])c([16*])cc21,15,68
[16*]c1ccc2oc3ccc([16*])cc3c2c1,0,62
[16*]c1ccc2oc3ccc([16*])cc3c2c1,10,62
[16*]c1ccc2c(c1)C(C)(C)c1cc(C#N)ccc1-2,0,243
[14*]c1ccc(B(c2c(C)cc(C)cc2C)c2c(C)cc(C)cc2C)s1,0,546
[14*]c1cc(C#N)nc([14*])n1,0,463
[14*]c1cc(C#N)nc([14*])n1,8,457
[16*]c1ccccc1S(=O)(=O)c1ccccc1[16*],0,165
[16*]c1ccccc1S(=O)(=O)c1ccccc1[16*],16,165
[16*]c1c(F)c([16*])c(C#N)c([16*])c1C#N,0,304
[16*]c1c(F)c([16*])c(C#N)c([16*])c1C#N,5,304
[16*]c1c(F)c([16*])c(C#N)c([16*])c1C#N,10,462
[9*]n1c2ccccc2c2cc3c(cc21)C1(c2ccccc2-c2ccccc21)c1ccccc1-3,0,222
[9*]n1c([14*])nc2c1C1CC=Cc3ccc4cccc-2c4c31,0,180
[9*]n1c([14*])nc2c1C1CC=Cc3ccc4cccc-2c4c31,3,227
[14*]c1nc2c3cccnc3c3ncccc3c2[nH]1,0,99
[16*]c1ccsc1,0,77
[7*]=CC1=CC(=[7*])C=C(C(C)(C)C)O1,0,342
[7*]=CC1=CC(=[7*])C=C(C(C)(C)C)O1,5,289
[1*]C(=O)C(=[7*])C#N,0,349
[1*]C(=O)C(=[7*])C#N,4,271
[4*]CCCCC([8*])([8*])[8*],0,489
[4*]CCCCC([8*])([8*])[8*],6,249
[4*]CCCCC([8*])([8*])[8*],7,249
[4*]CCCCC([8*])([8*])[8*],8,249
[4*]CC[4*],0,26
[4*]CC[4*],3,26
[4*]C([8*])([8*])[8*],0,65
[4*]C([8*])([8*])[8*],2,49
[4*]C([8*])([8*])[8*],3,49
[4*]C([8*])([8*])[8*],4,49
[16*]c1ccc2c(c1)S(=O)(=O)c1cc([16*])ccc1C2=O,0,223
[16*]c1ccc2c(c1)S(=O)(=O)c1cc([16*])ccc1C2=O,13,223
[6*]C(=O)CCC([6*])=O,0,385
[6*]C(=O)CCC([6*])=O,6,385
[16*]c1cccc2nc3c4ccccc4c4ccccc4c3nc12,0,129
[16*]c1cncc([16*])c1C#N,0,102
[16*]c1cncc([16*])c1C#N,6,102
[16*]c1cc([16*])c([16*])cc1[16*],0,0
[16*]c1cc([16*])c([16*])cc1[16*],4,0
[16*]c1cc([16*])c([16*])cc1[16*],6,0
[16*]c1cc([16*])c([16*])cc1[16*],9,0
[16*]c1ccc2c(c1)c1cc([16*])ccc1n2/C=C/c1ccccc1,0,171
[16*]c1ccc2c(c1)c1cc([16*])ccc1n2/C=C/c1ccccc1,10,171
[14*]c1ncc(C#N)cn1,0,488
[16*]c1ccc2c(c1)c1ccccc1c1nc(C#N)c(C#N)nc21,0,53
[16*]c1cccc(S(=O)(=O)c2cccc([16*])c2)c1,0,104
[16*]c1cccc(S(=O)(=O)c2cccc([16*])c2)c1,14,104
[9*]n1c2ccccc2c2cc(C3(c4ccccc4)c4ccccc4-c4ccccc43)ccc21,0,434
[14*]c1ccc2ccccc2n1,0,283
[16*]c1c([16*])c([16*])c(C#N)c([16*])c1[16*],0,15
[16*]c1c([16*])c([16*])c(C#N)c([16*])c1[16*],3,27
[16*]c1c([16*])c([16*])c(C#N)c([16*])c1[16*],5,21
[16*]c1c([16*])c([16*])c(C#N)c([16*])c1[16*],10,21
[16*]c1c([16*])c([16*])c(C#N)c([16*])c1[16*],12,27
[9*]n1c2ccccc2c2oc3ccccc3c21,0,407
[7*]=C(c1cccc([16*])c1)c1cccc([16*])c1,0,16
[7*]=C(c1cccc([16*])c1)c1cccc([16*])c1,7,147
[7*]=C(c1cccc([16*])c1)c1cccc([16*])c1,14,147
[9*]n1c2ccccc2c2ccc([16*])cc21,0,2
[9*]n1c2ccccc2c2ccc([16*])cc21,12,68
[16*]c1ccc([N+](=O)[O-])cc1,0,290
[16*]c1ccc2c(c1)c1ccccc1c1nc3c4cccc5ccc6cccc(c6c54)c3n21,0,240
[5*]N1c2ccccc2C2(c3ccccc31)c1ccccc1C(C)(C)c1ccccc12,0,521
[16*]c1ccc2nc3c4cccc5ccc6cccc(c3nc2c1)c6c54,0,481
[16*]c1ccccc1P(=O)(c1ccccc1)c1ccccc1,0,132
[5*]N1c2ccccc2S(=O)(=O)c2ccccc21,0,107
[16*]c1ccc2c(c1)COC2=O,0,524
[16*]c1cc2cccc3c([16*])cc4cccc1c4c23,0,84
[16*]c1cc2cccc3c([16*])cc4cccc1c4c23,9,84
[16*]c1ccc2nc3c(nc2c1)-c1cccc2cccc-3c12,0,499
[9*]n1c(C)c(C)c2ccccc21,0,256
[16*]c1ccc2c(c1)S(=O)(=O)c1ccccc1S2(=O)=O,0,203
[5*]N1c2ccccc2C2(c3ccccc31)c1ccccc1C1(c3ccccc3N([5*])c3ccccc31)c1cc([16*])ccc12,0,175
[5*]N1c2ccccc2C2(c3ccccc31)c1ccccc1C1(c3ccccc3N([5*])c3ccccc31)c1cc([16*])ccc12,29,175
[5*]N1c2ccccc2C2(c3ccccc31)c1ccccc1C1(c3ccccc3N([5*])c3ccccc31)c1cc([16*])ccc12,39,310
[16*]c1ccc2c(c1)c1cc([16*])ccc1c1nc3ccccc3nc21,0,48
[16*]c1ccc2c(c1)c1cc([16*])ccc1c1nc3ccccc3nc21,10,48
[16*]c1ccc2c(c1)-c1ccccc1C2=O,0,158
[9*]n1cnc2ccccc21,0,54
[14*]c1cc([14*])nc(Br)n1,0,362
[14*]c1cc([14*])nc(Br)n1,4,362
[14*]c1ncnc([14*])c1C,0,138
[14*]c1ncnc([14*])c1C,6,138
[10*]N1C(=O)c2cc([16*])c([16*])cc2C1=O,0,235
[10*]N1C(=O)c2cc([16*])c([16*])cc2C1=O,7,224
[10*]N1C(=O)c2cc([16*])c([16*])cc2C1=O,9,224
[16*]c1ccc2c(c1)C(=O)c1ccc([16*])cc1C2=O,0,415
[16*]c1ccc2c(c1)C(=O)c1ccc([16*])cc1C2=O,13,415
[14*]c1cc([14*])n2nccc2n1,0,315
[14*]c1cc([14*])n2nccc2n1,4,325
[7*]=C(OB(F)F)c1ccc2ccc3ccccc3c2c1,0,287
[14*]c1ccco1,0,155
[16*]c1ccc2c(c1)c1ccccc1n1c3ccccc3nc21,0,324
[4*]CCCCCC,0,79
[16*]c1ccc2c(c1)c1cc([16*])ccc1c1nc3c([16*])ccc([16*])c3nc21,0,48
[16*]c1ccc2c(c1)c1cc([16*])ccc1c1nc3c([16*])ccc([16*])c3nc21,10,48
[16*]c1ccc2c(c1)c1cc([16*])ccc1c1nc3c([16*])ccc([16*])c3nc21,18,129
[16*]c1ccc2c(c1)c1cc([16*])ccc1c1nc3c([16*])ccc([16*])c3nc21,22,129
[14*]c1cnc(S(=O)(=O)c2cnc([14*])cn2)cn1,0,293
[14*]c1cnc(S(=O)(=O)c2cnc([14*])cn2)cn1,12,293
[14*]c1cnc2cc(C#N)c(C#N)cc2n1,0,454
[16*]c1cc2nc3c4ccc(C#N)cc4c4cc(C#N)ccc4c3nc2cc1F,0,493
[5*]N1c2ccccc2C(C)(C)c2c1ccc1sc3ccccc3c21,0,586
[16*]c1ccc2c(c1)c1cc([16*])ccc1c1nc3cc([16*])c([16*])cc3nc21,0,48
[16*]c1ccc2c(c1)c1cc([16*])ccc1c1nc3cc([16*])c([16*])cc3nc21,10,48
[16*]c1ccc2c(c1)c1cc([16*])ccc1c1nc3cc([16*])c([16*])cc3nc21,19,73
[16*]c1ccc2c(c1)c1cc([16*])ccc1c1nc3cc([16*])c([16*])cc3nc21,21,73
[5*]N1c2ccc([16*])cc2Sc2cc([16*])ccc21,0,23
[5*]N1c2ccc([16*])cc2Sc2cc([16*])ccc21,6,163
[5*]N1c2ccc([16*])cc2Sc2cc([16*])ccc21,13,163
[16*]c1ccncc1[16*],0,32
[16*]c1ccncc1[16*],7,33
[9*]n1c2ccccc2c2cc3c(cc21)C(c1ccccc1)(c1ccccc1)c1ccccc1-3,0,508
[16*]c1c([16*])c(C#N)c([16*])c(C#N)c1[16*],0,380
[16*]c1c([16*])c(C#N)c([16*])c(C#N)c1[16*],3,178
[16*]c1c([16*])c(C#N)c([16*])c(C#N)c1[16*],8,312
[16*]c1c([16*])c(C#N)c([16*])c(C#N)c1[16*],13,178
[14*]c1ccc2ccc([14*])nc2n1,0,70
[14*]c1ccc2ccc([14*])nc2n1,8,70
[16*]c1cc2ccc3c([16*])ccc4c5nc6cc(C#N)c(C#N)cc6nc5c(c1)c2c34,0,244
[16*]c1cc2ccc3c([16*])ccc4c5nc6cc(C#N)c(C#N)cc6nc5c(c1)c2c34,8,306
[16*]c1cc2ccc3ccc([16*])c4c5nc6cc(C#N)c(C#N)cc6nc5c(c1)c2c34,0,244
[16*]c1cc2ccc3ccc([16*])c4c5nc6cc(C#N)c(C#N)cc6nc5c(c1)c2c34,10,447
[16*]c1ccc2c(c1)C(CCCCCCCC)(CCCCCCCC)c1ccccc1-2,0,204
[16*]c1ccc(S(=O)(=O)c2ccccc2)cc1C,0,260
[6*]C(=O)C([6*])=O,0,85
[6*]C(=O)C([6*])=O,4,85
[7*]=Cc1cc(C=[7*])c(C=[7*])s1,0,301
[7*]=Cc1cc(C=[7*])c(C=[7*])s1,6,272
[7*]=Cc1cc(C=[7*])c(C=[7*])s1,9,354
[16*]c1cccc(C#N)c1,0,27
[7*]=C(c1ccccc1)c1cccc([16*])c1,0,16
[7*]=C(c1ccccc1)c1cccc([16*])c1,13,147
[16*]c1ccc(S(=O)(=O)c2ccc(B(c3c(C)cc(C)cc3C)c3c(C)cc(C)cc3C)cc2)cc1,0,577
[16*]c1ccc(C#N)c([16*])c1,0,15
[16*]c1ccc(C#N)c([16*])c1,8,21
[5*]N1c2ccccc2C2(c3ccccc3Sc3ccccc32)c2ccccc21,0,335
[16*]c1ccc2c(c1)c1cc([16*])ccc1c1nc3c4cccnc4c4ncccc4c3nc21,0,265
[16*]c1ccc2c(c1)c1cc([16*])ccc1c1nc3c4cccnc4c4ncccc4c3nc21,10,265
[16*]c1ccc(/N=C/c2ccc3ccc4cccc5ccc2c3c45)cc1,0,506
[8*]C([8*])(C)C,0,34
[8*]C([8*])(C)C,2,34
[16*]c1cc(Br)c([16*])c(Br)c1,0,408
[16*]c1cc(Br)c([16*])c(Br)c1,6,420
[16*]c1cc([16*])c2nsnc2c1[16*],0,115
[16*]c1cc([16*])c2nsnc2c1[16*],4,25
[16*]c1cc([16*])c2nsnc2c1[16*],11,25
[16*]c1cccc2c1C(=O)c1ccccc1-2,0,480
[16*]c1cc([16*])cc(S(=O)(=O)c2ccccc2)c1,0,104
[16*]c1cc([16*])cc(S(=O)(=O)c2ccccc2)c1,4,104
[5*]N1c2ccccc2C2(c3ccccc3-c3cc([16*])ccc32)c2ccccc21,0,42
[5*]N1c2ccccc2C2(c3ccccc3-c3cc([16*])ccc32)c2ccccc21,18,582
[16*]c1c(C#N)cncc1C#N,0,60
[16*]c1ccc(Br)cc1,0,547
[16*]c1ccc2c(c1)S(=O)(=O)c1cc3c(cc1-2)C(CC(CC)CCCC)(CC(CC)CCCC)c1cc2c(cc1-3)S(=O)(=O)c1cc([16*])ccc1-2,0,413
[16*]c1ccc2c(c1)S(=O)(=O)c1cc3c(cc1-2)C(CC(CC)CCCC)(CC(CC)CCCC)c1cc2c(cc1-3)S(=O)(=O)c1cc([16*])ccc1-2,45,413
[16*]c1cc(C#N)c(C#N)cc1[16*],0,108
[16*]c1cc(C#N)c(C#N)cc1[16*],11,108
[5*]N1C([13*])N=C2c3ccccc3-c3ccccc3C21,0,459
[5*]N1C([13*])N=C2c3ccccc3-c3ccccc3C21,3,452
[4*]CCCCCCCCCCCCCCCC,0,510
[4*]CCCCCCCCCCCCCCC,0,505
[16*]c1ccc2c(c1)c1ccccc1c1nc3ccccc3nc21,0,48
[16*]c1cccc2c1S(=O)(=O)c1ccccc1C2=O,0,507
[16*]c1ccc(C2=C(c3ccc([16*])cc3)[Si]3(C(c4ccccc4)=C(c4ccccc4)C(c4ccccc4)=C3c3ccccc3)C(c3ccc([16*])cc3)=C2c2ccc([16*])cc2)cc1,0,317
[16*]c1ccc(C2=C(c3ccc([16*])cc3)[Si]3(C(c4ccccc4)=C(c4ccccc4)C(c4ccccc4)=C3c3ccccc3)C(c3ccc([16*])cc3)=C2c2ccc([16*])cc2)cc1,11,383
[16*]c1ccc(C2=C(c3ccc([16*])cc3)[Si]3(C(c4ccccc4)=C(c4ccccc4)C(c4ccccc4)=C3c3ccccc3)C(c3ccc([16*])cc3)=C2c2ccc([16*])cc2)cc1,48,383
[16*]c1ccc(C2=C(c3ccc([16*])cc3)[Si]3(C(c4ccccc4)=C(c4ccccc4)C(c4ccccc4)=C3c3ccccc3)C(c3ccc([16*])cc3)=C2c2ccc([16*])cc2)cc1,56,317
[9*]n1c2ccccc2c2c3ccccc3oc21,0,485
[16*]c1cnc(C#N)c([16*])c1,0,236
[16*]c1cnc(C#N)c([16*])c1,8,414
[9*]n1c2ccccc2c2cccnc21,0,389
[14*]c1nc([14*])nc(P(=O)(c2ccccc2)c2ccccc2)n1,0,177
[14*]c1nc([14*])nc(P(=O)(c2ccccc2)c2ccccc2)n1,4,177
[16*]c1c(C#N)cnc2cccnc12,0,504
[16*]c1ccc2c3c1Oc1ccccc1B3c1ccccc1O2,0,416
[14*]c1ccc(C#N)c(C#N)n1,0,545
[14*]c1sc2c(sc3c([16*])c(C4=CC5SC=CC5S4)sc32)c1[16*],0,461
[14*]c1sc2c(sc3c([16*])c(C4=CC5SC=CC5S4)sc32)c1[16*],8,466
[14*]c1sc2c(sc3c([16*])c(C4=CC5SC=CC5S4)sc32)c1[16*],21,509
[9*]n1c2ccccc2c2c3oc(=O)cc([16*])c3ccc21,0,458
[9*]n1c2ccccc2c2c3oc(=O)cc([16*])c3ccc21,15,456
[16*]c1ccc(P(=O)(c2ccccc2)c2ccc([16*])cc2)cc1,0,51
[16*]c1ccc(P(=O)(c2ccccc2)c2ccc([16*])cc2)cc1,17,51
[16*]c1ccc2c(c1)-c1ccccc1C21c2ccccc2N2c3ccccc3C(C)(C)c3cccc1c32,0,579
[16*]c1cc2c([16*])cc3c([16*])cc([16*])c4cc([16*])c(c1)c2c34,0,482
[16*]c1cc2c([16*])cc3c([16*])cc([16*])c4cc([16*])c(c1)c2c34,5,84
[16*]c1cc2c([16*])cc3c([16*])cc([16*])c4cc([16*])c(c1)c2c34,9,20
[16*]c1cc2c([16*])cc3c([16*])cc([16*])c4cc([16*])c(c1)c2c34,12,20
[16*]c1cc2c([16*])cc3c([16*])cc([16*])c4cc([16*])c(c1)c2c34,16,84
[16*]c1cc(C#N)cc([16*])c1[16*],0,27
[16*]c1cc(C#N)cc([16*])c1[16*],8,27
[16*]c1cc(C#N)cc([16*])c1[16*],10,15
[14*]c1cc2nc3c(cc([14*])n3C)nc2n1C,0,103
[14*]c1cc2nc3c(cc([14*])n3C)nc2n1C,9,103
[16*]c1cc2ccc3c([16*])ccc4c5nc(C#N)c(C#N)nc5c(c1)c2c34,0,395
[16*]c1cc2ccc3c([16*])ccc4c5nc(C#N)c(C#N)nc5c(c1)c2c34,8,553
[14*]c1nsc([14*])n1,0,281
[14*]c1nsc([14*])n1,5,370
[10*]N1C(=O)C(c2ccc([16*])cc2)=C(c2ccc([16*])cc2)C1=O,0,470
[10*]N1C(=O)C(c2ccc([16*])cc2)=C(c2ccc([16*])cc2)C1=O,9,196
[10*]N1C(=O)C(c2ccc([16*])cc2)=C(c2ccc([16*])cc2)C1=O,17,196
[11*]SC,0,154
[14*]c1nc([14*])c(C)c([14*])n1,0,528
[14*]c1nc([14*])c(C)c([14*])n1,4,138
[14*]c1nc([14*])c(C)c([14*])n1,8,138
[16*]c1ccc2c3c(ccc([16*])c13)-c1nc(C#N)c(C#N)nc1-2,0,258
[16*]c1ccc2c3c(ccc([16*])c13)-c1nc(C#N)c(C#N)nc1-2,10,258
[7*]=C1C(=O)c2ccccc2C1=O,0,263
[9*]n1c2ccccc2c2cc(C3(c4ccc5c(c4)c4ccccc4n5[9*])c4ccccc4Sc4ccccc43)ccc21,0,402
[9*]n1c2ccccc2c2cc(C3(c4ccc5c(c4)c4ccccc4n5[9*])c4ccccc4Sc4ccccc43)ccc21,25,402
[9*]n1c2ccccc2c2sc3ccccc3c21,0,347
[16*]c1cc(P(=O)(c2ccccc2)c2ccccc2)cc(P(=O)(c2ccccc2)c2ccccc2)c1,0,348
[7*]=Cc1nc([14*])cs1,0,261
[7*]=Cc1nc([14*])cs1,5,277
[9*]n1c2ccc([16*])cc2c2cc3c(cc21)C(C)(C)c1ccccc1-3,0,124
[9*]n1c2ccc([16*])cc2c2cc3c(cc21)C(C)(C)c1ccccc1-3,6,465
[16*]c1ccc2c(c1)C1(c3cc([16*])ccc3S2)c2ccccc2-c2ccccc21,0,268
[16*]c1ccc2c(c1)C1(c3cc([16*])ccc3S2)c2ccccc2-c2ccccc21,11,268
[16*]c1cncnc1,0,98
[9*]n1c2cccnc2c2c3sc4ccccc4c3ccc21,0,490
[9*]n1c2ccccc2c2c3ccccc3ccc21,0,228
[7*]=C(c1ccccc1)c1ccc2c3ccccc3n([9*])c2c1,0,397
[7*]=C(c1ccccc1)c1ccc2c3ccccc3n([9*])c2c1,19,412
[5*]N1c2ccc(C)cc2C2(c3ccccc3-c3ccccc32)c2cc(C)ccc21,0,238
[16*]c1cc2nsnc2cc1[16*],0,115
[16*]c1cc2nsnc2cc1[16*],10,115
[7*]=CC=[7*],0,144
[7*]=CC=[7*],3,144
[5*]N1C=C(C=[7*])C(C)(C)c2ccccc21,0,477
[5*]N1C=C(C=[7*])C(C)(C)c2ccccc21,5,451
[8*]CCCCCC,0,119
[9*]n1ccc2c3c(ccc4cnc5ccccc5c43)ccc21,0,568
[16*]c1ccc2c(c1)c1cc3ccccc3c3c4c5ccccc5ccc4n2c13,0,544
[5*]N1c2ccccc2C(C)(C)c2cccc([16*])c21,0,6
[5*]N1c2ccccc2C(C)(C)c2cccc([16*])c21,16,513
[4*]CCCCCCCCCCCC,0,219
[5*]N1c2ccccc2Oc2cc([16*])ccc21,0,10
[5*]N1c2ccccc2Oc2cc([16*])ccc21,12,517
[7*]=Cc1ncc([14*])s1,0,261
[7*]=Cc1ncc([14*])s1,6,501
[14*]c1nc2cc([16*])ccn2n1,0,146
[14*]c1nc2cc([16*])ccn2n1,6,323
[13*]C1CC(c2ccc([N+](=O)[O-])cc2)=NN1c1ccccc1,0,548
[16*]c1ccc([16*])c2nc3c4cccnc4c4ncccc4c3nc12,0,423
[16*]c1ccc([16*])c2nc3c4cccnc4c4ncccc4c3nc12,5,423
[14*]c1cc([14*])nc(C)n1,0,141
[14*]c1cc([14*])nc(C)n1,4,141
[16*]c1ccc2c(c1)-c1cc([16*])ccc1S2(=O)=O,0,169
[16*]c1ccc2c(c1)-c1cc([16*])ccc1S2(=O)=O,10,169
[16*]c1ccc2c(c1)C(CCCCCCCC)(CCCCCCCC)c1cc([16*])ccc1-2,0,204
[16*]c1ccc2c(c1)C(CCCCCCCC)(CCCCCCCC)c1cc([16*])ccc1-2,27,204
[9*]n1c2ccccc2c2ccc3oc4ccccc4c3c21,0,319
[4*]CCCCCCCC,0,294
[9*]n1c2c([16*])cc([16*])cc2c2cc([16*])cc([16*])c21,0,2
[9*]n1c2c([16*])cc([16*])cc2c2cc([16*])cc([16*])c21,4,429
[9*]n1c2c([16*])cc([16*])cc2c2cc([16*])cc([16*])c21,7,4
[9*]n1c2c([16*])cc([16*])cc2c2cc([16*])cc([16*])c21,13,4
[9*]n1c2c([16*])cc([16*])cc2c2cc([16*])cc([16*])c21,16,429
[14*]c1nc([14*])nc(C2(c3ccc([16*])cc3)c3ccccc3-c3ccccc32)n1,0,298
[14*]c1nc([14*])nc(C2(c3ccc([16*])cc3)c3ccccc3-c3ccccc32)n1,4,298
[14*]c1nc([14*])nc(C2(c3ccc([16*])cc3)c3ccccc3-c3ccccc32)n1,12,533
[16*]c1cccc2c1Oc1cccc3c1B2c1cccc([16*])c1O3,0,333
[16*]c1cccc2c1Oc1cccc3c1B2c1cccc([16*])c1O3,20,333
[5*]N([5*])C,0,394
[5*]N([5*])C,2,394
[10*]N1C(=O)C2=C(c3ccc([16*])cc3)N([10*])C(=O)C2=C1c1ccc([16*])cc1,0,361
[10*]N1C(=O)C2=C(c3ccc([16*])cc3)N([10*])C(=O)C2=C1c1ccc([16*])cc1,10,270
[10*]N1C(=O)C2=C(c3ccc([16*])cc3)N([10*])C(=O)C2=C1c1ccc([16*])cc1,14,361
[10*]N1C(=O)C2=C(c3ccc([16*])cc3)N([10*])C(=O)C2=C1c1ccc([16*])cc1,23,270
[9*]n1c2ccccc2c2cc(C3=C(c4ccc5c(c4)c4ccccc4n5[9*])C(=O)N([10*])C3=O)ccc21,0,379
[9*]n1c2ccccc2c2cc(C3=C(c4ccc5c(c4)c4ccccc4n5[9*])C(=O)N([10*])C3=O)ccc21,26,379
[9*]n1c2ccccc2c2cc(C3=C(c4ccc5c(c4)c4ccccc4n5[9*])C(=O)N([10*])C3=O)ccc21,30,559
[16*]c1ccc2c3c(cccc13)-c1nc3cc(C#N)c(C#N)cc3nc1-2,0,266
[14*]c1nc2ccccn2n1,0,146
[5*]N([5*])C=C(c1ccc([16*])cc1)c1ccc([16*])cc1,0,188
[5*]N([5*])C=C(c1ccc([16*])cc1)c1ccc([16*])cc1,2,188
[5*]N([5*])C=C(c1ccc([16*])cc1)c1ccc([16*])cc1,9,225
[5*]N([5*])C=C(c1ccc([16*])cc1)c1ccc([16*])cc1,16,225
[9*]n1c([14*])c([16*])c2c3ccccc3c([16*])cc21,0,145
[9*]n1c([14*])c([16*])c2c3ccccc3c([16*])cc21,3,152
[9*]n1c([14*])c([16*])c2c3ccccc3c([16*])cc21,5,157
[9*]n1c([14*])c([16*])c2c3ccccc3c([16*])cc21,14,167
[5*]N1c2ccc([16*])cc2[Si](c2ccccc2)(c2ccccc2)c2cc([16*])ccc21,0,130
[5*]N1c2ccc([16*])cc2[Si](c2ccccc2)(c2ccccc2)c2cc([16*])ccc21,6,432
[5*]N1c2ccc([16*])cc2[Si](c2ccccc2)(c2ccccc2)c2cc([16*])ccc21,25,432
[16*]c1cc2c(=O)c3ccccc3n3c4ccccc4c(=O)c(c1)c23,0,540
[16*]c1ccc(C2=C(c3ccc([16*])cc3)C(=O)NC2=O)cc1,0,196
[16*]c1ccc(C2=C(c3ccc([16*])cc3)C(=O)NC2=O)cc1,11,196
[7*]=C(c1ccccc1)c1ccc2c(c1)c1cc([16*])ccc1n2[9*],0,209
[7*]=C(c1ccccc1)c1ccc2c(c1)c1cc([16*])ccc1n2[9*],17,529
[7*]=C(c1ccccc1)c1ccc2c(c1)c1cc([16*])ccc1n2[9*],22,190
[1*]C(=O)CCP(=O)(O[3*])O[3*],0,352
[1*]C(=O)CCP(=O)(O[3*])O[3*],8,206
[1*]C(=O)CCP(=O)(O[3*])O[3*],10,206
[14*]c1csc([14*])n1,0,369
[14*]c1csc([14*])n1,5,367
[16*]c1cccc2c1nc1c3ccccc3c3ccccc3n21,0,444
[16*]c1ccc2c(c1)-c1ccccc1C2(C)C,0,469
[16*]c1ccc2cc3ccccc3cc2c1,0,170
[16*]c1ccc2c3c(cccc13)-c1nc(C#N)c(C#N)nc1-2,0,258
[9*]n1c2ccccc2c2c3c(ccc21)-c1ccccc1C3(c1ccccc1)c1ccccc1,0,471
[16*]c1ccc2oc3ccccc3c(=O)c2c1,0,449
[16*]c1ccc2c3ccccc3n3c(nc4c5cccc6ccc7cccc(c7c65)c43)c2c1,0,583
[16*]c1ccc2sc3ccc([16*])cc3c(=O)c2c1,0,288
[16*]c1ccc2sc3ccc([16*])cc3c(=O)c2c1,10,288
[6*]C(=O)C(C)(C)C([6*])=O,0,197
[6*]C(=O)C(C)(C)C([6*])=O,7,197
[16*]c1ccc2c(=O)cc(C)oc2c1,0,373
[16*]c1ccnc2cccnc12,0,574
[16*]c1ccc(/N=C/c2c3ccccc3cc3ccccc23)cc1,0,566
[9*]n1c2ccc([16*])cc2c2cc(C)ccc21,0,332
[9*]n1c2ccc([16*])cc2c2cc(C)ccc21,6,427
[15*]C1CCCCC1,0,111
[14*]c1cc2c(ccc3c4cc([14*])sc4ccc23)s1,0,334
[14*]c1cc2c(ccc3c4cc([14*])sc4ccc23)s1,11,334
[5*]N1c2ccccc2C2(c3ccccc3C(=O)c3ccccc32)c2ccccc21,0,314
[16*]c1ccc([16*])c(F)c1,0,476
[16*]c1ccc([16*])c(F)c1,5,527
[16*]c1cccc2oc3ccccc3c12,0,575
[9*]n1c2ccccc2c2cc3c(cc21)c1ccccc1n3[9*],0,320
[9*]n1c2ccccc2c2cc3c(cc21)c1ccccc1n3[9*],21,320
[9*]n1ccc2c3c(ccc4ccc5ccccc5c43)ccc21,0,531
[9*]n1ccc2c3c(ccc4ccc5cc6ccccc6cc5c43)ccc21,0,561
[14*]c1cc([14*])nc(Cl)n1,0,336
[14*]c1cc([14*])nc(Cl)n1,4,336
[16*]c1c(C)c(C)c(B(c2c(C)c(C)c(C#N)c(C)c2C)c2c(C)c(C)c(C#N)c(C)c2C)c(C)c1C,0,439
[9*]n1c2ccccc2c2ncccc21,0,549
[16*]c1cc2nc3c4ccc(C#N)cc4c4cc(C#N)ccc4c3nc2cc1[16*],0,359
[16*]c1cc2nc3c4ccc(C#N)cc4c4cc(C#N)ccc4c3nc2cc1[16*],27,359
[5*]N1c2ccccc2C(C)(C)c2ccc3c(c21)c1ccccc1n3[9*],0,473
[5*]N1c2ccccc2C(C)(C)c2ccc3c(c21)c1ccccc1n3[9*],24,560
[9*]n1c([14*])nc2c3ccc([16*])cc3c3cc([16*])ccc3c21,0,19
[9*]n1c([14*])nc2c3ccc([16*])cc3c3cc([16*])ccc3c21,3,18
[9*]n1c([14*])nc2c3ccc([16*])cc3c3cc([16*])ccc3c21,10,400
[9*]n1c([14*])nc2c3ccc([16*])cc3c3cc([16*])ccc3c21,16,351
[16*]c1ccc2c(c1)c1ccccc1c1nc3cc([16*])c([16*])cc3nc21,0,48
[16*]c1ccc2c(c1)c1ccccc1c1nc3cc([16*])c([16*])cc3nc21,18,73
[16*]c1ccc2c(c1)c1ccccc1c1nc3cc([16*])c([16*])cc3nc21,20,73
[16*]c1cc(F)c([16*])c(F)c1,0,109
[16*]c1cc(F)c([16*])c(F)c1,6,516
[9*]n1c2ccccc2c2cc(C3(c4nc([14*])nc([14*])n4)c4ccccc4-c4ccccc43)ccc21,0,536
[9*]n1c2ccccc2c2cc(C3(c4nc([14*])nc([14*])n4)c4ccccc4-c4ccccc43)ccc21,15,425
[9*]n1c2ccccc2c2cc(C3(c4nc([14*])nc([14*])n4)c4ccccc4-c4ccccc43)ccc21,18,425
[16*]c1cc2ccc3ccc([16*])c4c5nc(C#N)c(C#N)nc5c(c1)c2c34,0,395
[16*]c1cc2ccc3ccc([16*])c4c5nc(C#N)c(C#N)nc5c(c1)c2c34,10,455
[16*]c1cc2c3c([16*])c4cc([16*])c([16*])cc4c([16*])c3c3cc([16*])cc4c5c([16*])c6cc([16*])c([16*])cc6c([16*])c5c(c1)c2c34,0,424
[16*]c1cc2c3c([16*])c4cc([16*])c([16*])cc4c([16*])c3c3cc([16*])cc4c5c([16*])c6cc([16*])c([16*])cc6c([16*])c5c(c1)c2c34,6,218
[16*]c1cc2c3c([16*])c4cc([16*])c([16*])cc4c([16*])c3c3cc([16*])cc4c5c([16*])c6cc([16*])c([16*])cc6c([16*])c5c(c1)c2c34,10,205
[16*]c1cc2c3c([16*])c4cc([16*])c([16*])cc4c([16*])c3c3cc([16*])cc4c5c([16*])c6cc([16*])c([16*])cc6c([16*])c5c(c1)c2c34,12,205
[16*]c1cc2c3c([16*])c4cc([16*])c([16*])cc4c([16*])c3c3cc([16*])cc4c5c([16*])c6cc([16*])c([16*])cc6c([16*])c5c(c1)c2c34,16,218
[16*]c1cc2c3c([16*])c4cc([16*])c([16*])cc4c([16*])c3c3cc([16*])cc4c5c([16*])c6cc([16*])c([16*])cc6c([16*])c5c(c1)c2c34,21,424
[16*]c1cc2c3c([16*])c4cc([16*])c([16*])cc4c([16*])c3c3cc([16*])cc4c5c([16*])c6cc([16*])c([16*])cc6c([16*])c5c(c1)c2c34,26,218
[16*]c1cc2c3c([16*])c4cc([16*])c([16*])cc4c([16*])c3c3cc([16*])cc4c5c([16*])c6cc([16*])c([16*])cc6c([16*])c5c(c1)c2c34,30,205
[16*]c1cc2c3c([16*])c4cc([16*])c([16*])cc4c([16*])c3c3cc([16*])cc4c5c([16*])c6cc([16*])c([16*])cc6c([16*])c5c(c1)c2c34,32,205
[16*]c1cc2c3c([16*])c4cc([16*])c([16*])cc4c([16*])c3c3cc([16*])cc4c5c([16*])c6cc([16*])c([16*])cc6c([16*])c5c(c1)c2c34,36,218
[16*]c1ccc(C)c2ccccc12,0,556
[16*]c1ccc(C#N)nc1,0,236
[5*]N1c2ccc([16*])cc2C2(c3ccccc3-c3ccccc32)c2cc([16*])ccc21,0,42
[5*]N1c2ccc([16*])cc2C2(c3ccccc3-c3ccccc32)c2cc([16*])ccc21,6,161
[5*]N1c2ccc([16*])cc2C2(c3ccccc3-c3ccccc32)c2cc([16*])ccc21,25,161
[9*]n1c2cc([16*])ccc2c2ccc([16*])cc21,0,2
[9*]n1c2cc([16*])ccc2c2ccc([16*])cc21,5,68
[9*]n1c2cc([16*])ccc2c2ccc([16*])cc21,13,68
[5*]N1c2ccccc2C(C)(C)c2ccc3c(oc4ccccc43)c21,0,234
[16*]c1cnc2c(ccc3cc([16*])cnc32)c1,0,417
[16*]c1cnc2c(ccc3cc([16*])cnc32)c1,11,417
[16*]c1cc2nc3c4cc(C#N)ccc4c4ccc(C#N)cc4c3nc2cc1[16*],0,403
[16*]c1cc2nc3c4cc(C#N)ccc4c4ccc(C#N)cc4c3nc2cc1[16*],27,403
[9*]n1c2c(c3ccccc31)CCc1c-2n([9*])c2ccccc12,0,346
[9*]n1c2c(c3ccccc31)CCc1c-2n([9*])c2ccccc12,15,346
[16*]c1c([16*])c(F)c([16*])c(C#N)c1[16*],0,492
[16*]c1c([16*])c(F)c([16*])c(C#N)c1[16*],3,587
[16*]c1c([16*])c(F)c([16*])c(C#N)c1[16*],7,557
[16*]c1c([16*])c(F)c([16*])c(C#N)c1[16*],12,487
[16*]c1cc2c3c([16*])c4cc(Br)c(Br)cc4c([16*])c3c3cc([16*])cc4c5c([16*])c6cc(Br)c(Br)cc6c([16*])c5c(c1)c2c34,0,355
[16*]c1cc2c3c([16*])c4cc(Br)c(Br)cc4c([16*])c3c3cc([16*])cc4c5c([16*])c6cc(Br)c(Br)cc6c([16*])c5c(c1)c2c34,6,208
[16*]c1cc2c3c([16*])c4cc(Br)c(Br)cc4c([16*])c3c3cc([16*])cc4c5c([16*])c6cc(Br)c(Br)cc6c([16*])c5c(c1)c2c34,16,208
[16*]c1cc2c3c([16*])c4cc(Br)c(Br)cc4c([16*])c3c3cc([16*])cc4c5c([16*])c6cc(Br)c(Br)cc6c([16*])c5c(c1)c2c34,21,355
[16*]c1cc2c3c([16*])c4cc(Br)c(Br)cc4c([16*])c3c3cc([16*])cc4c5c([16*])c6cc(Br)c(Br)cc6c([16*])c5c(c1)c2c34,26,208
[16*]c1cc2c3c([16*])c4cc(Br)c(Br)cc4c([16*])c3c3cc([16*])cc4c5c([16*])c6cc(Br)c(Br)cc6c([16*])c5c(c1)c2c34,36,208
[16*]c1ccc2c(=O)c3ccc([16*])cc3sc2c1,0,237
[16*]c1ccc2c(=O)c3ccc([16*])cc3sc2c1,11,237
[16*]c1ccc(O)c([16*])c1,0,153
[16*]c1ccc(O)c([16*])c1,7,87
[14*]c1nc2cccnc2nc1[14*],0,123
[14*]c1nc2cccnc2nc1[14*],11,114
[7*]=C(OB(F)F)c1ccc2c(c1)-c1ccccc1C2,0,558
[16*]c1ccc(Cl)cc1,0,588
[16*]c1ccc2ccc3c([16*])ccc4ccc1c2c43,0,20
[16*]c1ccc2ccc3c([16*])ccc4ccc1c2c43,9,20
[5*]N1c2ccccc2C(C)(C)c2ccc3c(sc4ccccc43)c21,0,239
[7*]=Cc1cc2sc3cc([14*])sc3c2s1,0,535
[7*]=Cc1cc2sc3cc([14*])sc3c2s1,9,467
[9*]n1c2ccccc2c2ccc3c4ccccc4n([9*])c3c21,0,375
[9*]n1c2ccccc2c2ccc3c4ccccc4n([9*])c3c21,19,375
[14*]c1ccc(C#N)cn1,0,495
[16*]c1ccccc1C#N,0,21
[5*]N1c2ccccc2C(c2ccccc2)(c2ccccc2[16*])c2ccccc21,0,35
[5*]N1c2ccccc2C(c2ccccc2)(c2ccccc2[16*])c2ccccc21,21,543
[16*]c1ccc(C#N)c(C#N)c1,0,108
[9*]n1c2ccccc2c2cc3c4ccccc4n4c5ccccc5c(c21)c34,0,387
[16*]c1ccc2c(c1)C1(c3ccccc3S2)c2ccccc2-c2ccccc21,0,268
[7*]=Cc1sc([14*])c([16*])c1F,0,421
[7*]=Cc1sc([14*])c([16*])c1F,5,357
[7*]=Cc1sc([14*])c([16*])c1F,7,390
[14*]c1sc([14*])c(F)c1[16*],0,366
[14*]c1sc([14*])c(F)c1[16*],4,391
[14*]c1sc([14*])c(F)c1[16*],8,363
[14*]c1sc([14*])c(F)c1F,0,274
[14*]c1sc([14*])c(F)c1F,4,274
[9*]n1c2ccccc2c2ccc3c4ccccc4sc3c21,0,398
[14*]c1ccc2nc3c4ccc([16*])cc4c4cc([16*])ccc4c3nc2n1,0,523
[14*]c1ccc2nc3c4ccc([16*])cc4c4cc([16*])ccc4c3nc2n1,11,422
[14*]c1ccc2nc3c4ccc([16*])cc4c4cc([16*])ccc4c3nc2n1,17,374
[16*]c1ccc2c(c1)Oc1cc([16*])cc3c1B2c1ccc([16*])cc1O3,0,213
[16*]c1ccc2c(c1)Oc1cc([16*])cc3c1B2c1ccc([16*])cc1O3,11,89
[16*]c1ccc2c(c1)Oc1cc([16*])cc3c1B2c1ccc([16*])cc1O3,20,213
[16*]c1ccc2c(c1)c1ccccc1c1nc3c4cccnc4c4ncccc4c3nc21,0,265
[14*]c1ncc(S(=O)(=O)c2cnc([14*])nc2)cn1,0,297
[14*]c1ncc(S(=O)(=O)c2cnc([14*])nc2)cn1,12,297
[14*]c1nc2c(ccc3cc4ccccc4cc32)s1,0,497
[9*]n1c2ccccc2c(=O)c2ccc([16*])cc21,0,468
[9*]n1c2ccccc2c(=O)c2ccc([16*])cc21,14,532
[16*]c1ccc2nc3c4ccccc4c4ccccc4c3nc2c1,0,73
[16*]c1cc(C)ccc1C,0,63
[16*]c1cc2oc3ccccc3c2cc1[16*],0,299
[16*]c1cc2oc3ccccc3c2cc1[16*],14,62
[16*]c1ccc2c(c1)C1(c3ccccc3-c3ccccc31)c1cc([16*])ccc1S2(=O)=O,0,251
[16*]c1ccc2c(c1)C1(c3ccccc3-c3ccccc31)c1cc([16*])ccc1S2(=O)=O,23,251
[16*]c1ccc2c(c1)C(=O)c1cc([16*])ccc1-2,0,166
[16*]c1ccc2c(c1)C(=O)c1cc([16*])ccc1-2,12,166
[14*]c1ccc(S(=O)(=O)c2ccc([14*])nc2)cn1,0,276
[14*]c1ccc(S(=O)(=O)c2ccc([14*])nc2)cn1,12,276
[16*]c1ccc([Si](c2ccc([16*])cc2)(c2ccc([16*])cc2)c2ccc([16*])cc2)cc1,0,61
[16*]c1ccc([Si](c2ccc([16*])cc2)(c2ccc([16*])cc2)c2ccc([16*])cc2)cc1,10,61
[16*]c1ccc([Si](c2ccc([16*])cc2)(c2ccc([16*])cc2)c2ccc([16*])cc2)cc1,17,61
[16*]c1ccc([Si](c2ccc([16*])cc2)(c2ccc([16*])cc2)c2ccc([16*])cc2)cc1,24,61
[9*]n1c2ccccc2c2cc3c([16*])cc(=O)oc3cc21,0,450
[9*]n1c2ccccc2c2cc3c([16*])cc(=O)oc3cc21,12,474
[5*]N1c2ccccc2Oc2cccc([16*])c21,0,10
[5*]N1c2ccccc2Oc2cccc([16*])c21,14,502
[16*]c1cccc(C2(c3ccccc3)c3ccccc3Sc3ccccc32)c1,0,242
[7*]=C(c1ccc([16*])cc1)c1ccc2c(c1)c1ccccc1n2[9*],0,209
[7*]=C(c1ccc([16*])cc1)c1ccc2c(c1)c1ccccc1n2[9*],6,551
[7*]=C(c1ccc([16*])cc1)c1ccc2c(c1)c1ccccc1n2[9*],22,190
[5*]N1c2ccccc2C(C)(C)c2cc3c4ccccc4n([9*])c3cc21,0,479
[5*]N1c2ccccc2C(C)(C)c2cc3c4ccccc4n([9*])c3cc21,21,448
[10*]N1C(=O)c2ccccc2C1=O,0,235
[16*]c1ccc2[nH]c3c(P(=O)(c4ccccc4)c4ccccc4)cc([16*])cc3c2c1,0,443
[16*]c1ccc2[nH]c3c(P(=O)(c4ccccc4)c4ccccc4)cc([16*])cc3c2c1,24,538
[5*]N1c2ccccc2C2(c3ccccc3Oc3ccccc32)c2ccccc21,0,475
[4*]CC(CC)CCCC,0,360
[16*]c1cc2nc3c4ccccc4c4ccccc4c3nc2cc1[16*],0,73
[16*]c1cc2nc3c4ccccc4c4ccccc4c3nc2cc1[16*],23,73
[16*]c1ccc(C2(c3ccc([16*])cc3)c3cc(F)ccc3-c3cc4c(cc32)-c2cc3c(cc2C4(c2ccc([16*])cc2)c2ccc([16*])cc2)-c2ccc([16*])cc2C3(C)C)cc1,0,338
[16*]c1ccc(C2(c3ccc([16*])cc3)c3cc(F)ccc3-c3cc4c(cc32)-c2cc3c(cc2C4(c2ccc([16*])cc2)c2ccc([16*])cc2)-c2ccc([16*])cc2C3(C)C)cc1,10,338
[16*]c1ccc(C2(c3ccc([16*])cc3)c3cc(F)ccc3-c3cc4c(cc32)-c2cc3c(cc2C4(c2ccc([16*])cc2)c2ccc([16*])cc2)-c2ccc([16*])cc2C3(C)C)cc1,37,291
[16*]c1ccc(C2(c3ccc([16*])cc3)c3cc(F)ccc3-c3cc4c(cc32)-c2cc3c(cc2C4(c2ccc([16*])cc2)c2ccc([16*])cc2)-c2ccc([16*])cc2C3(C)C)cc1,44,291
[16*]c1ccc(C2(c3ccc([16*])cc3)c3cc(F)ccc3-c3cc4c(cc32)-c2cc3c(cc2C4(c2ccc([16*])cc2)c2ccc([16*])cc2)-c2ccc([16*])cc2C3(C)C)cc1,51,550
[16*]c1c(F)c([16*])c(C#N)c([16*])c1F,0,478
[16*]c1c(F)c([16*])c(C#N)c([16*])c1F,5,365
[16*]c1c(F)c([16*])c(C#N)c([16*])c1F,10,365
[13*]C1CC(c2ccccc2[16*])=NN1c1ccccc1,0,519
[13*]C1CC(c2ccccc2[16*])=NN1c1ccccc1,10,500
[16*]c1ccc2c(c1)C(C)(C)c1cc([16*])ccc1S2(=O)=O,0,198
[16*]c1ccc2c(c1)C(C)(C)c1cc([16*])ccc1S2(=O)=O,13,198
[5*]N1c2ccccc2Sc2cc([16*])ccc21,0,23
[5*]N1c2ccccc2Sc2cc([16*])ccc21,12,163
