,ID,SMILES,HOMO,LUMO,S1,T1,f_S1,f_T1
0,0,CC1(C)c2ccccc2N(c2cc(-c3ccnc(-c4cccc(C#N)c4)n3)nc(Br)n2)c2ccccc21,-6.113857352,-2.26534905,3.3322,2.8823,0.1169,0.0
1,2,CC1=CC(=C(c2ccc(N3C(=O)C4=C(c5ccccc5)N(c5c(C)cc(P(=O)(c6ccccc6)c6ccccc6)cc5C)C(=O)C4=C3c3ccccc3)cc2)c2ccc(N3c4ccccc4C(C)(C)c4ccc5c(sc6ccc(C(C)(C)C)cc65)c43)cc2)C=C(C(C)(C)C)O1,-4.772335332000001,-2.458822104,1.9742,1.2164,0.023,0.0
2,3,Cc1ccc2c(c1)C1(c3ccccc3-c3ccccc31)c1cc(C)ccc1N2c1cc2nc3c4cc(C#N)ccc4c4ccc(C#N)cc4c3nc2cc1-c1ccc(C#N)cc1,-5.193567804000001,-3.18917608,1.5121,1.4821,0.012,0.0
3,4,Cc1cccc(-c2cc(-c3ccc4c(c3)C3CC=CC=C3N4c3c(-n4c5ccc(C#N)cc5c5cc(C#N)ccc54)ccc(-c4ccc5cccnc5n4)c3C#N)ccc2C)c1,-5.07900781,-2.638961572,1.9432,1.9037,0.0065,0.0
4,5,N#Cc1ccc(-c2ccc3c4c(cc(N5c6ccccc6[Si](c6ccccc6)(c6ccc(-n7c8ccccc8c8sc9ccccc9c87)cc6)c6ccccc65)cc24)-c2nc(C#N)c(C#N)nc2-3)cc1,-5.23411279,-3.4901341640000005,1.5511,1.5511,0.0,0.0
5,6,Cc1cc(O)ccc1-c1ccc2c(c1)c1cc(-n3c(C)c(C)c4cc(N5c6ccccc6Sc6ccccc65)ccc43)ccc1c1nc3cc(N4c5ccccc5CCc5ccccc54)c(N4c5ccccc5CCc5ccccc54)nc3nc21,-4.705667402,-2.4604547880000003,2.0206,1.9136,0.0001,0.0
6,9,CCC1(C)c2ccccc2N(c2ccc(/N=N/c3ccc(OC(=C(C#N)C#N)c4ccc(-c5cc6ccc(N7c8ccc(-c9ccc(C(C)(C)C)cc9Cc9ccccc9F)cc8C(C)(C)C8C=CC=CC87)cc6oc5=O)cc4)cc3Cc3cc(F)cc(C#N)c3)cc2)c2ccccc21,-5.105674982,-2.884136286,1.9063,1.8016,0.0004,0.0
7,10,CC1(C)c2ccccc2N(c2ccc(S(=O)(=O)c3ccc(N4C5=CC=CCC5c5ccccc54)cc3)cc2)c2ccc3sc4ccccc4c3c21,-4.950025774,-1.69527022,2.899,2.2179,0.1673,0.0
8,11,Cc1ccc(-c2cc(-n3c4ccccc4c4cc(N5c6ccc(C)cc6C6(c7ccccc7-c7ccccc76)c6cc(C)ccc65)ccc43)cc(-c3nc(C#N)c(C#N)nc3-c3ccc(Cl)cc3)n2)cc1,-4.755464264,-3.057745018,1.4206,1.4204,0.0004,0.0
9,12,Cc1nc(CN2C(=O)C(c3ccccc3)=C(c3ccccc3)C2=O)c(C#N)c(C2CCCCC2)c1C#N,-6.259438342,-2.6626354900000004,3.0522,2.0706,0.1471,0.0
10,13,N#Cc1cc(F)cc(C#N)c1-c1ccc(S(=O)(=O)c2cccc(-n3c4ccccc4c4cc(N5c6ccccc6[Si](c6ccccc6)(c6ccccc6)c6ccccc65)ccc43)c2)cc1,-5.067034794,-2.637601002,2.2526,2.2526,0.0,0.0
11,17,CCC1(C)c2ccccc2N(c2cnc(N3C=C(C)C(C)(C)c4ccccc43)c(S(=O)(=O)c3nc(N4C=C(C)C(C)(C)c5ccccc54)c(N4c5ccccc5C(C)(CC)c5ccccc54)nc3N3c4ccccc4C(C)(C)c4ccccc43)n2)c2ccccc21,-4.982951568000001,-2.1488842580000003,2.1766,2.1252,0.0014,0.0
12,19,CCCCCc1ccc2c(c1)c1cc3ccc(=O)oc3cc1n2-c1c(C#N)cnc(-c2ccc(N3c4ccccc4C(c4ccccc4)(c4ccccc4)c4ccccc43)cc2)c1C#N,-5.269215496,-2.82862503,1.9882,1.9832,0.0002,0.0
13,20,Cc1cc(-c2cc3cc4c(cc5c6c(ccc(F)c64)N(C)C5=O)cc3cc2-c2cc(C(C)(C)C)cc3sc4ccc(N5c6ccc(N(C)C)cc6C(C)(C)C6C=CC=CC65)cc4c(=O)c23)c(N2c3ccccc3CCc3cc(C4CCCCC4)ccc32)c(C)c1C,-4.400355494,-1.95377852,2.12,1.8366,0.0075,0.0
14,22,CC1(C)c2cc(-c3ccccc3)ccc2-c2ccc(-c3ccc(-c4cc5nc6c7ccc(C#N)cc7c7cc(C#N)ccc7c6nc5c(-c5ccc(Br)c(-n6c7ccc(-c8ccccc8)cc7c7cc(C8(c9ccccc9)c9ccccc9-c9ccccc98)ccc76)c5)c4F)cc3)cc21,-5.339148794,-3.1350253940000004,1.8802,1.8768,0.0006,0.0
15,23,CCC1(C)c2ccccc2N(c2ccc(C3=C(c4ccc(N5c6ccccc6S(=O)(=O)c6ccccc65)cc4)C(=O)N(c4ccc5c(c4)C(C)(C)c4cc(C#N)ccc4-5)C3=O)cc2)c2ccccc21,-5.304046088000001,-3.2433267660000005,1.6419,1.6388,0.0003,0.0
16,24,CC(=Cc1nc2cc(-c3nc(-c4ccccc4)c4cc(-c5ccc6c(c5)C5(CCCC5=C(C#N)C#N)c5ccccc5-6)ccc4n3)c(C=Cc3sccc3F)cc2nc1-c1cccnc1)C(C)(C)C,-5.481464416000001,-2.306710378,2.7391,2.2215,0.0356,0.0
17,26,O=[N+]([O-])c1ccc(-c2nc3ccc(-c4ncnc(-c5ccc(N6c7ccccc7[Si](c7ccccc7)(c7ccccc7)c7ccccc76)c6ccc(-n7c8ccccc8c8c9ccccc9oc87)cc56)n4)cc3nc2-c2ccccc2)cc1,-5.180234218000001,-2.872979612,2.0631,2.0441,0.0088,0.0
18,28,CC1(C)c2ccccc2C2(c3ccccc3N(c3ccc4c(c3)c3cc(-n5c6ccccc6c6cc7c(cc65)C5(c6ccccc6-c6ccccc65)c5ccccc5-7)ccc3c3nc(C#N)c(C#N)nc43)c3ccccc32)c2ccccc21,-5.240099298,-3.034887442,1.789,1.7781,0.0049,0.0
19,29,CCCCCCCCCCCCC(CCCCCCCCCC)Cc1ccc2c(c1)c1cc(C)ccc1n2-c1ccc(/C=N/c2ccc(-c3ccc(C#N)c4nsnc34)c(N3c4ccccc4C(c4ccccc4)(c4ccccc4)c4ccccc43)c2)cc1,-5.230031080000001,-2.7891685,1.8861,1.8492,0.0084,0.0
20,31,CCCCCCc1ccc2c(c1)c1ccc(C#N)cc1n2-c1nc(-c2ccc(F)c(-n3ccc4ccccc43)c2)nc(-n2c3ccccc3c3c4sc5ccc(-c6ccc(C#N)c(C#N)c6)cc5c4cc(-n4cc(C)c5ccccc54)c32)n1,-5.432211782,-2.364126432,2.5905,2.5524,0.0039,0.0
21,32,CCCCCCCCCCCCCCc1cccc2c1N(c1c(C#N)c(C)nc(C)c1C#N)c1ccccc1C2(C)C,-5.54432275,-2.136367014,2.7585,2.5608,0.0062,0.0
22,33,Cc1ccc(-c2ccc(-c3nc(N4c5ccccc5SC5C=CC=CC54)c(-n4c5ccc(N6c7ccccc7CCc7ccccc76)cc5c5ccc(Cc6ccccc6)cc54)nc3-n3c4ccc(C#N)cc4c4cc(C#N)ccc43)cc2)cc1,-4.869752144,-1.963574624,2.4251,2.1991,0.1446,0.0
23,36,CC(C)(C=O)C(=O)c1ccc(-c2nc3c(N4c5ccccc5C(C)(C)c5cc(C(C)(C)C)ccc54)cc(N4c5ccccc5Oc5ccccc54)cc3nc2-c2ccc(O)cc2)c2nc(-c3ccncc3)c(-c3ccc(COc4ccccc4)cc3)nc12,-4.7331509160000005,-2.722772684,1.6135,1.6112,0.0001,0.0
24,37,CCn1c2ccc(-c3cc4nc(N5c6ccccc6C(C)(CC)c6ccccc65)nn4cc3-c3cccnc3)cc2c(=O)c2cc(C(C)(C)C)ccc21,-5.187309182,-1.68982794,3.177,2.6583,0.0079,0.0
25,39,Cc1ccc2c(c1)C1(c3ccccc3-c3ccccc31)c1cc(C)ccc1N2c1ccc2c3nc(C#N)c(C#N)nc3c3cc(-c4ccc(O)cc4)cc4ccc1c2c43,-5.062953084,-2.942640796,1.6895,1.6854,0.0,0.0
26,40,CC1(C)c2ccccc2N(c2ccnc(N3c4ccccc4C4(c5ccccc53)c3ccccc3N(c3ncnc5ccccc35)c3ccccc34)c2)c2ccc(N3c4ccccc4Oc4ccccc43)cc21,-4.614237098,-2.015276284,2.3193,2.2801,0.007,0.0
27,41,CCc1ccc2c(c1)c1cc3c(cc1n2-c1c(C#N)c(C#N)cc2nc4c5cccc6ccc7cccc(c4nc12)c7c65)C(C)(C)c1ccccc1-3,-5.281188512,-3.1995164120000004,1.5902,1.509,0.0275,0.0
28,42,C=Cc1ccc(N2c3ccccc3CCc3cc(C(C)(C)C)ccc32)cc1-c1cc2c(cc1-c1cc(C)c(C)c(C)c1-c1ccc(C#N)nc1)B1c3ccccc3Oc3cccc(c31)O2,-5.037918596,-1.7956802859999998,2.7565,1.7535,0.0281,0.0
29,46,CC(=CC1=CN(c2ccc3c(c2)-c2ccc(-c4nc(C#N)nc(N5C=C(C)C(C)(C)c6ccccc65)c4-c4nc(C(=O)C(C)(C)C=O)nc(N5c6ccccc6Oc6ccccc65)n4)cc2C32CC2)c2ccc(N3c4ccccc4CCc4ccccc43)cc2C1(C)C)C(C)(C)C,-4.567977718,-2.6811392420000004,1.6524,1.6522,0.0001,0.0
30,47,Cc1c(C2CCCCC2)nc(-c2ccc(C3(c4ccc(N5c6ccccc6Oc6ccccc65)cc4)c4ccccc4N(c4ncns4)c4ccccc43)cc2)nc1C1CCCCC1,-4.394096872,-1.431591754,2.5847,2.5804,0.0011,0.0
31,50,Cc1ccc2c(c1)C1(c3ccccc3Oc3ccccc31)c1cc(C)ccc1N2c1ccc2c(c1)c1ccccc1c1nc(C#N)c(C#N)nc21,-5.131797926000001,-3.0449556600000003,1.6733,1.6704,0.0,0.0
32,51,Cc1cc(-c2ccc(C3(c4ccccc4)c4ccccc4N(c4ccc(Cc5ccc(-c6cc(Br)c7c8c6Oc6ccccc6B8c6ccccc6O7)cc5)cc4)c4ccccc43)cc2)ccc1/N=N/c1ccc(-c2cccc(S(=O)(=O)c3ccccc3)c2)cc1,-5.295066326000001,-2.322765104,2.4339,1.7234,0.0002,0.0
33,52,CC1(C)c2ccccc2N(c2ccc(-c3cc(N4c5ccccc5B(c5ccccc5)c5ccccc54)ccc3C#N)cc2)c2ccccc21,-4.962543018000001,-1.993507164,2.5194,2.5151,0.0,0.0
34,53,CCC1(C)c2ccccc2N(c2ccc(-c3ncnc(N4c5ccccc5Oc5ccccc54)c3C)c3nc4c5cccnc5c5ncccc5c4nc23)c2ccccc21,-4.988938076,-2.813114532,1.717,1.7047,0.0002,0.0
35,55,N#Cc1ncccc1-c1c(C2CCCCC2)nc(-c2ccc(N3c4ccccc4C4(c5ccccc5-c5ccccc54)c4ccccc43)cn2)c2nsnc12,-5.101593272000001,-2.950259988,1.7377,1.7315,0.0002,0.0
36,56,CC1(C)c2ccccc2N(c2ccc3c(c2)C(C)(C)c2cc(N4c5ccccc5C5(c6ccccc64)c4ccccc4C(C)(C)c4ccccc45)ccc2S3(=O)=O)c2ccc(-c3ccc4c(c3)C(=O)c3c(N5c6ccccc6C(c6ccc(N7c8ccccc8C8(c9ccccc97)c7ccccc7C(C)(C)c7ccccc78)cc6)(c6ccc(N7c8ccccc8C8(c9ccccc97)c7ccccc7C(C)(C)c7ccccc78)cc6)c6ccccc65)cccc3S4(=O)=O)cc21,-4.93614796,-2.7848146760000003,1.8882,1.8637,0.0029,0.0
37,57,Cc1cc(-c2ccc(-n3c(-c4ccc([Si](c5ccccc5)(c5ccccc5)c5ccccc5)cc4)nc4c3C3CC=Cc5ccc6cc(C(C)(C)C)cc-4c6c53)cc2)ccc1/N=N/c1ccc(-c2cc3ccc4cccc5c6nc(C#N)c(C#N)nc6c(c2)c3c45)cc1,-4.856690672,-2.979104072,1.7417,1.7407,0.0014,0.0
38,58,CC1(C)c2ccccc2N(c2cc3ccc4c(-c5ccc(-c6ncsn6)cc5)ccc5c6nc7cc(C#N)c(C#N)cc7nc6c(c2)c3c45)c2ccccc21,-5.074653986,-3.2237345580000003,1.4361,1.4309,0.0001,0.0
39,59,CCC1(C)c2ccccc2N(c2ccc([Si]3(c4ccccc4)c4ccccc4N(c4ccnc5c4ccc4ccc(-c6ccc(C#N)cc6)nc45)c4ccccc43)cc2)c2ccccc21,-5.175064052,-2.136367014,2.716,2.5185,0.0001,0.0
40,61,N#Cc1ccncc1-c1ccc(-c2nc(OCc3cccnc3)c3ccc(N4c5ccccc5CC(=C(O)c5ccccc5)c5ccccc54)cc3n2)cc1,-4.798458276,-2.129019936,2.3417,2.3064,0.0122,0.0
41,64,Cc1cc(N2C(=O)C3=C(c4ccccc4)N(CC4=C(C#N)COC4C)C(=O)C3=C2c2ccc(N3c4ccccc4Oc4ccccc43)cc2)cc(C)c1C,-4.711926024,-2.6939286000000005,1.6194,1.2156,0.046,0.0
42,65,CCC1(C)c2ccccc2N(c2ccc(-c3ccc(C4=C(c5ccc(N6c7ccccc7CCc7cc(-c8cc(C)c(C)c(C)c8)ccc76)cc5)C(=O)N(c5ccccc5F)C4=O)cc3)cc2)c2ccccc21,-4.926079742,-2.765766696,1.7728,1.6521,0.0634,0.0
43,66,CCCCCCCCCCCc1ccc2c(c1)c1c3ccccc3sc1n2-c1ccc(B(c2c(C)cc(C)cc2C)c2c(C)cc(C)cc2C)c(-c2c(C#N)ccc(-c3c(F)cccc3F)c2C#N)c1,-5.199010084,-2.157591906,2.6536,2.5137,0.0482,0.0
44,68,CCCCCCCC(CCC)C1(C)OC(=C(C#N)c2ccc(-c3cc(Br)c(C(F)(F)CC(F)(F)C(F)(F)F)c(Br)c3)cc2)C(C#N)=C1C=C(C=Cc1ccc(B(c2c(C)cc(C)cc2C)c2c(C)cc(C)c(-c3ccc(-c4c(F)cc(F)cc4C#N)c(F)c3)c2C)cc1)C(C)(C)C,-5.802286822,-2.950532102,2.5185,1.5653,1.5385,0.0
45,69,CCCCCc1ccc2c(c1)C1(c3cc(-c4cccc(C5(c6ccccc6)c6ccccc6Sc6ccccc65)c4)ccc3-2)c2ccccc2N(c2ccc3c(c2)C(=O)c2cc(-c4ccc5c(c4)C(C)(C)c4cc6c(cc4-5)C(c4ccccc4)(c4ccccc4)c4cc5c(cc4-6)C(c4ccccc4)(c4ccccc4)c4cc(F)ccc4-5)ccc2S3(=O)=O)c2ccccc21,-5.17968999,-2.792978096,1.867,1.8541,0.0003,0.0
46,71,CCCCCCCCCCCCC(CCCCCCCCCC)Cc1ccc2c(c1)Sc1ccccc1N2c1ccc2sc3ccc4c(c3c2c1)C(C)(C)c1ccccc1N4c1ncnc(N2c3ccccc3Oc3ccccc32)n1,-4.898596228000001,-1.4522724180000002,2.9183,2.8388,0.0001,0.0
47,72,CC(C)c1ccc2c(c1)c1cc(C(C)(C)C)ccc1n2-c1ccc2c(c1)c1cc(-n3c4ccccc4c4sc5ccc(-c6ccc(N7C8=CC=CCC8C(c8ccccc8)(c8ccccc8)c8ccccc87)cc6)cc5c43)ccc1c1nc(C#N)c(C#N)nc21,-4.476003186,-3.0386970380000005,1.1267,1.1265,0.0001,0.0
48,73,Cc1cc(C)c(B(c2ccc(-c3ccc(C4=C(c5ccc(-c6ccc(N7c8ccc(C)cc8C8(c9ccccc9-c9ccc(-n%10c%11ccc(C#N)cc%11c%11cc(C#N)ccc%11%10)cc98)c8cc(C)ccc87)cc6)cc5)C(=O)N(c5cccc6ccccc56)C4=O)cc3)cc2)c2c(C)cc(C)cc2C)c(C)c1,-5.178601534,-2.638961572,2.2717,1.9542,0.0,0.0
49,74,Cc1ccc(-c2nc3c(n2CC(C)C)C2C(=C(OB(F)F)c4ccc5c(c4)-c4ccc(-c6ccc(N7c8ccccc8C8(c9ccccc9Oc9ccccc98)c8ccccc87)cc6)cc4C5)C=Cc4ccc5c(-c6cccc7c6sc6ccccc67)ccc-3c5c42)cc1C(C)C,-4.900501026000001,-1.788605322,2.5402,1.7231,0.0334,0.0
50,76,O=[N+]([O-])c1ccc(-c2ccc3c(n2)c2nc(-c4ccncc4)cc(N4c5ccccc5Oc5ccccc54)c2c2nc4c(N(c5ccncc5)c5ccc6c(c5)SC5C=CC=CC5N6)ccc(N5c6ccccc6Oc6ccccc65)c4nc32)cc1,-4.797914048,-2.9230485880000003,1.3311,1.3182,0.0014,0.0
51,77,CC(C)CN1c2ccccc2C=Cc2cc(-n3c4ccccc4c4ccc5c(c43)-c3ccc(-c4cnc6cc(C#N)c(C#N)cc6n4)cc3C53c4ccccc4-c4ccccc43)ccc21,-5.444456912000001,-2.848489352,2.2753,2.0077,0.1311,0.0
52,78,CC=C(O)c1ccc(-c2ccc(-c3ccc(C#N)c(C#N)c3)c(N3C4=CC=CCC4c4ccccc43)c2)cc1,-4.8327446400000005,-2.30072387,1.9859,1.9288,0.0076,0.0
53,79,Cc1cc(N2c3ccccc3C3(c4ccccc4Sc4ccccc43)c3ccccc32)ccc1-c1cc(-n2c3ccc(N4c5ccccc5Oc5ccccc54)cc3c3ccc(C#N)cc32)nc(C#N)n1,-4.83682635,-2.603586752,1.9255,1.9245,0.0008,0.0
54,80,CC(C)(C)C1=CCC=C(Cc2c(F)c(N3c4ccccc4C4(c5ccccc5-c5ccccc54)c4ccccc43)c(C#N)c(C(C)(C)C)c2C#N)O1,-5.290984616,-2.300179642,2.245,2.2212,0.0035,0.0
55,81,Cc1cc(-c2ccc3c(c2)C(C)(C)c2cc(C#N)ccc2-3)cc(C)c1-c1cc(-c2ccc(C#N)c(C#N)c2)cc2nccc(-c3ccc(-c4cc5c6c(c4)Oc4ccccc4B6c4ccccc4O5)c(C)c3/N=N/c3ccccc3)c12,-5.905690142,-2.584810886,2.331,1.5851,0.0118,0.0
56,82,CC1=CN(c2ccc(C(=C(C#N)C(=O)c3ccccc3C)c3ccc(-n4c5ccc(-c6ncc(-c7cnc(C#N)nc7)s6)cc5c5cc(N6c7ccccc7SC7(c8ccc(COc9cc(C)cc(C)c9)cc8)C=CC=CC67)ccc54)cc3)cc2)c2ccc(N3CCCCCC3)cc2C1(C)C,-4.61097173,-2.5214083240000003,1.8431,1.4981,0.3518,0.0
57,83,CC(=Cc1ccc(-c2ccc3c(c2)-c2ccccc2C32c3cc(C)ccc3N(c3ccc4c(c3)COC4=O)c3ccc(C)cc32)c2cc(-c3ccc(B(c4c(C)cc(C)cc4C)c4c(C)cc(C)c(-c5cnc(C#N)c(C#N)n5)c4C)cc3)ccc12)C(C)(C)C,-5.109484578,-2.709983326,2.2261,2.2261,0.0,0.0
58,87,Cc1c(C)n(-c2ccc3c(c2)c(C)c(C)n3-c2cc(C3(c4ccccc4)c4cc(-c5ccc(C#N)c(C#N)n5)ccc4-c4ccc(N5C6=CC=CCC6C(c6ccccc6)(c6ccccc6)c6ccccc65)cc43)ccc2-c2ccccc2)c2ccccc12,-4.759545974000001,-2.6522951580000003,1.7998,1.784,0.0159,0.0
59,89,Cc1cccc(O)c1N(c1ccc(C#Cc2ccc(C#Cc3ccccc3)c3nc(-c4ccc(N5c6ccccc6Oc6ccccc65)c(CN5CCCCCC5)c4)c(-c4ccc([N+](=O)[O-])cc4)nc23)cc1)c1ccc(CO)cc1,-4.696959754000001,-2.657465324,1.7164,1.5491,0.0016,0.0
60,90,CCCCc1cc2c3cc(-n4c5ccc(-c6ccc(O)cc6C)cc5c5oc6ccccc6c54)ccc3n(-c3ccc(/C=N/c4ccc(N5c6ccccc6S(=O)(=O)c6ccccc65)cc4)cc3)c2cc1Cc1ccccc1,-5.09941636,-2.229430002,2.5761,2.399,0.119,0.0
61,93,CCCCCc1ccc2c(c1)c1cc(-c3c(C)cc(N4C5=CC=CCC5C(c5ccccc5)(c5ccccc5)c5ccccc54)cc3C)ccc1c1c2nc(-c2cccc3ccc(N4c5ccccc5C(C)(C)c5ccccc54)cc23)n1-c1cnc(C#N)nc1-c1c(C)cccc1C,-4.440900480000001,-2.4144675220000003,1.7877,1.7877,0.0,0.0
62,94,CCC1(C)c2ccccc2N(c2ccc(-c3ncnc(-n4c5ccc(C#N)cc5c5cc(C#N)ccc54)c3S(=O)(=O)c3cnc(-c4ccc(C(C)(C)C)c(F)c4)nc3N3c4ccccc4C(C)(C)C4C=CC=CC43)cc2)c2ccccc21,-5.17424771,-2.6392336860000003,2.0592,2.0518,0.0024,0.0
63,97,CCCCCCc1c(-c2ccnc(-c3ccccc3C)n2)cc2c3nc4cc(C#N)c(C#N)cc4nc3c3ccc(-c4ccc(N5C=C(C)C(C)(C)c6ccccc65)cc4)c4ccc1c2c43,-4.938596986,-3.1399234460000005,1.5592,1.5165,0.0533,0.0
64,98,Cc1c(-c2ccc3c(c2)c2ccccc2c2nc4cc(C#N)c(C#N)cc4nc32)ccc2ccc(-c3ccc4c(c3)[Si](c3ccccc3)(c3ccccc3)c3ccccc3N4c3ccc4c(c3)Oc3ccccc3B4c3ccc(N4c5ccccc5CCc5ccccc54)cc3)cc12,-5.002815890000001,-3.0980178900000004,1.7872,1.7872,0.0,0.0
65,100,CC1(C)c2ccccc2N(c2ccc(C3=C4C(=O)N(c5ccccn5)C(c5ccc(N6c7ccccc7Sc7ccccc76)cc5)=C4C(=O)N3)cc2)c2ccc3oc4ccccc4c3c21,-4.954651712,-2.813930874,1.764,1.2163,0.0003,0.0
66,104,CC(C)(C)c1ccc2c(c1)C(C)(C)c1cc(-c3ccc(O)c(N4C5=CC=CCC5C(c5ccccc5)(c5ccccc5)c5ccccc54)c3)ccc1N2c1ccc2c(c1)S(=O)(=O)c1ccc(N3c4ccccc4C(C)(C)c4ccccc43)cc1S2(=O)=O,-4.403620862,-2.4729720320000004,1.6841,1.684,0.0001,0.0
67,106,CC(C)(C)C(C=Cc1cc2ncc(C=C(O)c3ccc(N4c5ccccc5Oc5ccccc54)cc3)nc2cc1N1C2=CC=CCC2c2ccccc21)=C1C=CC=C2C1c1ccccc1N2c1ccc(C#N)cc1F,-4.583488216,-2.342629426,1.8003,0.9053,0.0084,0.0
68,109,CC(C)(C)CC=C1Cc2ccccc2N(c2ccc3c(c2)C2(c4ccccc4S(=O)(=O)c4ccccc42)c2cc(N4c5ccccc5CCc5ccccc54)ccc2S3(=O)=O)c2ccc(-c3ccc(Br)cc3)cc21,-4.991659216,-1.392951566,2.9867,2.8035,0.0061,0.0
69,112,CCC1(C)c2ccccc2N(c2ccc3c(c2)c2cc(N4c5ccccc5C(C)(C)c5ccccc54)ccc2c2nc4ncc(-c5cc6nc(-c7ccccc7C)c(-c7ccc(Cl)cc7)nc6cc5N5c6ccccc6[Si](c6ccccc6)(c6ccccc6)c6ccccc65)cc4nc32)c2ccccc21,-4.919276892,-2.687669978,1.8608,1.8581,0.0,0.0
70,113,CCCCCCn1nc(C)c2c(=O)oc3ccc(-n4c5ccc(C(C)(C)C)cc5c5cc6c(cc54)C(C)(C)c4cc(N5c7ccccc7CCc7cc(N8c9ccccc9C(C)(CC)c9cc(N%10C=C(C)C(C)(C)c%11ccccc%11%10)ccc98)ccc75)ccc4-6)cc3c21,-4.407158344,-1.65309255,2.5948,2.5948,0.0,0.0
71,114,O=S1(=O)c2ccccc2N(c2cccc3nc4c5cccnc5c5ncccc5c4nc23)c2ccccc21,-5.8893633020000005,-2.741276436,2.5251,2.5097,0.0,0.0
72,117,N#Cc1ccc(N2c3ccc(-c4ccc(-c5cc(-n6c7ccccc7c7c8ccccc8oc76)ccc5F)c5nc(-c6ccc(/N=C/c7ccccc7)cc6)c(-c6ccc(Br)cc6)nc45)cc3SC3(c4ccccc4)C=CC=CC23)cc1,-5.190030322,-2.3276631560000003,2.5229,2.2886,0.004,0.0
73,118,Cc1ccc2c(c1)C1(c3ccccc3Oc3ccccc31)c1cc(C)ccc1N2c1cc2c(cc1C=CC1=CC(=CC3=CCC=C(C(C)(C)C)O3)C=C(C(C)(C)C)O1)C(=O)N(c1ccc3c(c1)C(C)(C)c1cc(N4c5ccccc5C(C)(C)C5C=CC=CC54)ccc1S3(=O)=O)C2=O,-4.82730236,-2.7535215660000003,1.8474,1.1139,0.2576,0.0
74,119,c1ccc(C2(c3ccccc3)c3ccccc3N(c3ccc4c(c3)c3cc(N5c6ccccc6C(c6ccccc6)(c6ccccc6)c6ccccc65)ccc3c3nc5ncccc5nc43)c3ccccc32)cc1,-5.129076786,-2.6890305480000003,2.0465,2.0435,0.0,0.0
75,121,CCCCCc1ccc(C(=C(O)c2ccc(-c3cc4cc(N5c6ccccc6S(=O)(=O)c6cc(CCCC)ccc65)ccc4c4nc5c(nc34)c(-c3ccc(C#N)cc3)cc3cc(CCCC)ccc35)cc2)c2ccccc2)cc1,-5.107851894,-2.721412114,2.0441,1.9512,0.0374,0.0
76,122,CC1(C)c2ccccc2N(c2ccc3c(c2)C(=O)c2c(-c4ccc(C#N)c(-c5cccnc5)c4)cccc2S3(=O)=O)c2c1ccc1c2oc2ccccc21,-5.272480864,-2.905361178,1.8549,1.8392,0.0003,0.0
77,123,CCCCc1nc2c3ccc(-n4c5ccc(-c6cc7c8c(c6)Oc6ccccc6B8c6ccccc6O7)cc5c5c6ccccc6oc54)cc3c3cc(-c4ccc(/N=N/c5ccccc5C)cc4)ccc3c2n1C1CCCCC1,-5.050707954,-2.253376034,2.4953,1.7213,0.0855,0.0
78,125,Cc1cc(N2c3ccccc3B(c3ccc(-c4ncnc(-c5ccc(C#N)c(C#N)c5)n4)cc3)c3ccccc32)ccc1/N=N/c1ccccc1,-5.680107636000001,-2.810121278,2.5951,1.6089,0.0362,0.0
79,129,Cc1nc2c3ccc(-c4cccc(P(=O)(c5ccccc5)c5ccccc5)c4)cc3c3cc(-n4c5ccccc5c5c6oc7ccccc7c6ccc54)ccc3c2n1-c1ccc2c(c1)C(c1ccccc1)(c1ccccc1)c1ccc(-n3c4ccccc4c(=O)c4ccccc43)cc1-2,-5.178601534,-1.7956802859999998,3.0299,2.6754,0.0024,0.0
80,131,N#Cc1ccccc1-n1c2ccccc2c2ccc(C#N)c(-c3cc4c(cc3-c3cccs3)C3(c5ccccc5Oc5ccccc53)c3ccccc3-4)c21,-5.601738804,-1.849558858,3.1964,2.6712,0.0055,0.0
81,132,Cc1nc(C=C(C#N)c2ccc(N3C4=CC=CCC4C(c4ccccc4)(c4ccccc4)c4ccccc43)cc2)c(C#N)c(-c2ccc(C=Cc3cc(C=Cc4ccncc4)c(C)s3)cc2)c1C#N,-4.746484502,-3.143188814,1.2258,1.1759,0.0388,0.0
82,134,CN(C)c1ccc(C2=C3C(=O)N(c4ccccc4)C(c4ccc(-n5c6ccccc6c6ccc7c8ccccc8sc7c65)cc4)=C3C(=O)N2)cc1,-4.876827108,-2.2857576,2.4205,1.2155,0.8473,0.0
83,135,C=Cc1ccc(N(c2ccc3ccccc3c2)c2nc3c4ccc(-c5ccnc6cc(-c7ccccc7C#N)ccc56)cc4c4cc(-c5cc6c(=O)c7ccccc7n7c8ccccc8c(=O)c(c5)c67)ccc4c3o2)cc1,-5.083361634,-2.349160162,2.4102,2.2399,0.0089,0.0
84,136,CC(C)c1ccc2c(c1)Sc1cc(C(C)(C)C)ccc1N2c1cccc2c1N(c1ccc3nsnc3c1)c1ccc(-c3cscc3F)cc1C2(C)C,-4.764988254,-2.2827643460000004,1.9436,1.8676,0.0158,0.0
85,138,N#Cc1cc(F)c(-c2nnc(-c3ccc(/N=C/c4ccc(N5c6ccccc6Sc6ccccc65)cc4)cc3)o2)c(C#N)c1N1c2ccccc2SC2(c3ccc(-c4ncc(-c5ccccc5F)s4)o3)C=CC=CC12,-5.0836337480000005,-2.8920275920000003,1.9893,1.927,0.0001,0.0
86,140,Cc1cc(-c2cc3nc4c(nc3cc2-c2ccc(N3c5ccccc5C(C)(C)c5c3ccc3sc6ccccc6c53)cc2)-c2cccc3cccc-4c23)ccc1/N=N/c1ccccc1,-4.758185404,-2.309431518,2.1473,1.7303,0.0,0.0
87,143,N#Cc1nc2c3ccc(N4c5ccccc5Sc5ccccc54)c4ccc5c(-n6c7ccccc7c7ccccc76)ccc(c2nc1C#N)c5c43,-5.351393924,-3.108630336,1.8347,1.83,0.0001,0.0
88,144,CC1=CN(c2ccc(-c3c(F)cc(N4c5ccccc5C5(c6ccccc6C(=O)c6ccccc65)c5ccccc54)cc3C#N)cc2)c2ccccc2C1(C)C,-4.906487534,-2.025072388,2.4874,2.3171,0.1691,0.0
89,145,Cc1ccc2c(c1)C1(c3ccccc3Oc3ccccc31)c1cc(C)ccc1N2c1ccc2c(c1)c1ccc(-c3ccc4c(c3)c3cc(N5c6ccccc6[Si](c6ccccc6)(c6ccc(C7CCCCC7)cc6)c6ccccc65)ccc3c3nc(C#N)c(C#N)nc43)nc1n2-c1ccc(CO)cc1,-4.927440312,-2.970396424,1.7444,1.7431,0.0,0.0
90,146,CC(C)Cc1ccc(N2C(=O)c3cccc4c(-n5c6ccccc6c6c7sc8ccccc8c7ccc65)ccc(c34)C2=O)cc1C#N,-5.63139923,-2.806311682,2.3214,2.1121,0.0703,0.0
91,147,CC1(C)c2ccc(-c3ccc4c(c3)-c3ccc(-c5ccc6c(c5)c(=O)c5cccc7c(=O)c8ccccc8n6c75)cc3C43c4ccccc4N4c5ccccc5C(C)(C)c5cccc3c54)cc2-c2ccc(-c3ccc(C#N)cc3)cc21,-5.156288186,-2.33201698,2.5737,2.4385,0.0,0.0
92,148,C=Cc1ccc(-n2c3ccc(-c4ccc5c6c(cccc46)-c4nc(C#N)c(C#N)nc4-5)cc3c3cc(C4(c5ccc6c(c5)c5ccccc5n6-c5ccc6c(c5)C5(CCCC5)c5ccccc5-6)c5ccccc5Sc5ccccc54)ccc32)cc1,-5.124995076,-2.98373001,1.9046,1.8845,0.014,0.0
93,151,Cc1nn(-c2ccccc2Cc2ccc3c(c2)C(C)(C)c2ccccc2-3)c2c1c(=O)oc1ccc(-c3ccc4c(c3)C(=O)N(c3ccc5ccc6ccc(N(c7ccccc7)c7ccc8cc(N9c%10ccccc%10C(C)(C)c%10c9ccc9sc%11ccccc%11c%109)ccc8c7)cc6c5c3)C4=O)cc12,-4.867031004,-2.49392481,2.1822,2.1706,0.0002,0.0
94,152,CC1(C)c2ccccc2N(c2ccc3ccc4ccc(-c5ccnc6ccc(-c7ccc([N+](=O)[O-])cc7)nc56)nc4c3n2)c2ccccc21,-5.335067084,-2.687669978,2.3447,2.2252,0.035,0.0
95,153,CCC1(C)c2ccccc2N(c2ccc3c(c2)C(C)(C)c2cc(-n4c(N5c6ccccc6C(C)(CC)c6ccccc65)nc5cc(C(=O)c6ccc7c(c6)Oc6cccc8c6B7c6ccccc6O8)ccc54)ccc2S3(=O)=O)c2ccccc21,-5.307855684000001,-2.136367014,2.9477,2.6904,0.0025,0.0
96,154,CCC1(C)c2ccccc2N(c2ccc(-c3ccc(N4c5ccccc5SC5(c6ccc(Br)cc6)C=CC=CC45)c4nc(-c5ccc(N6c7ccccc7C7(c8ccccc8Sc8ccccc87)c7ccccc76)c(C=C6C(=O)c7ccccc7C6=O)c5)c(-c5ccc(CO)cc5)nc34)cc2C)c2ccccc21,-5.033564772,-2.84495187,1.6101,1.5898,0.0032,0.0
97,155,N#Cc1ccc2c(c1)c1cc(C#N)ccc1c1nc3cc(-n4c5ccccc5c5c6c(ccc54)-c4ccccc4C6(c4ccccc4)c4ccccc4)ccc3nc21,-5.412075346000001,-3.058833474,1.979,1.7937,0.1773,0.0
98,156,CCCCCCCCCCCCC(CCCCCCCCCC)Cc1ccc(-c2nc3cc(N4c5ccccc5B(c5ccc(N6CCCCCC6)cc5)c5ccccc54)cnc3nc2-c2ccc(C#N)nc2)cc1,-4.901045254,-2.8030463140000004,1.8078,1.804,0.0001,0.0
99,157,N#Cc1cc2ncc(-c3ccc(N4c5ccccc5B(c5ccc(N6c7ccccc7Sc7ccccc76)cc5)c5ccccc54)cc3)nc2cc1C#N,-4.886623212,-3.3026476180000004,1.4161,1.4161,0.0,0.0
100,158,CC1=CN(c2ccc(C3(c4cccc(-c5ccc(-c6nc7cc(N8c9ccccc9Oc9ccccc98)c(-c8ccc9ccccc9c8)nc7nc6-c6ccc(COc7ccc(C)c8ccccc78)cc6)c(C)c5)c4)c4ccccc4Sc4ccccc43)cc2)c2ccccc2C1(C)C,-4.648795576,-2.452563482,1.8343,1.7855,0.0184,0.0
101,161,CC1(C)c2ccccc2-c2cc3c4ccccc4n(-c4cccc(N5C(=O)c6cccc7c(-c8ccc9oc%10ccc%11c(c%10c9c8)C(C)(C)c8ccccc8N%11c8ccccc8)ccc(c67)C5=O)c4C#N)c3cc21,-4.977237174,-2.495829608,2.169,2.145,0.0074,0.0
102,162,Cc1cc(C)c2c(c1)c1cc(C)c(-c3c(C#N)c(C=Cc4c(C)cc(N5c6ccccc6C(c6ccccc6)(c6ccccc6)c6ccccc65)cc4C)nc(Cc4cc(F)cc(F)c4)c3C#N)c(C)c1n2-c1ccc2cc(C(C)(C)C)ccc2c1,-5.042000306,-2.531204428,2.1461,2.1453,0.0003,0.0
103,163,Cc1ccc2c(c1)C1(c3ccccc3-c3ccc(N4c5ccccc5C5(c6ccccc6Oc6ccccc65)c5ccccc54)cc31)c1cc(C)ccc1N2c1ccc(-c2ccc3c4nc(C#N)c(C#N)nc4c4cccc5ccc2c3c54)cc1,-4.969345868,-2.9635935740000003,1.8125,1.8123,0.0002,0.0
104,164,Cc1sc(C=C(OB(F)F)c2ccc3ccc4ccc(N5c6ccccc6Sc6ccccc65)cc4c3c2)c(C)c1-c1ccc(Br)c(-c2ncc(C#N)c(-c3ccccc3F)n2)c1,-4.966896842000001,-2.363582204,2.4257,2.4257,0.0,0.0
105,167,N#Cc1nc2c3ccc(C4CCCCC4)cc3c3cc(N4c5ccccc5C(c5ccccc5)(c5ccc(N6c7ccccc7[Si](c7ccccc7)(c7ccccc7)c7ccccc76)cc5)c5ccccc54)ccc3c2nc1C#N,-5.1462199680000005,-2.967675284,1.9938,1.9937,0.0,0.0
106,168,CCC1(C)c2ccccc2N(c2nc(-c3ccc4c(c3)C3(c5cc(-c6ccc7c8c6Oc6ccccc6B8c6ccc(C(C)C)cc6O7)ccc5-4)c4ccccc4N(c4ccccc4O)c4ccccc43)ncc2C#N)c2ccccc21,-4.8787319060000005,-2.004663838,2.3992,2.3721,0.0003,0.0
107,169,N#Cc1cc2ncc(-c3ccc(N4c5ccccc5Oc5ccccc54)s3)nc2cc1C#N,-5.154655502,-3.200876982,1.5025,1.4955,0.0,0.0
108,171,Cc1cc(-c2ncc(C)c(-c3cnc(C#N)nc3)n2)ccc1/N=N/c1ccc(-c2ccc3ccc4cc(N5c6ccccc6C(c6ccccc6)(c6ccccc6)c6ccccc65)cc5ccc2c3c45)cc1,-5.082001064000001,-2.73202456,2.1576,1.6588,0.0001,0.0
109,172,N#Cc1c(-c2ccncc2)nc(-c2ccc(N3c4ccccc4C=Cc4ccccc43)cc2)c(C#N)c1-c1nc(-c2ccccc2)nc(-c2ccc(Cl)cc2)n1,-5.585684078000001,-2.425624196,2.6695,2.2776,0.0093,0.0
110,173,CCCCc1nc(C#N)c(C#N)cc1N1c2ccccc2C(c2ccccc2)(c2ccc(N3C=C(C)C(C)(C)c4ccccc43)cc2)c2ccccc21,-4.8199552820000005,-2.570660958,2.0203,2.0203,0.0,0.0
111,175,CCn1c2ccc(Cc3ccc(-c4cc5c(cc4-c4ccc(C#N)cc4)-c4cc(N6c7ccccc7C=Cc7ccccc76)ccc4C5(C)C)cc3)cc2c2cc(N3c4ccccc4C(c4ccccc4)(c4ccccc4)c4ccccc43)ccc21,-4.96471993,-1.564927614,3.1996,2.3592,0.0,0.0
112,176,CCC1(C)c2ccccc2N(c2ccc(C3(c4ccccc4)c4ccccc4N(c4nnc(-c5ncncn5)nc4-c4cncnc4)c4ccccc43)cc2)c2ccccc21,-4.645802322,-2.9086265460000003,1.37,1.3698,0.0,0.0
113,178,CCC1(C)c2ccccc2N(c2ccc(-c3nc(-c4ccncc4)ncc3-c3ncnc(-c4ccc(Cl)c(N5C=C(C)C(C)(C)c6ccccc65)c4)n3)c(C#N)n2)c2ccccc21,-4.864581978,-2.8857689700000004,1.6072,1.5879,0.0035,0.0
114,183,CC(C)(C)c1ccc2c(c1)c1cc(-c3nc4ncnn4cc3N3c4ccccc4C4(c5ccccc5Sc5ccccc54)c4ccccc43)c(C#N)cc1n2-c1ccc(/C=N/c2ccccc2)cc1,-5.456702042000001,-2.101536422,2.6803,2.4953,0.0031,0.0
115,185,CC(=CC1=CN(c2ccc(-c3ncc(-c4ccc(-n5c6ccccc6c6cc(Cc7ccccc7)ccc65)cc4F)c(C#N)c3C(C#N)C#N)cc2)c2ccccc2C1(C)C)C(C)(C)C,-5.086082774,-2.56467445,2.1728,2.0818,0.0902,0.0
116,186,Cc1ccccc1-c1nc2cccnc2c(-c2cc3nc(-c4ccc(Br)cc4)c(-c4ccc(Br)cc4)nc3cc2-c2c(F)c(F)cc(F)c2F)c1C#N,-6.272499814,-2.585355114,3.2457,2.499,0.2671,0.0
117,187,N#Cc1nc2c3cccc4ccc5c(N6c7ccccc7[Si](c7ccccc7)(c7ccc(N8c9ccccc9[Si](c9ccccc9)(c9ccccc9)c9ccccc98)cc7)c7ccccc76)ccc(c2nc1C#N)c5c43,-5.169621772,-3.010397182,1.9805,1.9805,0.0,0.0
118,190,Cc1ccc2c(c1)C1(c3ccccc3-c3ccc(-c4cnc5cc(C#N)c(C#N)cc5n4)cc31)c1cc(C)ccc1N2c1ccc(Cc2ccccc2)cc1,-5.038462824,-2.8770613220000003,1.7685,1.7671,0.0001,0.0
119,191,CC1=CN(c2ccc3c4nc(C#N)c(C#N)nc4c4ccc(N5c6ccccc6Oc6cc(N7c8ccccc8Oc8ccccc87)ccc65)c5ccc2c3c54)c2ccccc2C1(C)C,-4.65042826,-3.1151610720000003,1.2872,1.2868,0.0005,0.0
120,192,CC1=CN(c2ccc(-c3cc(-c4ccc(B5c6ccccc6Oc6cc(C(C)(C)C)ccc65)cc4)c4nsnc4c3C#N)c(C3(c4ccccc4)c4ccccc4-c4ccccc43)c2)c2ccccc2C1(C)C,-4.7293413200000005,-2.80413477,1.5917,1.5577,0.0249,0.0
121,195,CC1=CN(c2ccc3c(c2)c2cc(C#N)cc4c5cc(N6c7ccccc7C(c7ccccc7)(c7ccccc7)c7ccccc76)ccc5n3c24)c2ccccc2C1(C)C,-4.870568486000001,-1.965751536,2.4404,2.3493,0.0075,0.0
122,196,Cc1c(/N=N/c2ccc(-c3c(F)c(C(F)(F)F)c(F)c(-c4cnc(C#N)nc4)c3C#N)cc2)ccc(-c2ccc(/C=N/c3ccc(N4C5=CC=CCC5C(c5ccccc5)(c5ccccc5)c5ccccc54)cc3)cc2)c1-c1ccc(-c2ccc(Br)cc2)nc1C#N,-4.546480712,-3.02318654,1.3912,1.3904,0.0021,0.0
123,198,CC1(c2ccc(C#N)cc2F)OC(=C(C#N)c2ccc(N3c4ccccc4C(c4ccccc4)(c4ccccc4)c4ccccc43)cc2)C(C#N)=C1C=Cc1sc(Br)cc1C=Cc1ccccc1,-5.0651299960000005,-3.2493132740000004,1.5238,1.1876,0.0,0.0
124,199,Cc1ccc2c(c1)C1(c3ccccc3-c3ccccc31)c1cc(C)ccc1N2c1ccc2c(c1)cc(-c1cc3ccc4cccc5ccc(c1)c3c45)c1nc3c(-c4ccc(Cl)cc4)cc4cc(N5c6ccccc6C=Cc6ccccc65)ccc4c3nc12,-4.839003262,-2.466985524,1.9753,1.9717,0.0,0.0
125,200,Cc1ccc(-c2nc3cc(-c4ccc(Cl)c(N5c6ccccc6C=Cc6ccccc65)c4)c(F)cc3nc2-c2nc(C#N)ncc2N2c3ccccc3CCc3ccccc32)s1,-5.210166758000001,-2.669710454,2.0981,2.0096,0.008,0.0
126,201,c1ccc2c(c1)Oc1ccccc1N2c1ccnc2cccnc12,-4.69260593,-2.104257562,1.8923,1.8812,0.0,0.0
127,202,Cc1cc(N2C(=O)c3ccccc3C2=O)ccc1/N=N/c1ccccc1,-5.945418786,-2.371201396,2.4789,1.7389,0.0001,0.0
128,204,O=[N+]([O-])c1ccc(-c2nc3c(N4c5ccccc5Oc5ccccc54)ccc(-c4cc5nc(-c6ccc(N7c8ccccc8C8(c9ccccc9Oc9ccccc98)c8ccccc87)cc6)c(-c6cccnc6)nc5cc4-c4ccc(COc5ccccc5)cc4)c3nc2-c2ccccc2)cc1,-4.813152432000001,-2.765494582,1.4874,1.4713,0.0028,0.0
129,206,N#Cc1nc2c3ccc(-c4ccccc4)cc3c3cc(N4c5ccccc5C5(c6ccccc6-c6ccccc65)c5ccccc54)ccc3c2nc1C#N,-5.233024334,-3.006315472,1.8125,1.8093,0.0002,0.0
130,208,Cc1ccccc1-c1cc(N2c3ccccc3[Si](c3ccccc3)(c3ccc(N4C5=CC=CCC5C(c5ccccc5)(c5ccccc5)c5ccccc54)cc3)c3ccccc32)nc(C#N)n1,-4.517364514,-2.2558250600000003,2.042,2.042,0.0,0.0
131,209,N#Cc1nc(-c2ccc(/C=N/c3ccccc3)cc2)c(-c2nc(-c3ccc(N4C5=CC=CCC5C(c5ccccc5)(c5ccccc5)c5ccccc54)cc3)nc(-c3cccc4oc5ccccc5c34)n2)nc1C#N,-4.741858564,-3.169855986,1.2925,1.286,0.0044,0.0
132,210,CC=CC1=CN(c2nc(-c3ccc(N4c5ccccc5[Si](c5ccccc5)(c5ccccc5)c5ccccc54)c(F)c3)c(C#N)c(-c3ccncn3)c2C#N)c2ccccc2C1(C)C,-5.3249988660000005,-2.610661716,2.2874,2.1876,0.004,0.0
133,211,Cc1nc(-c2ccccc2)cc(-c2ccc3nc4c5ccc(N6c7ccccc7C7(c8ccccc8Oc8ccccc87)c7ccccc76)cc5c5cc(N6c7ccccc7C(C)(C)c7ccccc76)ccc5c4nc3c2)n1,-4.943222924,-2.67215948,1.8959,1.8935,0.0,0.0
134,213,COc1ccc2c(c1)C(C)(C)c1cc(C#N)c(N3c4ccc(N5C=C(C)C(C)(C)c6ccccc65)cc4CCc4cc(N5c6ccccc6C6(c7ccccc7Oc7ccccc76)c6cc(C(C)C)ccc65)ccc43)cc1-2,-4.636550446,-1.783979384,2.4876,2.4764,0.0046,0.0
135,214,N#Cc1cc(-c2cc(N3c4ccccc4Oc4ccccc43)ccn2)nc(-c2cccc3c2S(=O)(=O)c2ccccc2C3=O)c1,-4.935059504,-2.781821422,1.9189,1.9189,0.0,0.0
136,215,CC1=CN(c2ccc3c(c2)c2ccc(C#N)cc2n3-c2ccc(-c3cc(C#N)cc(-c4cc(-n5c6ccccc6c6ccc(Cc7ccccc7)cc65)c5ncnn5c4)n3)cc2)c2ccccc2C1(C)C,-4.811247634,-2.583178202,1.9931,1.9877,0.008,0.0
137,216,Cc1cc(C)c(B(c2ccccc2N2c3ccccc3C3(c4ccccc4C(=O)c4ccccc43)c3ccccc32)c2c(C)cc(C)c(-c3cc(C#N)cc(C#N)c3)c2C)c(C)c1,-5.266494356,-2.194055182,2.448,2.4231,0.0013,0.0
138,217,CC1(C)c2cc(C#N)ccc2-c2ccc(-n3c4ccccc4c4cc(-c5ccc6c(c5)c5c7sc8ccccc8c7ccc5n6-c5ccc(-c6ccc7c8c6Oc6ccccc6B8c6ccccc6O7)cc5)ccc43)cc21,-5.0466262440000005,-1.838402184,2.9692,2.5903,0.151,0.0
139,218,CC1=C(C#N)COC1(C)c1ccc2c(c1)c1cc(C)ccc1n2-c1ccc2c(c1)c1cc(-c3ccc(B(c4c(C)cc(C)c(N5C6=CC=CCC6c6ccccc65)c4C)c4c(C)cc(C)c(-n5ccc6ccccc65)c4C)cc3)ccc1c1nc3cc(C(C)(C)C)cnc3nc21,-4.53341924,-2.6482134480000004,1.684,1.6827,0.0011,0.0
140,220,N#Cc1c(-c2ccc(N3C4=CC=CCC4C(c4ccccc4)(c4ccccc4)c4ccccc43)cc2)cc2c3cc(N4c5ccccc5C(c5ccccc5)(c5ccccc5)c5ccccc54)ccc3n(-c3ccc([Si](c4ccccc4)(c4ccccc4)c4ccccc4)cc3)c2c1C(F)(F)CC(F)(F)C(F)(F)F,-4.450968698,-1.866974154,2.2448,2.1702,0.0029,0.0
141,222,CC(C)(C)c1ccc2c(c1)c1cc(Cc3ccc(-c4nc5cc(C#N)c(C#N)cc5nc4-n4c5ccccc5c5ccc(Cc6ccccc6)cc54)cc3)ccc1n2-c1ccc([N+](=O)[O-])cc1,-5.771537940000001,-2.939919656,2.5565,2.1415,0.0095,0.0
142,223,CC1(C)c2ccccc2N(c2ccc(-c3ccc(C#N)nc3)c(/C=C/n3c4ccccc4c4cc(-c5cccc6sc7ccccc7c(=O)c56)ccc43)c2)c2ccccc21,-5.01642159,-1.927111348,2.6331,2.4969,0.0009,0.0
143,224,N#Cc1ccc2c(c1)c1cc(C#N)ccc1n2-c1c(C#N)c(C#N)c(-n2c3ccccc3c3sc4ccccc4c32)c2nc(-n3c4ccc(-c5cc(Br)cc(Br)c5)cc4c4ccc(C#N)cc43)c(-c3ccc(N4c5ccccc5CCc5ccccc54)cc3)nc12,-5.537792014,-3.4890457080000004,1.515,1.4409,0.0273,0.0
144,226,CCCC(=Cc1cc2ncc(C)nc2cc1N1c2ccccc2Sc2ccccc21)c1cnc(C#N)nc1,-5.307855684000001,-2.322765104,2.4583,2.4242,0.0028,0.0
145,228,CCCCCc1ccc2c(c1)c1cc(C)ccc1n2-c1cc(-c2c(F)c(-c3ccc(F)cc3)c(C#N)c(-c3ccc(-n4c5ccc(C(C)(C)C)cc5c5ccc(C#N)cc54)c4nsnc34)c2C#N)c(C(C)C)cc1Cl,-5.236017588,-2.9929818860000004,1.8964,1.8961,0.0001,0.0
146,230,CCCCCCCCn1c(-c2ccc3c4nc(C#N)c(C#N)nc4c4cc(-n5c6ccccc6c6cc(-c7ccc(N8C9=CC=CCC9C(c9ccccc9)(c9ccccc9)c9ccccc98)cc7F)ccc65)cc5ccc2c3c54)nc2cc(CC)ccc21,-4.524439478000001,-3.082507392,1.2339,1.2338,0.0001,0.0
147,231,CCC1(C)c2ccccc2N(c2cnc3nc(-c4ccc([N+](=O)[O-])cc4)c(-c4ccnc5ncc(N6c7ccccc7C(C)(CC)c7ccccc76)nc45)cc3n2)c2ccccc21,-5.676842268000001,-2.515966044,2.7139,2.2773,0.023,0.0
148,233,CC1(C)c2ccccc2N2c3ccccc3C3(c4ccccc4-c4cc(N5c6ccccc6C(c6ccccc6)(c6ccc(N7C8=CC=CCC8C(c8ccccc8)(c8ccccc8)c8ccccc87)cc6)c6ccccc65)ccc43)c3cccc1c32,-4.416138106,-1.093081938,3.1057,2.2145,0.0,0.0
149,234,CC(=Cc1cc(-c2ccc3c(c2)c2c4oc(=O)c(-c5ccc(C)cc5)c(-c5ccc(C(F)(F)F)cc5)c4ccc2n3-c2ccc3nc4c5cc(C#N)ccc5c5ccc(C#N)cc5c4nc3c2)ccc1-c1ccc(C#N)cc1)C(C)(C)C,-5.72391799,-3.2071356040000003,2.1537,1.9754,0.1695,0.0
150,235,Cc1cc(N2c3ccccc3Sc3ccccc32)ccc1-c1cc(-c2cccnc2C#N)c(C#N)nc1-c1ccc(C(C)(C)C)cc1C,-5.013428336,-2.3551466700000003,2.3365,2.3347,0.0002,0.0
151,236,COc1cc(C)c(-n2c3ccc(C4=C(c5ccc6c(c5)c5cc(-c7ccc(Br)cc7)ccc5n6-c5cc(C)c(C)c(C)c5)C(=O)N(c5c(C#N)cc(F)c(C(F)(F)F)c5C#N)C4=O)cc3c3cc(-c4cc(C)c(C)c(C)c4)ccc32)c(C)c1,-5.222411888000001,-2.7018199060000003,2.1775,1.6647,0.0292,0.0
152,241,N#Cc1ccc(N2C3=CC=CCC3C(c3ccccc3)(c3ccc(-c4cc(-c5ccnc6cccnc56)nc(Br)n4)cc3)c3ccccc32)cc1,-4.9119298140000005,-2.624811644,2.0047,1.9907,0.0002,0.0
153,242,N#Cc1cnc(-c2nc(-c3ccc(N4c5ccccc5CCc5ccccc54)cc3)nc(-c3ccc(N4c5ccccc5CCc5cc(-c6ncncn6)ccc54)cc3)n2)nc1,-5.2879913620000005,-2.68984689,2.2924,2.2105,0.0136,0.0
154,244,CC1=CN(C(=O)CCC(=O)c2ccc3ccc4ccc(-c5ccc([N+](=O)[O-])cc5)nc4c3n2)c2ccc(N3c4ccc(C)cc4C4(c5ccccc5Oc5ccccc54)c4cc(C)ccc43)cc2C1(C)C,-4.631924508000001,-2.643043282,1.5742,1.5713,0.0008,0.0
155,246,CC1(C)c2ccccc2N(c2ccc([N+](=O)[O-])cc2)c2ccc(-c3ccc4oc5ccc(N6c7ccccc7C(C)(C)c7c6ccc6oc8ccccc8c76)cc5c4c3)cc21,-4.834105210000001,-2.688214206,1.9601,1.9537,0.0,0.0
156,247,CC(C)(C)c1ccc(N(c2cccc3ccccc23)c2ccc3ccc4c(N5c6ccccc6C6(c7ccccc7Sc7ccccc76)c6ccccc65)ccc5c6nc(C#N)c(C#N)nc6c2c3c45)cc1,-5.242820438000001,-2.790801184,1.9903,1.7542,0.0013,0.0
157,253,CCC1(C)c2ccccc2N(c2ccc(-c3ccc4c(c3)c3cc(N5c6ccccc6Sc6ccccc65)ccc3c3nc5ncccc5nc43)cc2)c2ccccc21,-5.02866672,-2.68848632,1.9658,1.9623,0.0,0.0
158,254,Cc1cccc(O)c1-c1cc(-c2ccc3c(c2)c(=O)c2cccc4c(=O)c5ccccc5n3c42)cc2c(-c3ccc4c(c3)c3ccccc3n4-c3ccc(C4(c5ccccc5)c5ccccc5-c5ccccc54)cc3)c3nsnc3c(-c3ccc4ccccc4c3)c12,-5.044993560000001,-2.62317896,2.026,1.0099,0.1876,0.0
159,257,CC1(C)c2ccccc2N(c2ccc(N3c4ccccc4Oc4ccccc43)c3nccnc23)c2ccccc21,-4.729069206,-2.413923294,1.6603,1.6504,0.0,0.0
160,259,CC1=CN(c2nc3cc(C(C)(C)C)c(-c4ccc5c6nc7cc(C#N)c(C#N)cc7nc6c6ccc(C(C)(C)C)c7ccc4c5c76)cn3n2)c2ccccc2C1(C)C,-5.06812325,-3.2016933240000003,1.6255,1.6246,0.0009,0.0
161,260,CC1=CN(c2ccc(C(=O)CC(C(=O)c3ccc4c(c3)C(c3ccccc3)(c3ccc(N5c6ccccc6C=Cc6ccccc65)cc3)c3ccc(-c5cc(C)c(C)c(C)c5)cc3-4)=C(C#N)C#N)cc2)c2ccccc2C1(C)C,-4.902677938,-2.773385888,1.7531,1.7421,0.0082,0.0
162,261,N#Cc1cccc(-c2c3nsnc3c(-c3ccc(N4c5ccccc5[Si](c5ccccc5)(c5ccccc5)c5ccccc54)cc3)c3cccc(N(c4ccccc4)c4cc5cccc6ccc7c(-c8ccc9oc%10ccccc%10c9c8)ccc4c7c65)c23)c1,-5.161458352,-2.954885926,1.7698,0.9947,0.0766,0.0
163,264,CCCCCCCCCCCCC(CCCCCCCCCC)Cc1nc(-c2ccncc2)nc(-c2sc(-c3nc(C#N)c(C#N)nc3-c3ccc(N4c5ccc(C)cc5C5(c6ccccc6-c6ccccc65)c5cc(C)ccc54)cc3)c(F)c2F)n1,-5.154383388,-3.366322294,1.4322,1.3987,0.024,0.0
164,265,CC(C)(C)c1ccc2c(c1)C(c1ccccc1)(c1ccccc1)c1ccccc1N2c1ccc2cc3nsnc3c(-c3ccc(-c4nc(-c5ccc(C#N)c(C#N)c5)nn4-c4ccc(N5c6ccccc6[Si](c6ccccc6)(c6ccccc6)c6ccccc65)cc4)cc3)c2c1,-5.1296210140000005,-3.06672478,1.6102,1.1634,0.0263,0.0
165,266,CCn1c(-c2ccc3nc4c5ccc(N6c7ccccc7[Si](c7ccccc7)(c7ccc(N8C=C(C)C(C)(C)c9ccccc98)cc7)c7ccccc76)cc5c5cc(N6c7ccccc7CCc7ccccc76)ccc5c4nc3c2)nc2cc(-c3nccc(C#N)n3)ccc21,-4.6814492560000005,-2.3257583580000003,2.1758,2.1758,0.0,0.0
166,268,Cc1cc(N2c3ccccc3C(C)(C)c3ccccc32)c(N2c3ccccc3[Si](c3ccccc3)(c3ccccc3)c3ccccc32)cc1C#N,-5.07900781,-1.79323126,2.5846,2.5269,0.012,0.0
167,269,CCC1(C)c2ccccc2N(c2ccc(-c3nc4c(ccc5ccc(-c6ccc(Cl)cc6)nc54)cc3-c3ccc(N4c5ccccc5C(C)(C)C5C=CC=CC54)cc3)c(C#N)n2)c2ccccc21,-5.153022818,-1.76329872,2.9591,2.4729,0.077,0.0
168,271,Cc1ccccc1-c1nc2cccnc2c(-c2cc3c4cc(N5c6ccccc6Oc6ccccc65)c(C)cc4n(-c4ccc5c(c4)C(=O)c4ccc(N6c7ccccc7Oc7ccccc76)cc4-5)c3cc2C)c1C#N,-4.570970972,-2.7222284560000003,1.5688,1.5682,0.0008,0.0
169,273,N#Cc1ncc(-c2cc3cc(-n4c5c(c6ccccc64)CCc4c-5n(-c5ccccc5)c5ccccc45)ccc3c3nc4c(nc23)c(-c2cccnc2)cc2cc(-n3c5ccccc5c5c6ccccc6oc53)ccc24)cn1,-4.956828624,-2.873795954,1.7304,1.7114,0.0063,0.0
170,274,N#Cc1ccc(N2c3ccccc3Oc3ccccc32)c(-c2ccncc2-c2ccnc(C(F)(F)F)c2-c2cncc(-n3c4ccccc4c(=O)c4ccccc43)c2C#N)c1,-5.41098689,-2.67079891,2.3946,2.393,0.0006,0.0
171,275,CCCCCc1ccc(-c2ccc3c(c2)c2cc(N(c4ccc(C#N)cc4)c4ccc5ccccc5c4)ccc2c2nc4c5ccc(N6c7ccc(C(C)(C)C)cc7C(C)(C)C7C=CC=CC76)c6ccc7cc(C(C)(C)C)cc(c7c65)c4n32)c(C)c1,-4.750294098,-1.598397636,2.802,2.0236,0.1663,0.0
172,276,CC1=CN(c2ccc3c(c2)C2(c4cc(N5c6ccccc6SC6(c7ccc(F)cc7C#N)C=CC=CC56)ccc4-3)c3ccccc3N(c3ccc(C(C)(C)C)c4nc(-c5ccc(Br)cc5)c(-c5cccc(Cc6ccc(N7C8=CC=CCC8C(c8ccccc8)(c8ccccc8)c8ccccc87)cc6)c5)nc34)c3ccccc32)c2ccccc2C1(C)C,-4.450968698,-2.3717456240000003,1.8147,1.8147,0.0,0.0
173,279,CCC1(C)c2ccccc2N(c2ccc(C3=NN(c4ccccc4)C(c4cc(C(=O)C(C)(C)C=O)c(C)cc4O)C3=C(C#N)C(=O)c3ccc(C4(c5ccccc5)c5ccccc5-c5ccc(N6c7ccccc7C(C)(C)c7ccccc76)cc54)cc3)cc2)c2ccccc21,-4.874650196,-2.6980103100000004,1.8153,1.4104,0.0003,0.0
174,282,CCCCCCCCC1(CCCCCCCC)c2ccc(-n3c4ccccc4c4ccc(C#N)cc43)cc2-c2ccc(N3c4ccccc4C(C)(C)c4cc(C(C)=O)ccc43)cc21,-5.240099298,-1.563567044,3.1423,2.7154,0.0034,0.0
175,283,CC1(C)c2ccccc2N(c2ccc(-c3ncc4cc(-c5nc(-c6ccc(-c7ccncc7)nc6C#N)nc(C#N)c5N5c6ccccc6C(C)(C)c6ccccc65)ccc4n3)cc2)c2ccccc21,-4.928800882000001,-2.958967636,1.7208,1.7193,0.0,0.0
176,284,CC1=CN(c2ccc(-c3nc(-c4ccc(/N=C/c5ccc(-c6nc(-c7ccc(/N=C/c8ccc9c(Nc%10ccccc%10)cc%10cc(N(c%11ccc(C(C)(C)C)cc%11)c%11ccc%12c(c%11)C(C)(C)c%11ccc(C(C)(C)C)cc%11-%12)cc%11ccc8c9c%11%10)cc7)ns6)cc5)cc4)ns3)cc2)c2ccccc2C1(C)C,-4.813968774,-2.3937868580000004,2.2559,1.745,0.0042,0.0
177,285,CCC1(C)c2ccccc2N(c2ccc(C3CC(c4ccc([N+](=O)[O-])cc4)=NN3c3ccc(-c4ncc(-c5ccc(C6CCCCC6)cc5)c5nsnc45)cc3)cc2)c2ccccc21,-5.156288186,-2.778828168,2.114,1.5075,0.0072,0.0
178,286,CCCCCCCCc1cc2c(cc1C)c1cc(CC3C=CC=CC3)ccc1n2-c1cc(-c2ccc3c(c2)c2c4cc(-c5ccc(-c6ccc(-c7cc(C(C)C)c(Br)cc7-n7c8cc(C)c(CCCCCC)cc8c8cc(SC)c(C)cc87)c(CCCC)c6C)c(C)c5)ccc4oc2n3-c2ccc(-c3nc(C#N)c(C#N)cc3C(F)(F)F)cc2)c(CCCC)cc1Cl,-5.054789664,-3.112439932,1.8157,1.8157,0.0,0.0
179,287,CCCCCCc1ccc2c(c1)-c1ccccc1C21c2cc(C)ccc2N(c2ccc(-c3ccc(-c4nc(-c5ccccc5)nc(-c5ccccc5)c4C#N)c(C#N)c3)c(C)c2)c2ccc(C)cc21,-4.818322598,-2.401678164,2.1409,2.1398,0.0005,0.0
180,288,CCCCCCCCC1(CCCCCCCC)c2cc(-c3ccnc(C=CC(=O)c4ccc(N5c6ccccc6C(C)(C)c6ccc7c(sc8ccccc87)c65)c(Cc5ccccc5)c4)n3)ccc2-c2ccc(N3c4ccccc4C(C)(C)c4ccccc43)cc21,-4.905671192,-1.847926174,2.6356,2.6215,0.0011,0.0
181,289,CCCCCCn1nc(C)c2c(=O)oc3ccc(-c4ccc5c(c4)c4cc6c7cc(-c8ccc(C)c9ccccc89)ccc7n(-c7ccc(-n8c9ccc(CCCC)cc9c9cc(Cc%10ccccc%10)ccc98)c(C#N)c7)c6c6c7ccccc7n5c46)cc3c21,-5.42051088,-1.96466308,2.9214,2.6098,0.0978,0.0
182,291,Cc1ccc2c(c1)C1(c3ccccc3-c3ccccc31)c1cc(C)ccc1N2c1ccc2c(c1)-c1ccc(-n3c4ccccc4c4cc(-c5nnc(-c6nc(C#N)cc(-c7ccc(N8c9ccccc9C=Cc9ccccc98)cc7C)n6)o5)ccc43)cc1C21CC1,-4.775056472,-2.092012432,2.5209,2.5208,0.0,0.0
183,293,CC(C)(C)c1c(-c2c(F)c(F)cc3nsnc23)cc(N2c3ccc(C4CCCCC4)cc3CCc3cc(C4CCCCC4)ccc32)c(C=Cc2sccc2F)c1C#N,-5.065946338000001,-2.69528917,1.967,1.9556,0.0025,0.0
184,294,N#Cc1c(-c2ccc3ccccc3c2)nc(-c2ccc3c(c2)sc2ccccc23)c(C#N)c1-c1ccc2c(n1)c1c3sc4ccccc4c3ccc1n2-c1ccc2cc3cc(-n4c5ccccc5c5cc6c(cc54)C(c4ccccc4)(c4ccccc4)c4ccccc4-6)ccc3cc2c1,-5.2292147380000005,-2.289567196,2.584,1.7454,0.1657,0.0
185,296,CC(C)c1ccc2c(c1)c1cc3c(cc1n2-c1ccc2c(c1)c1cc(-c4ccc(N5c6ccccc6C(c6ccccc6)(c6ccccc6)c6ccccc65)cc4)ccc1c1nc(C#N)c(C#N)nc21)C(C)(C)c1ccccc1-3,-5.249623288,-2.9869953780000005,1.9976,1.9631,0.0001,0.0
186,297,CCC1(C)c2ccccc2N(c2ccc(-c3ccc4c(c3)c3cc(C(C)(C)C)ccc3c3nc5cc(Nc6ccc7c(c6)C(C)(C)c6ccccc6S7(=O)=O)c(-c6ccc7ccc(N8c9ccccc9C(C)(C)c9ccccc98)cc7c6)nc5nc43)cc2)c2ccc(N3c4ccccc4C(C)(C)C4C=CC=CC43)cc21,-4.722810584,-2.5878041400000003,1.9495,1.9494,0.0001,0.0
187,299,CCCCCCc1ccc2c(c1)c1ccc(C#N)cc1n2-c1ccc(Nc2ccc(/N=N/c3ccc(-c4ccc(C#N)c(C#N)c4)cc3CN3C=C(C)C(C)(C)c4ccccc43)cc2)cc1,-4.897507772,-2.815291444,1.6061,1.5672,0.0004,0.0
188,302,CC=C1C=CC=C2C1C(c1ccc(-c3ccc(B(c4c(C)cc(C)cc4C)c4c(C)cc(C)cc4C)cc3)cc1)(c1ccc(-c3ccc4c(c3)C(CCCCCCCC)(CCCCCCCC)c3cc(-c5ccc(C#N)c(C)c5)ccc3-4)cc1)c1ccccc1N2c1c(F)cc(C#N)cc1F,-5.019414844000001,-2.0805836440000003,2.2822,2.0752,0.0022,0.0
189,303,Cc1ccccc1-c1ccc2c(c1)c1cc(C#N)ccc1n2-c1ccc(-c2cnc(-c3ccc(N4c5ccccc5C(c5ccccc5)(c5ccccc5)c5ccccc54)c(C)c3)c3nsnc23)cc1,-5.35520352,-3.1293110000000004,1.8376,1.7114,0.0001,0.0
190,304,OCc1ccc(-c2cc(N3c4ccccc4Oc4ccccc43)c3nc4c5ccc(N6c7ccccc7Sc7ccccc76)cc5c5cc(N6c7ccccc7SC7(c8ccc(Cc9ccccc9)cc8)C=CC=CC67)ccc5c4nc3n2)cc1,-4.821043738,-2.8033184280000003,1.4072,1.3974,0.0,0.0
191,306,C=Cc1ccc(-c2nc3cc(-c4cncc5nsnc45)c(N4c5ccccc5[Si](c5ccccc5)(c5ccc(N6c7ccc(C)cc7C7(c8ccccc8Oc8ccccc87)c7cc(C)ccc76)cc5)c5ccccc54)cc3nc2CCCCCCCC)cc1-n1c2ccccc2c2sc3ccccc3c21,-4.791383312,-2.7165140620000003,1.8405,1.8405,0.0,0.0
192,307,CC1=CN(c2nc3c(-n4c5ccc(-c6cc(C)c(C=C(C#N)C#N)c(C)c6)cc5c5cc(-c6ccc(O)cc6C)ccc54)ccnc3cc2C(=O)c2ccc(/N=C/c3ccccc3)cc2)c2ccccc2C1(C)C,-5.273841434,-2.516238158,2.4493,2.215,0.0633,0.0
193,308,CC1(C)c2ccccc2N(c2ccc3c(c2)-c2c(cccc2-c2ccc4c(c2)-c2ccccc2C4(c2ccccc2)c2ccc(-c4c(N5c6ccccc6S(=O)(=O)c6ccccc65)cc(-c5ccccc5)c5nsnc45)cc2)C3=O)c2ccccc21,-4.884718414,-2.799780946,1.8815,1.8815,0.0,0.0
194,309,CC(C)(C)c1ccc2c(c1)c1cc(N3c4ccccc4[Si](c4ccccc4)(c4ccccc4)c4ccccc43)cc3c4cc(-c5ccc6c7nc8cc(C#N)c(C#N)cc8nc7c7c(-c8ncncn8)ccc8ccc5c6c87)ccc4n2c31,-5.184043814000001,-3.192441448,1.7815,1.7815,0.0,0.0
195,311,CC(C)(C)c1ccc2c(c1)Sc1ccccc1N2c1cc(-c2ccc3oc4c5c(ccc4c3c2)C(C)(C)c2cc(C(C)(C)C)ccc2N5c2ccc3c(c2)nc(-c2cccc4ccccc24)n3-c2ccc3c(c2)C(C)(C)c2cc(C(C)(C)C)ccc2S3(=O)=O)c2sc3ccc(N4c5ccccc5Sc5ccccc54)cc3c2c1,-4.93206625,-1.6392147360000002,2.9262,2.5537,0.004,0.0
196,313,C=Cc1ccc(-c2nc3c(N4c5ccccc5C(C)(CC)c5ccccc54)cnc(-c4cccnc4)c3nc2-c2ccncc2)cc1N1c2ccccc2C2(c3ccccc3Oc3ccccc32)c2ccccc21,-5.099688474,-2.833523082,1.6509,1.6356,0.0016,0.0
197,316,N#Cc1cc(F)c(-c2ccc(/N=C/c3ccc(N4c5ccccc5CCc5ccccc54)cc3)cc2)c(C#N)c1-c1sc(C2CCCCC2)nc1-n1c2ccccc2c2c3ccccc3oc21,-5.05587812,-2.456917306,2.15,2.1361,0.0083,0.0
198,317,Cc1nn(-c2ccc(C3(c4ccccc4)c4ccccc4N(c4ccc(-c5c(F)c(F)cc(F)c5F)cc4)c4ccccc43)cc2N2c3ccccc3C3(c4ccccc42)c2ccccc2C(C)(C)c2ccccc23)c2c1c(=O)oc1ccccc12,-4.975060262,-1.591322672,3.0263,3.0099,0.0004,0.0
199,321,c1ccc([Si]2(c3ccccc3)c3ccccc3N(c3ccc4c(c3)c3cc(-c5ncccn5)ccc3c3nc5cccnc5nc43)c3ccccc32)cc1,-5.147036310000001,-2.588076254,2.1717,2.1673,0.0002,0.0
200,322,CN1C(=O)c2c(-c3ccc(P(=O)(c4ccccc4)c4ccccc4N4C(=O)c5ccccc5C4=O)cc3)c3cc4cc(N5c6ccccc6Sc6ccccc65)ccc4cc3c3c([N+](=O)[O-])ccc1c23,-5.090980826,-2.589708938,2.1179,1.8987,0.0,0.0
201,324,N#Cc1ccc(-c2ccc3cc(N4c5ccccc5C5(c6ccccc6Oc6ccccc65)c5ccccc54)c4ccc(N5c6ccccc6B(c6ccccc6)c6ccccc65)cc4c3c2)cn1,-5.316291218,-2.364398546,2.4346,2.425,0.0,0.0
202,326,CCCCCCc1ccc2c(c1)c(C)c(C)n2-c1c(C)cc(C)c(B(c2ccc(-c3nc(-c4ccc(N5c6ccccc6C(C)(C)c6ccc7c(oc8ccccc87)c65)cc4)c(C)c(N4c5ccccc5S(=O)(=O)c5ccccc54)n3)cc2)c2c(C)cc(C)cc2C)c1C,-5.032204202000001,-2.286029714,2.4174,2.4103,0.006,0.0
203,330,N#Cc1c(-c2ccc(N3CCCCCC3)c(CN3CCCCCC3)c2)nc(N2c3ccc(O)cc3SC3(c4cccnc4)C=CC=CC23)c(C#N)c1-c1ccccc1,-5.294249984,-1.9837110600000003,2.8808,2.3157,0.0541,0.0
204,332,CC1=CN(c2ccc(C3(c4ccccc4)c4ccccc4N(c4ccc(C5(c6ccccc6)c6ccccc6N(c6ccc(N(c7ccccc7)c7ccc8c(c7)C(=O)c7ccc(-c9ccc%10c(c9)Oc9cccc%11c9B%10c9ccccc9O%11)cc7C8=O)cc6)C6=CC=CCC65)cc4)c4ccccc43)cc2)c2ccccc2C1(C)C,-4.607706362,-2.72658228,1.7236,1.7033,0.0087,0.0
205,333,CC(=C(c1ccc(N2C3=CC=CCC3C(c3ccccc3)(c3ccccc3)c3ccccc32)cc1)c1cccc(-c2ccc3ccc4cc(-c5cc(N6CCCCCC6)c(F)cc5F)cc5c6nc(C#N)c(C#N)nc6c2c3c45)c1)C(C)(C)C,-4.2019843880000005,-2.835155766,1.0423,1.0419,0.0003,0.0
206,336,CCc1ccc2c(-c3ccc4ccc5cc(N6c7ccccc7C(c7ccccc7)(c7ccccc7)c7ccccc76)cc6ccc3c4c56)c3ccc(-c4cc(-c5ccc(/C=N/c6ccc(N7C=C(C)C(C)(C)c8ccccc87)cc6)cc5)nc(C#N)n4)cc3nc2c1,-4.745396046,-2.6337914060000003,1.8913,1.7682,0.1526,0.0
207,337,Cc1cc(-c2ccc3c(c2)C(=O)c2cc(-c4ccc(C#N)c(-c5ccc(Br)cc5)c4C#N)ccc2C3=O)ccc1N1c2ccccc2C(C)(C)c2ccccc21,-5.036558026000001,-3.155433944,1.5971,1.5965,0.0001,0.0
208,338,c1ccc(C2=NN(c3ccccc3)C(c3ccc4cc5c6cc(-c7cc8c9c(c7)Oc7ccccc7B9c7ccccc7O8)ccc6n6c7ccc8ccc(-c9ccc(B%10c%11ccccc%11Oc%11ccccc%11%10)cc9)cc8c7c(c4c3)c56)C2)cc1,-4.803900556,-1.925750778,2.4942,2.1591,0.001,0.0
209,340,CCC1(C=C(C)C(C)(C)C)c2ccccc2N(c2ccc3c(c2)c2cc(-c4cc5ccc6cccnc6c5nc4-c4ccc5ccccc5c4)ccc2c2nc4ccc(N5c6ccccc6[Si](c6ccccc6)(c6ccc(N7C8=CC=CCC8C(c8ccccc8)(c8ccccc8)c8ccccc87)cc6)c6ccccc65)cc4nc32)c2ccccc21,-4.458043662000001,-2.577735922,1.6812,1.6812,0.0,0.0
210,341,Fc1cccc(OCc2ccc(-c3ccc(-c4ccc(N5c6ccccc6Oc6ccccc65)cc4Cl)c4nc5c6ccccc6c6cc(N7c8ccccc8C(c8ccccc8)(c8ccccc8)c8ccccc87)ccc6c5nc34)cc2)c1,-4.737232626,-2.531748656,1.874,1.8721,0.0012,0.0
211,342,CCCCc1ccc2c(c1)c1ccccc1n2-c1cc(-c2cc(-c3ccncc3)c(C#N)c(-c3ccc(N4c5ccccc5C(c5ccccc5)(c5ccccc5)c5ccccc54)cc3)n2)c2nc3c(nc2c1C1C=CC=CC1)-c1cccc2cccc-3c12,-5.095878878,-2.46671341,2.2963,2.2956,0.0,0.0
212,343,N#Cc1nc2c(nc1C#N)-c1ccc(-c3ccc(N4c5ccccc5C(c5ccccc5)(c5ccc(N6c7ccccc7C7(c8ccccc8C(=O)c8ccccc87)c7ccccc76)cc5)c5ccccc54)cc3)c3cccc-2c13,-5.167172746,-3.262374746,1.7463,1.7463,0.0,0.0
213,345,N#Cc1cc2c3ccccc3n3c4ccc(-c5ccc6c(c5)-c5ccc(N7c8ccccc8B(c8ccccc8)c8ccccc87)cc5P6(=O)c5ccccc5)cc4c(c1)c23,-5.41915031,-1.998949444,2.9556,2.7988,0.0002,0.0
214,346,CCCCCCCCCCCc1nc(N2c3ccccc3C(C)(C)c3ccccc32)nc(-c2c(C#N)cc(F)c(-n3c4ccccc4c4c5ccccc5ccc43)c2C#N)c1C,-5.5037777640000005,-2.473244146,2.5405,2.3941,0.013,0.0
215,348,CCCCCCCCC1(CCCCCCCC)c2ccc(-c3ccc(C#N)cc3)cc2-c2ccc(-c3ccc4c(c3)B3c5ccccc5Oc5cc(-c6ccc7c(c6)c6cc(-c8ccc9c(c8)oc8ccc(-c%10ccc%11c(c%10)COC%11=O)cc89)ccc6n7-c6ccc7c(c6)C(C)(C)c6ccc(C(C)C)cc6-7)cc(c53)O4)cc21,-5.136423864,-2.06262412,2.6334,1.6149,0.2908,0.0
216,351,CCC1(C)c2ccccc2N(c2ccc(Cc3ccc(-c4cc(C#N)nc(-c5cnc(-c6cc7sc8ccsc8c7s6)c6nsnc56)n4)cc3)cc2)c2ccccc21,-5.036285912,-3.1606041100000004,1.6842,1.3867,0.0,0.0
217,353,CCCCCc1ccc2cccc(-c3nc(-c4ccc(COc5ccc(C#N)c(C)c5)cc4)c(C)c(-n4c5ccccc5c5cc(-n6c7ccc(N8c9ccccc9CCc9ccccc98)cc7c7cc(C(C)(C)C)ccc76)ccc54)n3)c2c1,-4.536412494,-1.83540893,2.4164,2.3778,0.0028,0.0
218,354,CCCCCCCCCCCCC(CCCCCCCCCC)Cc1ccc2c(c1)C1(c3ccccc3S2)c2ccccc2N(c2nc(-c3ccccc3C)c(N3c4ccccc4Sc4ccccc43)nc2N2c3ccccc3Oc3ccccc32)c2ccccc21,-5.0281224920000005,-1.770917912,2.717,2.4208,0.0418,0.0
219,355,CC(C)(C)c1ccc2c(c1)c1cc3c4cc(N5c6ccccc6C(C)(C)C6C=CC=CC65)ccc4n4c5ccccc5c(c1n2-c1cc(C#N)c(C#N)nc1-c1ccccn1)c34,-4.917644208,-2.800869402,1.8761,1.8712,0.002,0.0
220,356,Cc1ccc(-c2nc(-c3cc(-c4ccc5cc6ccc(-c7ccc(Br)cc7)cc6nc5c4)nc(-c4c(C#N)cnc(-n5c6ccccc6c6cc(N7C8=CC=CCC8c8ccccc87)ccc65)c4C#N)c3C#N)ncc2C)cc1,-4.481173352,-2.7331130160000003,1.5334,1.5313,0.002,0.0
221,357,CC(C)(C(=O)c1ccc(C2CCCCC2)cc1P(=O)(c1ccc(-c2ccc3c(c2)c2cc(N4c5ccccc5C(C)(C)C5C=CC=CC54)ccc2c2nc4cc(C#N)c(C#N)cc4nc32)cc1)c1ccc(N2CCCCCC2)cc1)C(=O)c1c(F)cccc1F,-5.292889414,-3.070534376,2.0061,1.8789,0.0052,0.0
222,358,Cc1cc(N2c3ccccc3C(C)(C=C(OB(F)F)c3ccc4c(c3)-c3ccc(-c5c(C)cccc5O)cc3C4)c3c2ccc2sc4ccc(C(C)(C)C)cc4c32)ccc1C#N,-5.0613204000000005,-1.673773214,2.7722,2.688,0.0246,0.0
223,359,CC1(C)c2ccccc2-c2ccc(N3c4ccccc4C4(c5ccccc5-c5cccc(N6c7ccccc7Sc7ccccc76)c54)c4ccccc43)cc21,-4.769069964,-1.02723035,3.1494,3.0433,0.0001,0.0
224,360,CC1=C(C#N)COC1(C)c1ccc2c(c1)C1(c3ccccc3-2)c2cc(C)ccc2N(c2ccc3c(c2)C2(c4ccccc4Oc4ccccc42)c2cc(-c4c(F)cc(F)cc4C#N)ccc2-3)c2ccc(C)cc21,-4.830567728,-1.8473819460000005,2.6549,2.631,0.0091,0.0
225,361,CCCCCc1ccc2c(c1)C1CC=CC=C1N2c1c(C#N)c(-c2nc3cc(OC)c(N4C=C(C)C(C)(C)c5ccccc54)nc3nc2N2c3ccccc3C(C)(C)C3C=CC=CC32)c(F)c(N2C=C(C)C(C)(C)c3ccccc32)c1C#N,-4.783492006,-2.3159622540000004,1.9088,1.8553,0.0129,0.0
226,362,CC1(C)c2ccccc2N(c2ccc(-n3c4ccccc4c4oc5ccccc5c43)c3nsnc23)c2c1ccc1c2oc2ccccc21,-5.059687716,-2.637601002,1.7732,1.7326,0.0005,0.0
227,363,CCCCCCCCCCCn1cc(C)c2cc(N(c3ccc(Cl)cc3)c3cc4ccc5ccc(-c6cc(C=Cc7ccc(-c8ccc(C#N)c(-c9ccc(C#N)c(C=C(C)C(C)(C)C)c9)c8C#N)c(C8CCCCC8)c7C7C=CC=CC7)c(C)s6)c6ccc(c3)c4c56)ccc21,-4.877371336,-2.123305542,2.6056,2.0044,0.0,0.0
228,367,Cc1cc(-c2cc3ccccc3c3nc4c(nc23)c(-c2ccccc2C)cc2cc(-c3ccc5sc6ccc(N7CN=C8c9ccc(N%10c%11ccccc%11CCc%11ccccc%11%10)cc9-c9ccccc9C87)cc6c5c3)ccc24)ccc1/N=N/c1ccccc1,-5.068667478,-2.305894036,2.6262,1.7293,0.0,0.0
229,368,N#Cc1c(-c2ccc(-c3ccc4c(=O)c5ccc(N6c7ccccc7Oc7ccccc76)cc5oc4c3)cc2)cncc1-c1ccc(N2c3ccccc3C3(c4ccccc4C(=O)c4ccccc43)c3ccccc32)cc1,-4.841180174000001,-2.43678087,2.053,2.0301,0.0157,0.0
230,370,CCCCCCCCc1c(C)cc(C=CC2=C(C#N)COC2(C)c2cccc(C)c2)c(B(c2ccccc2Nc2c(C)cccc2C)c2c(C)cc(C)cc2C=C(C#N)c2ccc(N3c4ccccc4[Si](c4ccccc4)(c4ccccc4)c4ccccc43)cc2)c1C,-5.055333892,-2.135278558,2.5179,2.1221,0.0002,0.0
231,372,CC1=CN(c2nc(C#N)nc(-c3ccc(COc4ccccc4C)cc3)c2-n2c3ccccc3c3ccccc32)c2ccccc2C1(C)C,-5.313025850000001,-2.177456228,2.5025,2.3396,0.0022,0.0
232,373,CCCCCCc1ccc2c(c1)B(c1c(C)cc(-c3ccc4c(c3)-c3ccccc3C43CC3)cc1C)c1ccc(N3c4ccccc4CCc4cc(C5CCCCC5)ccc43)cc1B2c1c(C)ccc(-c2ccc(N3c4ccccc4C(c4ccccc4)(c4ccccc4)c4ccccc43)nc2C#N)c1C,-4.74158645,-2.4912036700000004,1.7604,1.6536,0.0437,0.0
233,374,Cc1nc(C)c(C#N)c(-c2ccc(N3c4ccccc4C(C)(C)c4ccc5c(oc6ccccc65)c43)cc2)c1C#N,-5.006625486,-2.180721596,2.4019,2.3905,0.0032,0.0
234,375,CCC1(C)c2ccccc2N(c2cc(C)c(-c3ccc(O)c(-c4ccc5c(c4)Sc4ccccc4C54c5ccccc5N(c5ccc(C#N)cc5)c5ccccc54)c3)c(C)c2)c2ccccc21,-4.91029713,-1.774727508,2.7839,2.7715,0.0,0.0
235,376,N#Cc1ccc(-n2c3ccccc3c3c4oc(=O)c(-c5ccc(/C=N/c6ccc(-c7cccnc7C#N)cc6)cc5)c(-c5ccc6cc(N7c8ccccc8C8(c9ccccc9Sc9ccccc98)c8ccccc87)ccc6c5)c4ccc32)cc1,-5.1979216280000005,-2.2925604500000003,2.5682,2.5633,0.0001,0.0
236,378,C=Cc1ccc(N(c2ccc(CCCCCC)cc2)c2cc(-c3ccc(-c4c(F)cc(F)c(N5c6ccccc6SC6(c7ccccc7)C=CC=CC56)c4C#N)cc3C)nc(C)n2)cc1,-5.3083999120000005,-1.761393922,2.9928,2.3555,0.1668,0.0
237,381,CC1=CN(c2ccc3c(c2)c(=O)c2ccccc2n3-c2ccc(B3c4ccccc4N(c4ccc5ccc(-c6ccc(C#N)nc6)nc5n4)c4ccccc43)cc2)c2ccccc2C1(C)C,-4.51845297,-2.9616887760000004,1.392,1.392,0.0,0.0
238,382,CC1(C)c2ccccc2N(c2ccc(-c3nc(-c4ccc(N5c6ccccc6[Si](c6ccccc6)(c6ccccc6)c6ccccc65)cc4)nc(-c4ccnc5cc(-c6ccnc(C#N)n6)ccc45)n3)cc2)c2ccccc21,-4.99193133,-2.739643752,1.9291,1.9271,0.0,0.0
239,383,CC1=CN(c2cc(-n3nc(C)c4c(=O)oc5ccc(-c6ccc(N7C8=CC=CCC8C(c8ccccc8)(c8ccc(C9(C)OCC(C#N)=C9C)cc8)c8ccccc87)cc6)cc5c43)cc3nsnc23)c2ccccc2C1(C)C,-4.70349049,-2.754882136,1.6261,1.5181,0.0,0.0
240,384,Cc1cc(C(C)(C)C)ccc1-n1c(C=C(c2ccccc2)c2ccccc2)nc2c3ccc(C(C)(C)C)cc3c3cc(-c4ccc5nc6c7ccc(C#N)cc7c7cc(C#N)ccc7c6nc5c4)ccc3c21,-5.1149268580000005,-2.877333436,1.9526,1.7657,0.2532,0.0
241,386,Cc1cc(CN2C=C(Cc3ccccn3)C(C)(C)c3ccccc32)cc(-c2sc(C=C(C#N)C#N)c(-c3ccc(-c4ccc(C#N)cc4F)cc3C#N)c2C2CCCCC2)c1,-4.834105210000001,-2.931484122,1.5836,1.5786,0.0041,0.0
242,387,CC1(C)c2ccccc2N(c2ccc3c(c2)c2ccccc2n3-c2cc3nc4c5ccc(C#N)cc5c5cc(C#N)ccc5c4nc3cc2F)c2ccccc21,-4.921453804,-3.228360496,1.4143,1.414,0.0001,0.0
243,388,Cc1cc(-n2c3ccccc3c3oc4ccccc4c32)c(-c2ccc(C3(c4ccccc4)c4ccccc4-c4ccccc43)cc2)cc1-c1ccc2c3c(ccc(-c4ccc5c(c4)Oc4cccc6c4B5c4ccccc4O6)c13)-c1nc(C#N)c(C#N)nc1-2,-5.184860156,-3.2180201640000003,1.6773,1.6694,0.0068,0.0
244,390,CCC1(C)c2ccccc2N(c2ccc3c(c2)c2cc(N4C=C(C)C(C)(C)c5ccccc54)ccc2c2nc(-c4ccc(Cl)cc4)n(-c4cc(F)cc(C#N)c4)c32)c2ccccc21,-4.723082698000001,-2.294193134,2.1575,2.1517,0.0044,0.0
245,391,CC(C)(C)c1ccc2oc3ccc(-c4ccc(N5c6ccccc6[Si](c6ccccc6)(c6ccccc6)c6ccccc65)c(C#N)c4-n4c5cccnc5c5c6sc7ccccc7c6ccc54)cc3c2c1,-5.365543852,-1.90887971,2.7236,2.7019,0.0001,0.0
246,393,CCC1(C)c2ccccc2N(c2c(N3c4ccccc4Oc4ccccc43)ccc(C#N)c2C#N)c2ccccc21,-5.223500344,-2.57011673,2.0032,1.9572,0.0053,0.0
247,394,Cc1cc(-c2cc3nc(-c4ccc(C#N)nc4)c(-c4ccc(N5c6ccccc6Sc6ccccc65)cc4)nc3cc2-c2ccc3c(c2)C(C)(C)c2cc(N4c5ccccc5CCc5ccccc54)ccc2-3)cc(C)c1C,-4.973971806000001,-2.4046714180000004,2.2755,2.1093,0.2192,0.0
248,395,Cc1cc(C)c(N2C3=CC=CCC3C(c3ccccc3)(c3ccc(N4c5ccccc5[Si](c5ccccc5)(c5ccccc5)c5ccccc54)cc3)c3ccccc32)c(C)c1B(c1ccc(-c2ccc(-n3c4ccccc4c4ccc(C#N)cc43)cc2)cc1)c1c(C)cc(C)c(C(F)(F)F)c1C,-4.756008492,-2.19595998,2.1046,2.0985,0.001,0.0
249,398,CC1(C)c2cc(N3C4=CC=CCC4C(c4ccccc4)(c4ccccc4)c4ccccc43)ccc2S(=O)(=O)c2ccc(N3c4ccccc4Oc4ccccc43)cc21,-4.778049726,-1.649282954,2.5799,2.1855,0.0206,0.0
250,400,CCCCCCc1ccc2c(c1)c1cc(N3c4ccc(-c5ccc(N6c7ccccc7C(c7ccccc7)(c7ccccc7)c7ccccc76)cc5C)cc4C(C)(C)C4C=CC=CC43)ccc1c1nc3c(-c4c(C#N)cc(F)c(-c5ccc(Cc6ccccc6)cc5)c4C#N)cccc3n21,-4.954107484000001,-1.97962935,2.7945,2.529,0.0003,0.0
251,402,CC1=CN(c2ccc(-c3nc(-c4ccncc4)c(-c4ccnc5cc(N6c7ccccc7C(c7ccccc7)(c7ccc(N8c9ccccc9C(C)(C)c9ccccc98)cc7)c7ccccc76)ccc45)nc3-c3ccc4nccnc4c3)cc2)c2ccccc2C1(C)C,-4.787301602,-2.504265142,2.114,1.9591,0.0,0.0
252,404,Cc1ccc(N2c3ccccc3N(c3ccnc4ccc(-c5cnc6cc(C#N)c(C#N)cc6n5)nc34)c3ccccc32)cc1,-4.4694724500000005,-3.1704002140000003,0.828,0.7705,0.0083,0.0
253,406,N#Cc1ncc(-c2ccc(C3=C4C(=O)NC(c5ccc(N6c7ccccc7C7(c8ccccc8C(=O)c8ccccc87)c7ccccc76)cc5)=C4C(=O)N3C34C=CC=CC3N(c3ccccc3)c3ccccc3S4)cc2)nc1C#N,-5.353842950000001,-3.27081028,1.7269,1.1787,0.0007,0.0
254,407,CCC1(C)c2ccccc2N(c2ccc(C34C=CC=CC3N(c3nc5cc(-c6nc(-c7ccc8ccccc8c7)nc(N7c8ccccc8CC(=C(C)C(C)(C)C)c8ccccc87)n6)c(-c6ccc(C#N)nc6)nc5nc3-c3cnc5c(ccc6cccnc65)c3)c3ccccc3S4)c(F)c2)c2ccccc21,-5.020775414,-2.719507316,2.0597,2.0596,0.0,0.0
255,408,CC1(C)c2ccccc2N(c2ccc(C3=NN(c4ccccc4)C(c4ccc5c(c4)c4c6c(ccc4n5-c4c(F)cc(C#N)cc4F)-c4cc(-c5ccc7c(c5)C5(c8ccccc8Oc8ccccc85)c5ccccc5-7)ccc4C6(c4ccccc4)c4ccccc4)C3)cc2)C2C=CC=CC21,-4.6297475960000005,-2.104257562,2.2452,2.1138,0.0006,0.0
256,410,Cc1cc2c3ccccc3n(-c3cccc4c3nc3c5ccc(N6c7ccccc7C(C)(C)c7ccc8c(sc9ccccc98)c76)cc5c5ccccc5n43)c2cc1-c1ccncc1,-5.178601534,-1.72112105,2.9803,2.6301,0.0861,0.0
257,411,c1ccc([Si]2(c3ccccc3)c3ccccc3N(c3ccc4c(c3)c3cc(-c5ccc6c(c5)B5c7ccccc7Oc7cccc(c75)O6)ccc3n4-c3ccc4c(c3)B3c5ccccc5Oc5cccc(c53)O4)c3ccccc32)cc1,-4.93342682,-2.031875238,2.4152,1.6848,0.1637,0.0
258,414,N#Cc1ccc(-c2cccc3c2C2(c4ccccc4Oc4ccccc42)c2cc(N4c5ccccc5C5(c6ccccc6Oc6ccccc65)c5ccccc54)ccc2-3)cc1,-5.036013798000001,-1.4862866680000002,3.0096,2.9982,0.0,0.0
259,416,CCCC(=CC1=C(C#N)COC1(C)C)c1ccc2[nH]c3c(ccc4c3c3cc(C(C)C)ccc3n4-c3cc(C)c(CN4CCCCCC4)c(C)c3N3c4ccccc4C(C)(C)c4ccccc43)c2c1,-4.952202686000001,-1.037298568,3.53,2.9699,0.0016,0.0
260,417,CCC1(C)c2ccccc2N(c2ccc3c(c2)c2c4[nH]c5ccc(-c6nc(N7c8ccccc8C=Cc8ccccc87)c(N7c8ccccc8C(C)(C)C8C=CC=CC87)c7nsnc67)cc5c4ccc2n3-c2ccc(C(C)(C)C)c3ccc(N4c5ccccc5C(C)(C)c5ccccc54)cc23)c2ccc(C(C)(C)C)cc21,-4.68580308,-2.263172138,1.8129,1.4941,0.0371,0.0
261,419,CCCCc1ccc2c(c1)c1cc(C#N)ccc1n2-c1nc(-c2ccc(C(C)(C)C)cc2Cc2cccc(Cc3ccc(-c4c(F)c(F)cc(F)c4F)cc3)c2)c(C#N)c(-n2c3ccc(C#N)cc3c3cc(C#N)ccc32)c1C#N,-6.426244224,-3.067813236,2.8762,2.501,0.0599,0.0
262,421,CCn1c(=O)c2ccc(-c3ccc4c(c3)C3(CC3)c3cc(-c5ccc6c(c5)C5(CC5)c5ccc(C(C)(C)C)cc5-6)ccc3-4)cc2c2cc(N3c4ccccc4C(C)(CC)c4cc(N5C=C(C)C(C)(C)c6ccccc65)ccc43)ccc2c1=O,-4.56199121,-1.8073811880000004,2.4739,2.4714,0.0002,0.0
263,422,CC1(C)c2cc(-c3ccc4c(ccn4-c4c(Br)cccc4Br)c3)ccc2-c2cc3c4cc(-c5ccc6c(c5)C(=O)c5ccccc5C6=O)ccc4n(-c4c(F)cc(C#N)cc4F)c3cc21,-5.242820438000001,-2.727670736,2.2598,2.2018,0.029,0.0
264,423,CC1(C)c2ccccc2N(c2nc3c(N4C5=CC=CCC5C(c5ccccc5)(c5ccccc5)c5ccccc54)ccnc3c(-c3ccc(N4C5=CC=CCC5C(c5ccccc5)(c5ccccc5)c5ccccc54)cc3)c2C#N)c2c1ccc1c2sc2ccccc21,-4.516003944,-2.6003213840000003,1.5377,1.479,0.0184,0.0
265,425,Cc1ccc2c(c1)C1(c3ccccc3-c3ccc(N4c5ccccc5C(C)(C)c5c4ccc4oc6ccccc6c54)cc31)c1cc(C)ccc1N2c1ccc2c(c1)C(C)(C)c1ccccc1N2c1c(C)cccc1C,-4.65450997,-0.9660047,3.0751,2.7885,0.0007,0.0
266,427,CC1(C)c2ccccc2N2c3ccccc3C3(c4ccccc4-c4cc(-c5ccc6c(c5)c5ccccc5c5nc(C#N)c(C#N)nc65)ccc43)c3cccc1c32,-5.17832942,-2.832434626,2.1033,2.1022,0.0,0.0
267,429,Cc1c(C)n(-c2ccc(-c3ccc4c(c3)c3ccccc3n4-c3ccc4ccc5cccc6c7nc(C#N)c(C#N)nc7c3c4c56)c3ccc(-n4c5ccc(Cc6ccccc6)cc5c5cc(-n6c7ccc(C#N)cc7c7cc(C#N)ccc76)ccc54)cc23)c2ccccc12,-5.242548324,-3.121691808,1.9023,1.9017,0.0001,0.0
268,431,CCn1c2ccc(-c3ccc4c(c3)-c3ccccc3C43c4ccccc4N(c4ccc5c(c4)c4ccccc4c4nc6cc(C#N)c(C#N)cc6nc54)c4ccccc43)cc2c2cc3c4ccccc4n4c5ccccc5c(c21)c34,-5.166900632,-3.2618305180000005,1.5308,1.5285,0.0,0.0
269,433,CCC1(C)c2ccccc2N(c2ccc3c(c2)Cc2ccc(C(=Cc4cc(N5c6ccccc6C(C)(CC)c6ccccc65)c(C=C(C)C(C)(C)C)cc4CC(C)C)OB(F)F)cc2-3)c2ccccc21,-4.933154706000001,-1.520573032,2.896,2.4885,0.001,0.0
270,434,CC(C)(C)c1ccc2c(c1)c1cc(C#N)cc3c4cc(-c5ccc6c(c5)C(C)(C)c5cc7c(cc5-6)C(c5ccccc5)(c5ccccc5)c5cc6c(cc5-7)C(c5ccccc5)(c5ccccc5)c5cc(F)c(-c7ccc8c(c7)c7ccccc7n8/C=C/c7ccccc7N7c8ccccc8C8(c9ccccc9Oc9ccccc98)c8ccccc87)cc5-6)ccc4n2c31,-5.10077693,-1.694453878,3.1102,2.3691,0.0313,0.0
271,435,CCC1(C)c2ccccc2N(C(=O)CC#N)c2ccc(N3c4ccccc4C4(c5ccc(N6c7ccccc7C(c7ccccc7)(c7ccccc7)c7ccccc76)cc5-c5cc(C(C)(C)C)ccc54)c4ccccc43)cc21,-4.962270904,-1.10886455,3.3809,3.0483,0.0001,0.0
272,439,CC(=O)c1ccc2ncc(-c3ccnc4c(-c5ccc(N6C=C(C)C(C)(C)c7ccccc76)cc5C)cc(-n5c6ccccc6c6c7cc(N8c9ccccc9C(c9ccccc9)(c9ccccc9)c9ccccc98)ccc7oc65)nc34)n2c1,-4.722810584,-2.224804064,2.1497,2.0848,0.071,0.0
273,440,Cc1ccc(N(c2ccc(Cl)cc2)c2ccccc2B2c3ccccc3N(c3ccc4nc5c6ccc(C#N)cc6c6cc(C#N)ccc6c5nc4c3)c3ccc(C(C)C)cc32)cc1,-5.041728192,-3.20414235,1.5614,1.5613,0.0,0.0
274,441,CC1(C)c2ccccc2N(c2ccc3ccc(-n4c(-c5ccccc5)nc5nc6[nH]c(-c7ccc([N+](=O)[O-])cc7)nc6c(N6c7ccccc7C7(c8ccccc8Oc8ccccc87)c7ccccc76)c54)nc3c2)c2ccccc21,-5.033292658,-2.7755628,2.0299,2.0195,0.0023,0.0
275,442,C=Cc1ccc(-c2nc(C(F)(F)F)c(C#N)c(-n3c4ccc(CCCCC)cc4c4ccc(Cc5ccc(N6c7ccccc7C7(c8ccccc8-c8ccccc87)c7ccccc76)cc5)cc43)c2C#N)cc1-n1c2ccc(C(C)(C)C)cc2c2sc3ccc(C(C)C)cc3c21,-4.82730236,-3.117610098,1.4683,1.4682,0.0002,0.0
276,443,Cc1cc(-n2c3ccccc3c3c4ccccc4ccc32)cc(C)c1-c1ccc2c(n1)c1nc(-c3ccncc3)ccc1c1nc(-c3ccc(C4=C(c5ccccc5)C(=O)N(c5ccc(Cl)cc5)C4=O)cc3)n(-c3ccnc4ccccc34)c21,-5.166900632,-3.012029866,2.007,1.8902,0.0061,0.0
277,445,CCCCCCCCCCCc1ccc2c(c1)c1cc(-c3ccc(Cc4ccccc4)cc3)ccc1n2-c1ccc(P(=O)(c2ccc(-n3c4ccc(SC)cc4c4ccc(C#N)cc43)cc2)c2ccccc2-c2c(F)cc(C#N)cc2F)cc1C,-5.3620063700000005,-1.90343743,3.2102,2.948,0.0051,0.0
278,446,COc1ccc2c(c1)c1c(c3c4cc(C5CC(c6ccccc6)=NN5c5ccccc5)ccc4n(-c4ccc5c(ccn5-c5ccsc5)c4)c3c3c4cc(-c5nnc(-c6ccc(Cc7ccccc7)cc6)o5)ccc4n(-c4ccccc4)c13)n2-c1ccc(C#N)cc1,-4.848527252,-1.482477072,2.9227,2.3487,0.0001,0.0
279,447,CC1=CN(c2ccc(C3(c4ccccc4)c4ccccc4N(c4ccc(-c5nc(C#N)cc(-c6cc(-c7ccncc7)nc(-c7ccc(Cl)cc7)n6)n5)cc4)c4ccccc43)cc2)c2ccccc2C1(C)C,-4.677095432000001,-3.038424924,1.471,1.471,0.0,0.0
280,448,CC1=CN(c2ccc3c(c2)S(=O)(=O)c2ccc(-c4ccc(N5c6ccccc6C6(c7ccccc75)c5ccccc5C(C)(C)c5ccc(N7c8ccccc8C8(c9ccccc97)c7ccccc7C(C)(C)c7cc(-c9ccc%10c(c9)-c9ccccc9C%109c%10ccccc%10N%10c%11ccccc%11C(C)(C)c%11cccc9c%11%10)ccc78)cc56)cc4)cc2S3(=O)=O)c2ccccc2C1(C)C,-4.882813616,-2.224259836,2.3877,2.3164,0.0003,0.0
281,450,CC1=CC(=Cc2ccc(-c3cc(-n4ccc5c6cc(N7C=C(C=C(C#N)C#N)C(C)(C)c8cc(C(C)(C)C)ccc87)ccc6ccc54)c(C#N)cc3F)cc2N2c3ccccc3C(C)(C)c3ccccc32)C=C(C(C)(C)C)O1,-4.999822636,-2.277049952,2.2475,1.8798,0.0009,0.0
282,451,Cc1cc(-n2c3ccc(-c4cc5c(cc4C#N)[nH]c4ccc(N6c7ccccc7C(C)(C)c7c6ccc6oc8ccccc8c76)cc45)nc3c3c4sc5ccccc5c4ccc32)c(C=CC2=CCC=C(C(C)(C)C)O2)cc1N1c2ccccc2C(c2ccccc2)(c2ccccc2)c2ccccc21,-4.998189952000001,-1.6732289860000005,2.8322,2.0905,0.0025,0.0
283,452,CC1=CN(c2ccc3c(c2)c2cc(-c4ccc(N5c6ccccc6[Si](c6ccccc6)(c6ccccc6)c6ccccc65)cc4)ccc2c2nc4cc(C#N)c(C#N)cc4nc32)c2ccccc2C1(C)C,-5.180778446000001,-3.1478147520000004,1.7197,1.5132,0.1293,0.0
284,453,Cc1ccc(-c2ccncc2)c(C)c1-c1ccc2ccc3ccc(-n4c5ccc(N6c7ccccc7C7(c8ccccc8Sc8ccccc87)c7ccccc76)cc5c5cc(C(C)(C)C)ccc54)nc3c2n1,-4.929345110000001,-1.7785371040000002,2.8548,2.66,0.0004,0.0
285,454,Cc1cccc(-c2ccc3c(c2)c2ccc(C#N)cc2n3-c2nc(N3c4ccccc4CCc4ccccc43)c(C#N)cc2C#N)c1,-5.860519218,-2.15378231,3.1729,2.8036,0.1807,0.0
286,455,c1ccc2c(c1)Oc1cc(N3c4ccccc4Oc4ccccc43)cc3c1B2c1cc(-c2ccc4cccnc4n2)ccc1O3,-4.65178883,-1.992690822,2.195,2.1847,0.0051,0.0
287,456,CN1C(=O)c2c(N3c4ccccc4C4(c5ccccc5N(c5ccc(C#N)c(C#N)c5)c5ccccc54)c4ccccc43)c3cc4ccccc4cc3c3c(F)ccc1c23,-5.1481247660000005,-2.487666188,1.9217,1.9083,0.0001,0.0
288,457,CN1C(=O)c2c(-c3ccc(C#N)cc3)c3cc4ccccc4cc3c3c([N+](=O)[O-])ccc1c23,-5.933989998,-2.674608506,3.034,1.8606,0.1519,0.0
289,458,CC(C)(C)c1ccc2c(c1)C(C)(C)C1C=CC=CC1N2c1cc2c(cc1-c1ccc(N3c4ccccc4SC4(c5ccc(-c6cnccc6C#N)c(F)c5)C=CC=CC34)cc1)sc1ccc(-c3nnc(-c4ccccc4)nc3-c3cccc(C#N)c3)cc12,-5.086082774,-2.3091594040000003,2.428,2.2596,0.0002,0.0
290,460,Cc1cc(-n2c3ccc(N4c5ccccc5Sc5ccccc54)cc3c3ccc(Cc4ccc(-n5c6ccccc6c6cc7sc8ccccc8c7cc65)cc4)cc32)cc(C)c1C,-4.818866826,-1.224785114,3.2186,2.758,0.0,0.0
291,462,N#Cc1c(-n2c3ccccc3c3c4c(ccc32)-c2ccccc2C4(c2ccccc2)c2ccccc2)ccc2ccc(N3c4ccccc4Oc4ccccc43)cc12,-4.805805354,-2.309975746,1.9506,1.9347,0.002,0.0
292,463,CC1(C)c2ccccc2N(c2ccc(C3(c4ccccc4)c4ccccc4N(c4cc(-c5ccc(N6c7ccccc7C7(c8ccccc8Sc8ccccc87)c7ccccc76)cc5)nc(C#N)n4)c4ccccc43)cc2)c2ccc3oc4ccccc4c3c21,-4.926896084,-2.08983552,2.5327,2.526,0.0,0.0
293,466,N#Cc1ccc2c(c1)c1ccccc1n2-c1c(C#N)c(-n2c3ccccc3c3cc(C#N)ccc32)c(C(F)(F)F)c(-n2c3ccc(-c4cc(Br)cc(Br)c4)cc3c3c4ccc(C(F)(F)F)cc4ccc32)c1C#N,-6.248009554,-3.4982975840000003,2.1901,2.1677,0.0037,0.0
294,467,CCCCCCCCc1ccc2c(c1)-c1ccc(-c3cc(C#N)cnc3-n3c4ccc(-c5cnc6cc(-c7ccc(CCCCC)c8nc(N9c%10ccccc%10C(C)(C)C%10C=CC=CC%109)c(N9c%10ccccc%10C%10(c%11ccccc%119)c9ccccc9C(C)(C)c9ccccc9%10)nc78)ccn56)cc4c4cc(C(C)(C)C)ccc43)cc1C2(CCCCCCCC)CCCCCCCC,-5.05043584,-2.271335558,2.1549,1.9774,0.0297,0.0
295,468,CC1(C)c2ccccc2N(c2ccc3nc4cccc(-c5ccc6c(c5)c5cc(N7c8ccccc8Oc8ccccc87)ccc5c5nc7nc(-c8ccc(F)c(C(F)(F)F)c8C#N)ccc7nc65)c4cc3c2)C2C=CC=CC21,-4.7018578060000005,-2.915157282,1.4247,1.4178,0.0034,0.0
296,469,O=S1(=O)c2ccccc2S(=O)(=O)c2cc(N3c4ccccc4C(c4ccc(N5c6ccccc6Oc6ccccc65)cc4)(c4ccc(N5c6ccccc6[Si](c6ccccc6)(c6ccccc6)c6ccccc65)cc4)c4ccccc43)ccc21,-4.66947624,-2.527394832,1.9368,1.9368,0.0,0.0
297,470,CC1(C)c2ccccc2N(c2ccc(C3=C(c4ccc(-c5ccc([N+](=O)[O-])cc5)cc4)C(=O)N(c4ccccc4)C3=O)cc2)c2ccccc21,-5.049891612,-3.05584022,1.5888,1.5861,0.0003,0.0
298,471,CC1=CN(c2ccc(-c3ccc4oc5cc(-c6ccc7c(c6)C6(c8ccccc8Oc8ccccc86)c6ccccc6N7c6ccc(C(=O)C(C)(C)C(=O)c7ccc8ccccc8c7)cc6)ccc5c4c3)cc2Cc2ccccc2)c2ccccc2C1(C)C,-4.61641401,-2.066977944,2.4165,2.4163,0.0,0.0
299,472,CCCCCCc1cc2c(cc1C(C)C)-c1cc(-c3ccc4c(c3)C(C)(C)c3cc(-c5ccc6ccc7ccc8ccc9c(ccn9-c9ccc%10c(c9)-c9cc%11c(cc9S%10(=O)=O)-c9cc%10c(cc9C%11(CC(CC)CCCC)CC(CC)CCCC)-c9ccc(-n%11c%12ccc(C(C)(C)C)cc%12c%12sc%13ccc(CCCCC)cc%13c%12%11)cc9S%10(=O)=O)c8c7c6c5)ccc3-4)ccc1C2(C)C,-5.277378916,-2.50072766,2.4459,2.2216,0.2301,0.0
300,473,CC1(C)c2ccccc2-c2cc(-c3nc(N4c5ccccc5C5(c6ccccc6-c6cc(N7c8ccccc8C8(c9ccccc9Sc9ccccc98)c8ccccc87)ccc65)c5ccccc54)c4ccc(-c5nnc(-c6ccnc7cc(-c8nccnn8)ccc67)o5)cc4n3)ccc21,-4.98104677,-2.792705982,1.9895,1.989,0.0,0.0
301,474,CC(C)(C)c1ccc(P(=S)(c2ccc(-c3ccc4c(c3)C(c3ccccc3)(c3ccccc3-c3ccc(N5c6ccccc6C6(c7ccccc75)c5ccccc5C(C)(C)c5ccccc56)cc3)c3cc(-c5c(F)cc(C#N)cc5F)ccc3-4)cc2)c2ccc(N3c4ccccc4C(c4ccccc4)(c4ccccc4)c4ccccc43)cc2)cc1,-4.922270146,-2.158952476,2.3966,2.3959,0.0,0.0
302,475,CCC1(C)c2ccccc2N(c2ccc(-c3ncnc(C4(c5ccc(-c6ccc(C)cc6)cc5)c5cc(-c6nccc(C#N)n6)ccc5-c5ccc(N6c7ccccc7CCc7ccccc76)cc54)n3)cc2)c2ccccc21,-5.028394606000001,-2.348615934,2.2922,2.2857,0.0,0.0
303,476,Cc1c(/N=N/c2ccc(-c3ncnc(-c4ccc5ccccc5c4)n3)cc2)ccc(-c2cnc(-c3ccc(N4c5ccccc5[Si](c5ccccc5)(c5ccccc5)c5ccccc54)c4ccc(N(C)C)cc34)nc2)c1-c1cnc(C#N)nc1,-4.926351856,-2.968219512,1.7081,1.6171,0.0924,0.0
304,477,CC1(C)c2ccccc2-c2cc(-c3ccc4c(c3)C3(c5ccc(-c6ccc7c8c(cccc68)C(=O)N(c6ccc(/N=C/c8ccccc8)cc6)C7=O)cc5-4)c4ccccc4N4c5ccccc5C(C)(C)c5cccc3c54)ccc21,-5.1296210140000005,-2.294737362,2.5236,2.2393,0.0001,0.0
305,478,N#Cc1ccc(-c2ccc3oc4c(N5c6ccccc6Oc6ccccc65)cccc4c3c2)c2nsnc12,-4.778049726,-3.074071858,1.4321,1.4319,0.0001,0.0
306,480,CCCc1c2c3c(ccc(F)c3c3cc4cc(-c5ccc6c7cc(-c8ccc9c(c8)-c8ccccc8C9(C)C)c(-n8c9ccccc9c9c%10sc%11ccccc%11c%10ccc98)cc7n(-c7ccc8c(c7)-c7ccccc7C8(C)C)c6c5)ccc4cc13)N(C)C2=O,-5.177240964000001,-2.1339179880000003,2.8196,1.8704,0.2416,0.0
307,481,CC1(C)c2ccccc2N(c2ccc3cccc(-c4nc5ncc(N6c7ccccc7Oc7ccccc76)nc5cc4-c4cnc(C#N)nc4)c3c2)c2ccccc21,-4.926079742,-2.5839945440000003,1.9405,1.9387,0.0009,0.0
308,482,Cc1c(-c2ccc3c(n2)c2c4sc5ccc(-c6cc7c8c(c6)Oc6ccccc6B8c6ccccc6O7)cc5c4ccc2n3-c2ccccc2)nc(-c2ccccc2)nc1-c1cccc2ccc(-c3cccc4nc5c6ccc(N7c8ccccc8C8(c9ccccc9Sc9ccccc98)c8ccccc87)cc6c6ccccc6c5nc34)cc12,-4.998189952000001,-2.32793527,2.2699,2.1472,0.0,0.0
309,483,Cc1cc(=O)c2cc(N3c4ccc(C5CCCCC5)cc4SC4C=CC=CC43)c(N(c3ccc4c(c3)C3(CCCC3)c3ccc(N5c6ccccc6Oc6ccccc65)cc3-4)c3ccc4c(c3)c3ccccc3c3nc5cccnc5nc43)cc2o1,-4.578318050000001,-2.463175928,1.9127,1.9125,0.0001,0.0
310,484,CCC1(C)c2ccccc2N(c2cc3nc(C)c(-c4ccc([N+](=O)[O-])cc4)nc3cc2C=Cc2nc(-c3ccc(N4c5ccccc5C(C)(C)c5ccc6c(sc7ccccc76)c54)cc3)cs2)c2ccccc21,-4.989754418,-2.818284698,1.9057,1.8971,0.0006,0.0
311,487,Cc1cc(C)c(B(c2ccccc2N2c3ccccc3Oc3cc(-c4ccc5c(c4)c4cc(-c6ccc(B7c8ccccc8Oc8ccccc87)cc6)ccc4c4oc(-c6ccc(/C=N/c7ccccc7)cc6)nc54)ccc32)c2c(C)cc(C)c(-c3cc(F)cc(C#N)c3)c2C)c(C)c1,-4.808798608,-2.108067158,2.1791,2.1181,0.0023,0.0
312,489,CCC1(C)c2ccccc2N(c2ccc3c(c2)c2cc(-c4ccc5c(c4)sc4ccc(-c6cc(C)c(C)c(C)c6)cc45)ccc2c2c3nc(C)n2-c2cc(F)cc(C#N)c2)c2ccccc21,-4.916011524,-2.246573184,2.4224,2.4223,0.0,0.0
313,490,CCCCCCCCC1(CCCCCCCC)c2ccc(C3(C)OCC(C#N)=C3C)cc2-c2ccc(-c3ccc4c(c3)C3(c5ccccc5-4)c4cc(C)ccc4N(c4cc(-c5ccc6c(c5)C5(c7ccccc7Oc7ccccc75)c5ccccc5N6c5ccc6c(c5)S(=O)(=O)c5cc(CC(C)C)ccc5S6(=O)=O)c5cc(N6c7ccccc7C(C)(C)C7C=CC=CC76)ccc5c4C)c4ccc(C)cc43)cc21,-4.766620938,-2.3902493760000003,2.1395,2.139,0.0003,0.0
314,493,N#Cc1cc(-c2cc(N3c4ccccc4C(c4ccccc4)(c4ccccc4)c4ccccc43)nc(-c3cccnc3)n2)cc(F)c1-c1c(C#N)ccc(N2C3=CC=CCC3C(c3ccccc3)(c3ccccc3)c3ccccc32)c1C#N,-4.982951568000001,-2.240042448,2.2819,1.8655,0.0588,0.0
315,494,CCC1(C)c2ccccc2N(c2cc(C)cc3nc(-c4ccc5c6c(cccc46)-c4nc6cc(C#N)c(C#N)cc6nc4-5)c(C)nc23)c2ccccc21,-5.027850378,-2.951348444,1.7364,1.7314,0.0001,0.0
316,496,c1ccc2c(c1)Oc1ccccc1N2c1ccc2c(c1)c1cc(N3c4ccccc4Oc4ccccc43)ccc1c1nc3c4cccnc4c4ncccc4c3nc21,-4.771246876,-2.57964072,1.8025,1.7997,0.0,0.0
317,497,CCC1(C)c2ccccc2N(c2ccc(C3(c4ccc(N5c6ccccc6C(C)(CC)c6ccccc65)cc4)c4ccccc4N(c4ccc(-c5ccc6c(c5)C5(c7cc(-c8ncncc8C)ccc7-6)c6ccccc6S(=O)(=O)c6ccccc65)cc4)C4=CC=CCC43)cc2)c2ccccc21,-4.798186162,-1.887382704,2.5353,2.1599,0.0118,0.0
318,498,CCCCCCCCC1(CCCCCCCC)c2ccccc2-c2ccc(-c3ccc(P4(=O)c5ccc(-c6cc7c(=O)c8cc(-c9ccccc9)ccc8n8c9ccc(-c%10ccc%11c(c%10)C(C)(C)c%10ccccc%10-%11)cc9c(=O)c(c6)c78)cc5-c5ccc(-c6cccnc6C#N)cc54)cc3)cc21,-5.5848677360000005,-2.42453574,2.7556,2.3093,0.1395,0.0
319,501,CCCCc1c(-c2ccc(-c3ccc4c(c3)Sc3ccccc3C43c4ccccc4N(c4ccc5c6c(cccc46)C(=O)N(c4ccc6ccc(-c7cccc(C)c7)cc6c4)C5=O)c4ccccc43)cc2)c2cc3c4ccccc4n(-c4ccc5c(c4)C4(c6ccccc6Oc6ccccc64)c4ccccc4-5)c3cc2oc1=O,-5.3581967740000005,-2.6539278420000003,2.0678,2.0587,0.0002,0.0
320,502,CCC1(C)c2ccccc2N(c2nc(-c3ccncc3)ns2)c2ccc(-c3ccc4c(c3)-c3ccc(-c5cc(-c6nncc(C7CCCCC7)n6)cc6nc7ccccc7cc56)cc3C43c4ccccc4N4c5ccccc5C(C)(C)c5cccc3c54)cc21,-5.1054028680000005,-2.2408587900000003,2.4539,1.7881,0.0007,0.0
321,504,N#Cc1ccc2c(c1)c1cc(C#N)ccc1c1nc3cc(N4c5ccccc5C(c5ccccc5)(c5ccccc5)c5ccccc54)c(F)cc3nc21,-5.489627836,-3.10346017,1.9037,1.7902,0.0843,0.0
322,505,N#Cc1ccc(-n2c3ccc(C4CCCCC4)cc3c3c4oc5ccc(N6c7ccccc7CCc7ccccc76)cc5c4ccc32)cc1C#N,-5.12254605,-2.3510649600000004,2.4637,2.3694,0.0209,0.0
323,506,CC(C)c1cc(C(=CN(c2ccc3c(c2)-c2ccccc2C3(C)C)c2cccc3oc4ccccc4c23)c2ccccc2)ccc1C(c1ccccc1)c1cc(-c2ccc3c(c2)c2cc4c(cc2n3-c2ccc([N+](=O)[O-])cc2)C2(c3ccccc3-c3ccc(-c5ccc(C#N)cc5)cc32)c2ccccc2-4)ccc1-c1c(C#N)cc(F)cc1C#N,-4.9285287680000005,-2.607396348,2.14,2.1397,0.0001,0.0
324,508,CCCCCCCCCCCCc1nc2c(N3c4ccccc4C(C)(C)C4C=CC=CC43)cc(-c3ccc(S(=O)(=O)c4ccccc4)cc3C)nc2nc1N1c2ccccc2C(C)(CC)c2ccccc21,-5.1628189220000005,-2.2724240140000003,2.235,2.1786,0.0119,0.0
325,509,N#Cc1ccc(-c2ccc(O)c(-c3csc(-c4cc(N5C6=CC=CCC6C(c6ccccc6)(c6ccccc6)c6ccccc65)ccc4C4=NN(c5ccccc5)CC4)c3)c2Cc2ccccc2)cn1,-4.622944746000001,-1.712413402,2.7002,2.1808,0.0004,0.0
326,510,N#Cc1ccc(-n2c3ccc(-c4ccc5c(c4)C4(c6ccccc6S5)c5ccccc5-c5ccccc54)cc3c3oc4ccccc4c32)cc1-c1cc2ccc3c(c4ccccc4n3-c3ccc(-c4ccc(C5(c6nc(-c7ccccc7)nc(-c7ccc8ccccc8c7)n6)c6ccccc6-c6ccccc65)cc4)cc3)c2oc1=O,-5.239282956,-2.038950202,2.8328,2.425,0.102,0.0
327,512,N#Cc1ccc2c(c1)c1cc(C#N)ccc1c1nc3cc(-n4c5ccccc5c5cc(N6c7ccccc7CCc7ccccc76)ccc54)c(F)cc3nc21,-4.986761164000001,-3.2052308060000003,1.4896,1.4737,0.0123,0.0
328,514,Cc1ccc2c(c1)C1(c3ccccc3Oc3ccccc31)c1cc(C)ccc1N2c1ccc2c(c1)c1ccccc1n2-c1ccc2ccc(-c3c(C#N)cc(F)cc3C#N)cc2n1,-4.777505498,-2.450930798,2.1276,2.1275,0.0001,0.0
329,515,CC1(C)C(C=C(C#N)C#N)=CN(c2nn3c(-c4cccnc4)c(N4c5ccccc5C5(c6ccccc6C(=O)c6ccccc65)c5ccccc54)nc3s2)c2ccccc21,-5.510852728000001,-2.762229214,2.44,2.0169,0.0024,0.0
330,517,CCCCCCc1ccc2c(c1)c1ccccc1n2-c1cnc2cc(C#N)c(C#N)cc2n1,-6.045828852,-2.962233004,2.7832,2.158,0.055,0.0
331,519,CCCCCCCCc1ccc2c(c1)CCc1ccccc1N2c1ccc2ncc(C#N)c(-c3ccc4sc5ccc(N6c7ccccc7C=Cc7cc(C(C)(C)C)ccc76)cc5c(=O)c4c3)c2n1,-5.1296210140000005,-2.000854242,2.7423,2.3956,0.0897,0.0
332,520,CN(C)c1ccc2cccc(-c3nnc(-c4ccccc4)c(-c4ccc(-c5nc(-c6ccccc6)nc(-c6ccc(/N=C/c7ccc(-c8ccc9ccc%10c(-c%11nc(-c%12ccncc%12)nc(-c%12ccc(N%13c%14ccccc%14C%14(c%15ccccc%15Sc%15ccccc%15%14)c%14ccccc%14%13)cc%12)n%11)cc(-c%11ccccc%11)nc%10c9n8)cc7)cc6)n5)cc4)n3)c2c1,-4.813696660000001,-2.598144472,2.0976,2.0691,0.0001,0.0
333,521,CC(C)(C)c1ccc2c(c1)-c1cc(-c3ccc4c(c3)c3cc(N5C(=O)c6cccc7c(-c8cc(-c9cccc%10ccccc9%10)ccc8Oc8ccc9c(c8)C8(CC8)c8ccccc8-9)ccc(c67)C5=O)ccc3n4-c3ccc4c(c3)C3(Cc5ccccc5C3)c3ccccc3-4)ccc1S2(=O)=O,-5.387857200000001,-2.2925604500000003,2.7094,2.2526,0.0013,0.0
334,523,CC1(C)c2ccccc2N(c2cc3ccc4cccc5c6nc7cc(C#N)c(C#N)cc7nc6c(c2)c3c45)c2ccccc21,-5.092885624,-3.240061398,1.4351,1.4297,0.0001,0.0
335,524,CCCCc1ccc2c(c1)c1cc(Cc3ccccc3)ccc1n2-c1ccc2c(c1)C(c1ccccc1)(c1ccccc1)c1cc3c(cc1-2)c1cc(C(C)(C)C)ccc1n3-c1ccc2c(c1)c1ccc(C#N)cc1n2-c1ccc(-c2ccc(C=CCC(C)(C)C)c(-n3c4ccc(C#N)cc4c4cc(-c5ccc(COc6ccc7ccccc7c6)cc5)ccc43)c2)c(C#N)n1,-5.025673466,-2.484945048,2.333,2.3219,0.0044,0.0
336,525,N#Cc1ccc2c(c1)c1ccccc1n2-c1cc(-c2cncnn2)ccc1-c1ccccc1C1(c2ccccc2)c2ccccc2N(c2ncnnc2-c2nnc(-c3ccc4c(ccn4-c4ccc([N+](=O)[O-])cc4)c3)o2)c2ccccc21,-5.689087398000001,-2.76739938,2.3438,2.1348,0.0051,0.0
337,526,CCCCCCCCC1(CCCCCCCC)c2ccccc2-c2ccc(Cc3nc(-c4ccc(/N=N/c5ccccc5)c(C)c4)cc(-c4ccc(F)c(N5C6=CC=CCC6c6ccccc65)c4C#N)n3)cc21,-4.890704922,-2.479502768,2.0109,1.6795,0.0067,0.0
338,528,Cc1ccc2c(c1)c1ccccc1n2-c1c(-c2ccccc2F)nc(C#N)nc1N1c2ccccc2[Si](c2ccccc2)(c2ccccc2)c2ccccc21,-5.513845982,-2.3461669080000003,2.51,2.4292,0.0085,0.0
339,530,Cc1cc(C)c(B(c2cc(N3c4ccccc4Sc4ccccc43)ccc2-c2ccc3c(c2)C(c2ccc(N4c5ccccc5C(C)(C)c5ccccc54)cc2)(c2ncnc(-c4ccc(C#N)c(C)c4)n2)c2ccccc2-3)c2c(C)cc(C)cc2C)c(C)c1,-4.935875846,-2.554878346,2.0936,2.0933,0.0,0.0
340,531,CC1(C)C(=O)c2ccc(N3C4=CC=CCC4C(c4ccccc4)(c4ccc(N5c6ccccc6CCc6ccccc65)cc4)c4ccccc43)cc2C1=O,-4.739409538,-2.099631624,2.1055,1.9194,0.0405,0.0
341,532,Cc1cc(C)c(-c2ccc(C#N)c(C#N)c2)c(C)c1B(c1ccc(-c2ccc3c(c2)-c2ccc(-c4cc5ccc(CC(C)C)cc5oc4=O)cc2C3(c2ccccc2)c2ccc(-n3c4ccccc4c4c5ccccc5oc43)cc2)cc1)c1c(C)cc(C)c(N2c3ccccc3C=Cc3ccccc32)c1C,-4.868663688,-2.214191618,2.2741,2.0837,0.004,0.0
342,534,Cc1ccc2c(c1)C1(c3ccccc3Oc3ccccc31)c1cc(C)ccc1N2c1ccc(-c2ccc3c(c2)B2c4ccccc4Oc4cccc(c42)O3)cc1,-4.826486018,-1.812823468,2.7264,2.7259,0.0,0.0
343,536,Cc1cccc(-c2c(-c3cnc4ncnn4c3)c(-c3ccc4c(=O)n(-c5cccc(F)c5)c(=O)c5ccc(C(C)(C)C)cc5c4c3)cc3nc4c5ccc(N6c7ccccc7C(C)(C)c7ccc8c(sc9ccccc98)c76)cc5c5ccccc5c4nc23)c1,-5.25588191,-2.652567272,2.2197,2.0926,0.068,0.0
344,538,CC1(C)c2ccccc2N(c2ccc(-c3ncnc(-c4ccc(C#N)c(N5c6ccccc6CCc6ccccc65)n4)n3)cc2)C2C=CC=CC21,-5.253977112,-2.475965286,2.3993,2.2845,0.0001,0.0
345,539,Cc1cc(-c2cc(-c3cc(C#N)cc(C#N)c3)c3nsnc3c2-c2ccc(C#N)c(-c3nc(-c4cccc(C#N)c4)c(C#N)cc3-c3ccc(-c4ccc(C(C)C)cc4)cc3)n2)ccc1N(c1ccc(Br)cc1)C1C=CC=CC1,-5.605820514,-3.1274062020000004,2.1232,1.8373,0.1173,0.0
346,540,N#Cc1cccc(F)c1-c1ccc2sc3cc4c5cc(-c6ccc(/N=C/c7ccccc7)cc6)ccc5n(-c5ccc6c(c5)-c5cc(-c7ccc(B8c9ccccc9Oc9ccccc98)cc7)ccc5C6=O)c4cc3c2c1,-5.274657776000001,-2.483312364,2.4046,2.1834,0.1263,0.0
347,541,CC(=Cc1cc(C)ccc1-c1ccc(-c2cc3nc4c5ccc(C#N)cc5c5cc(C#N)ccc5c4nc3cc2-c2ccc(N3c4ccccc4C4(c5ccccc5-c5ccccc54)c4ccccc43)c(C)c2)c2nccnc12)C(C)(C)C,-5.1239066200000005,-2.953253242,1.8823,1.8817,0.0001,0.0
348,542,Cc1ccccc1N1C2=CC=CCC2c2cc(-c3cc4nc5c6cc(C#N)ccc6c6ccc(C#N)cc6c5nc4cc3-c3ccc(N4c5ccccc5[Si](c5ccccc5)(c5ccccc5)c5ccccc54)cc3)ccc21,-4.884174186,-2.855292202,1.7293,1.6226,0.093,0.0
349,545,CC(C)(C)CC=C(c1ccc2cc3ccc(N4C5=CC=CCC5c5ccccc54)cc3cc2c1)c1ccc2c(c1)c1cc(-c3cc4nc5c6ccc(C#N)cc6c6cc(C#N)ccc6c5nc4cc3-c3ccc(C#N)cc3)ccc1n2-c1ccc(C#N)cc1,-4.619951492,-3.17148867,1.313,1.313,0.0,0.0
350,546,CC(=Cc1cc2c(cc1N1c3ccccc3CCc3ccccc31)c1ccc(Cc3c(F)cccc3F)cc1n2-c1cccc(-c2c(C#N)c(-c3ccc(Br)c(C(F)(F)CC(F)(F)C(F)(F)F)c3)nc(N3C4=CC=CCC4C(c4ccccc4)(c4ccccc4)c4ccccc43)c2C#N)c1)C(C)(C)C,-4.851520506,-2.292288336,2.3209,2.1002,0.0001,0.0
351,548,N#Cc1cc(C#N)cc(-c2ccc3c(c2)C2(CCCC2=Cc2ccccc2N2c4ccccc4C4(c5ccccc5-c5ccccc54)c4ccccc42)c2ccccc2-3)c1,-5.013428336,-2.1156863500000003,2.6292,2.6292,0.0,0.0
352,549,CCCCCCCCc1ccc2c(c1)C1(C3=C(c4ccccc41)C(c1ccccc1)(c1ccccc1)c1ccccc13)c1c-2n(-c2ccc(-c3ccc([Si]4(c5ccccc5)c5ccccc5N(c5cc(-c6c(C7=CC8SC=CC8(c8ccccc8)S7)sc7c6sc6ccsc67)ccc5-c5ncc(-c6ccc(C#N)c(C#N)c6)s5)c5ccccc54)cc3)cc2)c2ccc(CCCCCCCC)cc12,-4.89124915,-2.695017056,2.044,2.044,0.0,0.0
353,551,CCC1(C)c2ccccc2N(c2nnc(-c3ncnc(-c4ccc5cc(N6c7ccccc7C(C)(C)c7ccccc76)ccc5c4)n3)c(-c3cc4c(c(N5c6ccccc6C(C)(C)C6C=CC=CC65)c3)B3c5ccccc5Oc5cccc(c53)O4)n2)c2ccccc21,-4.8621329520000005,-2.278410522,2.292,2.0472,0.0,0.0
354,552,Cc1cc(-c2ccc(C#N)cc2)c(-c2nc(-c3ccc(N4C5=CC=CCC5c5ccccc54)cc3)c(C#N)c(-c3c(C#N)ccc(N4c5ccccc5C(C)(C)c5ccccc54)c3F)n2)nc1C#N,-4.917372094,-2.722772684,1.8572,1.7023,0.0834,0.0
355,553,CC1=CN(c2ccc3c(C)ccc(C(=O)C(C)(C)C(=O)c4ccc5nc6c7ccc(N8c9ccccc9Oc9ccccc98)cc7c7cc(N8c9ccccc9C(C)(C)c9ccccc98)ccc7c6nc5c4)c3c2)c2ccccc2C1(C)C,-4.72389904,-2.777739712,1.5659,1.5631,0.0002,0.0
356,554,N#Cc1ccc2c3cc(-n4c5ccccc5c5ccc(Cc6ccccc6)cc54)c(C#N)cc3c3nc4cc(-n5c6ccccc6c6cc7c(cc65)C(c5ccccc5)(c5ccccc5)c5ccccc5-7)c(-c5ccccc5)cc4nc3c2c1,-5.352210266,-3.021281742,1.9265,1.8601,0.0499,0.0
357,555,CCc1ccc2c(c1)c1ccc3c4ccccc4oc3c1n2-c1ccc(P(=S)(c2ccccc2)c2ccc(-c3ccc(/N=N/c4ccc(-c5ccc(C#N)c(C#N)n5)c(-c5ccc(Cc6ccccc6)cc5)c4C)cc3)cc2)cc1,-5.453436674000001,-2.802502086,2.4102,1.6677,0.0631,0.0
358,556,CCC1(CC)c2ccc(C(C)(C)C)cc2-c2ccc(N(c3ccc(C(F)(F)CC(F)(F)C(F)(F)F)c(F)c3)c3c(-c4ccc(Cl)cc4)nc4cc(-c5c(C#N)c(-c6c(C)cc(C(C)(C)C)cc6C)nc(-c6cccc7ccccc67)c5C#N)ccn34)cc21,-5.507859474,-2.372561966,2.7335,2.4227,0.168,0.0
359,558,N#Cc1ncc(-c2ccc(-n3c4ccccc4c4cc(N5c6ccccc6Oc6ccccc65)ccc43)c3nsnc23)cn1,-4.652333058000001,-3.3361176400000003,0.9998,0.9996,0.0,0.0
360,560,N#Cc1nc2c3cccc4ccc5c(-c6ccc7c(c6)C6(c8ccccc8-c8ccc(-c9ccccc9C9(c%10ccccc%10)c%10ccccc%10-c%10ccccc%109)cc86)c6ccccc6C76c7ccccc7-c7ccccc76)ccc(c2nc1C#N)c5c43,-5.646093386,-2.811209734,2.5344,2.1072,0.0011,0.0
361,561,Cc1ccc2c(c1)C1(c3ccccc3-c3ccccc31)c1cc(C)ccc1N2c1c(C#N)cc(-c2nc(-c3ccc(F)cc3)c(C#N)c(N3C4=CC=CCC4c4ccccc43)c2C#N)cc1C#N,-5.078735696,-2.626716442,1.8805,1.8194,0.0037,0.0
362,565,Cc1cc(C)c(B(c2ccc(-c3ccc(N4C5=CC=CCC5C(c5ccccc5)(c5ccc(N6c7ccccc7Oc7ccccc76)cc5)c5cc(C(C)C)ccc54)cc3)s2)c2c(C)cc(C)c(-c3ccc(C#N)cc3F)c2C)c(C)c1,-4.564712350000001,-2.1360949,2.1519,2.0583,0.0064,0.0
363,567,Cc1ccc2c(c1)C1(c3ccccc3-c3ccccc31)c1cc(C)ccc1N2c1ccc(P(=O)(c2ccccc2)c2cccc3c4cccc(P(=O)(c5ccc(-c6ncc7cc(C(C)C)ccc7n6)cc5)c5ccccc5-c5cccnc5C#N)c4n(-c4ccc(-c5cscc5F)c(Cc5ccccc5)c4)c23)cc1,-4.765804596,-2.1322853040000003,2.4898,2.4898,0.0,0.0
364,569,N#Cc1nc2c3cccc4ccc5cc(-c6ccc7c(c6)Oc6ccccc6N7c6ccc([N+](=O)[O-])cc6)cc(c2nc1C#N)c5c43,-5.188125524,-2.9012794680000003,1.9517,1.8045,0.0786,0.0
365,570,Cc1c(C)n(-c2cc(-c3ccc4c(c3)c3ccc(Cc5ccccc5)cc3n4-c3ccc4sc5c6c(ccc5c4c3)C(C)(C)c3ccccc3N6c3ccc(C#N)cc3)c(C#N)cc2F)c2ccccc12,-5.36608808,-1.6762222400000002,3.1407,2.7968,0.1381,0.0
366,571,CC1=C(C#N)COC1(C)c1ccc(-c2nc3cc(C)c(N4c5ccccc5C=Cc5ccccc54)cc3nc2C=CC2=CN(c3cc(-c4ccc5c(c4)c4ccc(C#N)cc4n5CC(C)C)ccc3CO)c3ccccc3C2(C)C)cc1C,-4.87900402,-1.943710302,2.5664,1.7592,0.3443,0.0
367,572,O=S1(=O)c2ccccc2S(=O)(=O)c2cc(N3c4ccccc4Oc4cc(-c5ccc(N6c7ccccc7C7(c8ccccc8Oc8ccccc87)c7ccccc76)cc5)ccc43)ccc21,-4.963903588,-2.478142198,2.1485,2.0571,0.0513,0.0
368,575,CC(C)(C)c1csc2c1sc1cc(C3=CC4(c5cccnc5)SC=CC4(c4ccc5c(c4)C4(CC4)c4cc(-c6cnc(C#N)nc6)c(N6c7ccccc7Sc7ccccc76)cc4-5)S3)sc12,-5.180234218000001,-2.144802548,2.46,2.1365,0.0008,0.0
369,576,Cc1cc(N2c3ccccc3C(C)(C)C3C=CC=CC32)ccc1-c1nc2cc(C#N)c(C#N)cc2nc1-n1c2ccccc2c2cc(-c3ccccc3F)ccc21,-5.397109076,-2.811753962,2.2059,1.8869,0.1966,0.0
370,577,O=C1c2ccccc2S(=O)(=O)c2cccc(OCc3ccc(-n4c5ccc(N6c7ccccc7Oc7ccccc76)cc5c5cc(N6c7ccccc7Sc7ccccc76)ccc54)cc3)c21,-4.610155388,-2.720867886,1.6669,1.6669,0.0,0.0
371,578,N#Cc1cc(F)c(N2c3ccccc3C3(c4ccccc4C(=O)c4ccc(N5c6ccccc6Oc6ccccc65)cc43)c3ccccc32)c(C#N)c1,-4.780498752000001,-2.743997576,1.6606,1.6605,0.0,0.0
372,582,CCCCCCCCC1(CCCCCCCC)c2ccc(N3c4ccccc4Sc4ccccc43)cc2-c2ccc(-c3ccc(S(=O)(=O)c4ccc(N5c6ccccc6Sc6ccccc65)c(-c5ccc6ccc(-c7ccc(N8c9ccc(C)cc9C9(c%10ccccc%10Oc%10ccccc%109)c9cc(C)ccc98)cc7)nc6n5)c4)cc3)cc21,-4.820771624000001,-2.321676648,1.9926,1.9803,0.0021,0.0
373,583,CCC1(C)c2ccccc2N(c2ccc3ccc(-c4nc(-c5ccc(-c6ccc7c(c6)C(CC)(CC)c6ccccc6-7)cc5C)nnc4-c4ccc(/C=N/c5ccc(-c6ccc7c(c6)C(C)(C)c6ccc(-c8nnc(-c9ccc(/N=C/c%10ccc(N%11c%12ccccc%12Oc%12ccccc%12%11)cc%10)cc9)o8)cc6-7)cc5)cc4)cc3c2)c2ccccc21,-4.753287352,-2.286301828,2.0623,2.0275,0.0361,0.0
374,584,N#Cc1c(N2c3ccccc3C3(c4ccccc4-c4ccccc43)c3ccccc32)nc(C(F)(F)F)c(C#N)c1-c1ccc(-n2c3ccccc3c3c4ccccc4sc32)cc1,-5.309216254000001,-2.531476542,2.4376,2.3662,0.0383,0.0
375,587,CC1(C)c2ccccc2N(c2ccc(C3=C4C(=O)NC(c5ccccc5)=C4C(=O)N3c3ccc4c(c3)c3ccccc3c3nc5c6cccnc6c6ncccc6c5nc43)cc2)c2ccccc21,-4.921998032,-2.749167742,1.7623,1.2081,0.0005,0.0
376,588,CCCCCCc1ccc2c(-c3cc(-c4ccc5c(c4)c4cc(-c6c(F)cc(C#N)cc6C#N)ccc4n5-c4ccc(/N=N/c5ccccc5)c(C)c4)c4cc5ccc(-c6ccc(Br)cc6)cc5nc4c3)cc(-c3ccncc3)nc2c1,-5.700516186000001,-2.6237231880000005,2.473,1.8046,0.0,0.0
377,589,CC(C)(C)c1ccc2c(c1)[Si](c1ccccc1)(c1ccccc1)c1ccccc1N2c1ccc(-c2cc(C#N)c(-c3cnc(C#N)nc3)c(-n3c4ccc(C5CCCCC5)cc4c4c5sc6ccccc6c5ccc43)c2)c(C(F)(F)F)c1,-5.443912684,-2.592974306,2.5122,2.5086,0.0002,0.0
378,591,N#Cc1nc2c3cc(-c4ccc5c(c4)C4(c6ccccc6-c6ccccc64)c4cc(-c6ccccc6P(=O)(c6ccccc6)c6ccccc6)ccc4-5)cc4ccc5ccc(-n6c7ccc(C8CCCCC8)cc7c7cc8c(cc76)C(c6ccccc6)(c6ccccc6)c6ccccc6-8)c(c2nc1C#N)c5c43,-5.0926135100000005,-2.76739938,1.8085,1.7325,0.0271,0.0
379,593,CCCCCCCCc1ccc2c(c1)C1(c3ccccc3O2)c2cc(C)ccc2N(c2ccc3c(c2)SC2C=CC=CC2N3C(=C(C#N)C#N)c2sc(Br)c(C3CCCCC3)c2CN2CCCCCC2)c2ccc(C)cc21,-5.034653228,-2.6114780580000003,2.0154,2.0039,0.0042,0.0
380,595,Cc1cc(-n2c3ccc(-n4c5ccc(Cc6ccccc6)cc5c5cc(N6c7ccccc7C=Cc7ccccc76)ccc54)cc3c3c4ccccc4sc32)ccc1C#N,-5.0077139420000005,-1.821259002,2.9618,2.3518,0.0,0.0
381,597,CC1=CN(c2ccc(-c3c4c5c(ccc([N+](=O)[O-])c5c5cc6ccc(N7c8ccccc8[Si](c8ccccc8)(c8ccccc8)c8ccccc87)cc6cc35)N(C)C4=O)cc2)c2ccccc2C1(C)C,-4.783764120000001,-2.5099795360000003,1.911,1.8169,0.0519,0.0
382,600,CC1=CN(c2ccc3c(-c4cc(-c5ncc(-c6ccc(C#N)nc6)cn5)c(-c5ccc(Br)cc5)c5nsnc45)ccc(-c4cnc(C#N)nc4)c3c2)c2ccccc2C1(C)C,-5.011795652000001,-3.071078604,1.6323,1.6213,0.0014,0.0
383,602,N#Cc1nc2c3ccc(N4c5ccccc5[Si](c5ccccc5)(c5ccccc5)c5ccccc54)cc3c3cc(-n4c5ccccc5c5ccccc54)ccc3c2nc1C#N,-5.430306984,-3.058833474,1.953,1.9498,0.0,0.0
384,604,N#CC(C#N)n1c2ccc(Cc3ccc(C(F)(F)CC(F)(F)C(F)(F)F)c(N4CCCCCC4)c3)cc2c2cc(N3c4ccccc4C=Cc4ccccc43)ccc21,-5.23411279,-1.354311378,3.3938,2.38,0.0017,0.0
385,605,Cc1ccc(-c2nc3ccccc3n2-c2cnc(-c3ccc(-n4c5ccccc5c5sc6ccccc6c54)cc3)nc2-c2ccc3c4c(cc(C(C)(C)C)cc24)-c2nc(C#N)c(C#N)nc2-3)c2cc(N3c4ccccc4Oc4ccccc43)ccc12,-4.732878802,-3.30210339,1.1944,1.1944,0.0,0.0
386,606,O=C1c2ccc(-c3c(F)c(F)c(-c4ccccc4)c4nsnc34)cc2C(=O)c2cc(-n3c4ccccc4c4ccc5c(c43)-c3ccccc3C53c4ccccc4-c4ccccc43)ccc21,-5.4226877920000005,-3.000873192,2.0342,1.9354,0.0534,0.0
387,607,Cc1cc(C)c(B(c2ccc(C=CC3=C(C#N)C(=C(C#N)C#N)OC3(C)C)c(-n3c4ccccc4c4cc(Cc5ccccc5)ccc43)c2)c2c(C)cc(C)c(-n3c4ccccc4c4cc5sc6ccccc6c5cc43)c2C)c(C)c1,-5.300508606,-3.263191088,1.7826,1.7809,0.002,0.0
388,608,CC1=CN(c2ccc3c(c2)CCc2ccccc2N3c2ccc3c(c2)C(C)(C)C(C)=CN3c2ccc3c(c2)c2cc(N)ccc2c2nc(C#N)c(C#N)nc32)c2ccccc2C1(C)C,-4.558181614,-2.6958333980000004,1.6487,1.6449,0.0031,0.0
389,609,CC1(C)c2ccccc2N(c2ccc(-c3ccc4c5c(cccc35)-c3nc5cc(C#N)c(C#N)cc5nc3-4)cc2)c2ccccc21,-5.121457594,-2.9067217480000003,1.9015,1.8997,0.0005,0.0
390,610,Cc1cc(C)c(B(c2ccc(-c3ccc4c(c3)Sc3ccccc3N4c3ccc4cc5cc6c7c(ccc(F)c7c5cc4c3)N(C)C6=O)cc2)c2c(C)cc(C)cc2C)c(C)c1,-5.024857124,-2.396507998,2.1826,1.8818,0.0009,0.0
391,612,Cc1cc(C)c(B(c2ccccc2-c2ccc(OCc3ccc(-c4c(F)cc(C#N)c(-c5ccc(N6c7ccccc7[Si](c7ccccc7)(c7ccccc7)c7ccccc76)cc5)c4C#N)c(C(C)C)c3)cc2F)c2c(C)cc(C)cc2C)c(C)c1,-5.167444860000001,-2.396780112,2.4172,2.4168,0.0,0.0
392,614,C=Cc1ccc(N(c2ccc(Cl)cc2)c2cc(C=C(C)C(C)(C)C)c(C=Cc3cc(C)c(C=Cc4nc5cc(-c6ccc(/N=N/c7ccccc7C)cc6)c(C)cc5nc4N4c5ccccc5C=Cc5ccccc54)s3)c(C)c2C(=O)C(C)(C)C(=O)c2ccc(N3c4ccccc4C(C)(C)c4ccccc43)c(C)c2)cc1,-4.916827866,-2.2060281980000003,2.4814,1.6156,0.0009,0.0
393,615,Cc1cc(-c2c(C#N)c(C)nc(C=CCC(C)(C)C)c2C#N)cc(N2c3ccccc3C(C)(C)c3ccccc32)c1,-4.837914806000001,-2.391609946,2.0522,2.0484,0.0005,0.0
394,619,N#Cc1cccc(-c2ccc3c(c2)c2cc(N4c5ccccc5C(c5ccccc5)(c5ccccc5)c5ccccc54)ccc2c2nc4cc(C#N)c(C#N)cc4nc32)c1,-5.454797244,-3.372580916,1.6977,1.6943,0.0002,0.0
395,622,CCC1(C)c2ccccc2N(c2ccc3c(c2)C2(c4ccccc4-3)c3ccccc3N(c3cnc4cc(-c5cc(Br)cc(Br)c5)c(-c5ccc(-c6nc(-c7ccc8ccccc8c7)nc(-c7ccc(C#N)c(C(F)(F)F)c7C#N)n6)cc5C)cc4n3)c3ccccc32)c2ccccc21,-4.932610478,-2.958967636,1.8355,1.8355,0.0,0.0
396,624,Cc1cc(C)c(B(c2ccc(N3C(=O)c4ccc(N5c6ccccc6Oc6ccccc65)cc4C3=O)cc2)c2c(C)cc(C)cc2C)c(C)c1,-4.949481546,-2.547259154,1.8544,1.7872,0.026,0.0
397,625,CC1=CN(c2cc3c(cc2N2c4ccccc4Sc4ccccc42)S(=O)(=O)c2ccc(C45C=C(c6cc7sc8ccsc8c7s6)SC4C=CS5)cc2-3)c2ccc(N3c4ccccc4Oc4ccccc43)cc2C1(C)C,-4.708388542,-2.143169864,2.2441,2.242,0.0,0.0
398,626,CC(C)(C)CC=C1Cc2ccccc2N(c2ccc3c(C#N)ccc(-c4ncc(C#N)c(-c5cc(F)cc(F)c5)c4C#N)c3c2)c2ccccc21,-5.156288186,-2.90889866,1.8173,1.7702,0.0203,0.0
399,632,CCC1(C)c2ccccc2N(c2ccc(-c3ccc4c(c3)C(C)(C)c3ccccc3N4c3ccc(-c4cc(N5CCCCCC5)cc5c4S(=O)(=O)c4cc(-n6c7ccccc7c7cc(C)ccc76)ccc4-5)cc3C#N)cc2)c2ccccc21,-4.877915564,-1.845749262,2.5963,2.5812,0.0004,0.0
400,634,Cc1ccc2c(c1)C1(c3ccccc3-c3ccccc31)c1cc(C)ccc1N2c1ccc2ccc(-c3c(F)cc(N4c5ccccc5C(C)(C)c5ccc6c(sc7ccccc76)c54)cc3F)nc2c1,-4.765804596,-1.7997619960000002,2.4197,2.4001,0.0007,0.0
401,636,CC(C)c1ccc2c(c1)C1(c3ccccc3C(=O)c3ccccc31)c1ccccc1N2c1cc2ccc3cccc4c5nc6cc(C#N)c(C#N)cc6nc5c(c1)c2c34,-5.248534832,-3.327682106,1.5053,1.4998,0.0002,0.0
402,637,CCCCCCc1ccc2c(c1)c(=O)c1ccccc1n2-c1ccc(-c2cc3nc4c5cc(C#N)ccc5c5ccc(C#N)cc5c4nc3cc2-c2c(C)cc(-c3ccc([Si](c4ccccc4)(c4ccccc4)c4ccccc4)cc3)cc2C)cc1,-5.492076862,-3.053663308,2.1564,2.1548,0.0,0.0
403,638,c1ccc(Cc2cccc(-c3nccc(-c4ccc5c(c4)c4cc(N6c7ccccc7[Si](c7ccccc7)(c7ccc(N8c9ccccc9[Si](c9ccccc9)(c9ccccc9)c9ccccc98)cc7)c7ccccc76)ccc4c4nc6c7cccnc7c7ncccc7c6nc54)n3)c2)cc1,-5.014788906000001,-2.508346852,2.2095,2.2091,0.0001,0.0
404,639,N#Cc1ccc2c3cc(-n4c5ccccc5c5ccc(Cc6ccccc6)cc54)ccc3n(-c3ccc(Cc4ccccc4)cc3)c2c1-n1c2ccccc2c2cc(N3c4ccccc4C=Cc4ccccc43)c(C#N)c(-c3ccc(Cc4ccccc4)cc3)c21,-5.1277162160000005,-1.833776246,2.7388,2.5858,0.0051,0.0
405,641,Cc1cc(N2C3=CC=CCC3C(c3ccccc3)(c3ccc(N4c5ccccc5C(C)(C)c5ccccc54)cc3)c3cc(C(C)(C)C)ccc32)ccc1-c1cc(-c2cc(-c3ccc(C#N)c(C#N)c3)nc(C#N)n2)cnc1-n1c2ccc(C#N)cc2c2cc(C#N)ccc21,-4.937780644,-3.5774827580000004,1.2077,1.2077,0.0,0.0
406,642,N#Cc1ccncc1-c1nc(-c2ccccc2F)ccc1N1c2ccccc2S(=O)(=O)c2ccccc21,-6.043107712,-2.066161602,3.3472,3.0772,0.0114,0.0
407,646,Cc1ccccc1/N=N/c1ccc(-c2nc3sc(-c4ccc5c(c4)-c4ccccc4C5(C)C)nn3c2-c2cc(C#N)nc(-c3c(C#N)c(-c4cccnc4)nc4ccc(-c5ccncc5)nc34)n2)cc1,-5.784599412,-2.7309361040000004,2.3881,1.6815,0.0026,0.0
408,647,CCCCCCCCC1(CCCCCCCC)c2ccccc2-c2ccc(-c3ccc(-n4c(=O)c5ccc(-c6c(C#N)c(-c7c(C#N)cccc7C#N)cc7c8cc(C(C)(C)C)ccc8n(CC)c67)cc5c5cc(C(C)C)ccc5c4=O)cc3)cc21,-5.487723038,-2.063440462,3.2384,2.8166,0.0055,0.0
409,649,O=C1NC(c2ccc(-c3cccc4nc5c6ccc(-c7cccnc7)nc6c6nc(-c7ccc(N8c9ccccc9Oc9ccccc98)cc7)ccc6c5nc34)cc2)=C2C(=O)N(c3ccc4ccccc4c3)C(c3ccccc3)=C12,-4.635189876,-2.814747216,1.5777,1.1789,0.0004,0.0
410,651,CCCCc1nc2c(-n3c4ccccc4c4cc(C#N)ccc43)c(-n3c4ccccc4c4ccccc43)c(-n3c4ccc(C#N)cc4c4cc(C#N)ccc43)nc2c(-c2scc(-c3ccc(C#N)cc3)c2F)c1C#N,-6.256989316,-3.48714091,2.2549,2.0729,0.0539,0.0
411,653,Cc1cccc(C)c1-c1cc2c(nc1-n1nc(C)c3c(=O)oc4ccccc4c31)c1ccccc1n2-c1ccc(N2c3ccccc3CCc3ccccc32)cc1,-5.4284021860000005,-1.354583492,3.5429,3.026,0.0151,0.0
412,654,Cc1cc(C)cc(-c2ccc(-c3cc(-n4c5ccc(C#N)cc5c5cc(C#N)ccc54)c4nc(-c5cccc(C#N)c5)c(CC(C)C)nc4n3)c(C#N)c2)c1,-6.52121201,-3.1157053,2.8153,2.4788,0.0282,0.0
413,656,CC1=CN(c2cc(-c3scc(-c4cnc(C#N)nc4)c3F)c(-c3ccc(N4c5ccccc5C(C)(C)c5ccccc54)c(F)c3)nc2C#N)c2ccccc2C1(C)C,-5.00553703,-2.671615252,1.9691,1.9683,0.0001,0.0
414,658,CC(C)(C)c1cc2ccc3cc(-c4cc(N5C6=CC=CCC6C(c6ccccc6)(c6ccccc6)c6ccccc65)c(C#N)c(N(c5ccc(F)cc5)c5ccc(Cl)cc5)c4)cc4c5nc6cc(C#N)c(C#N)cc6nc5c(c1)c2c34,-4.8180504840000005,-3.1935299040000005,1.3561,1.3556,0.0001,0.0
415,661,CCC1(C)c2ccccc2N(c2cc3c(cc2C#N)c2cc(C#N)ccc2c2nc4ccc(N)cc4nc32)c2ccccc21,-5.176424622000001,-2.7845425620000004,1.9217,1.9141,0.0001,0.0
416,662,CCCCCCCCCCCCC(CCCCCCCCCC)Cc1ccc(B2c3ccccc3N(c3ccc(-c4ccc5c(c4)c4cc(N6c7ccccc7C(C)(CC)c7ccccc76)ccc4c4nc(C#N)c(C#N)nc54)cc3)c3ccccc32)cc1,-5.375067842000001,-3.1020996000000003,1.863,1.8598,0.0001,0.0
417,663,CC1(C)c2ccccc2N(c2ccc(/N=C/c3ccccc3)cc2)c2ccc(-c3cccc4c3-c3cc(N5c6ccccc6C6(c7ccccc7Oc7ccccc76)c6ccccc65)ccc3C4=O)cc21,-5.0153331340000005,-2.332289094,2.1585,2.1363,0.0036,0.0
418,664,CCCCCCCCCCCc1ccc2c(c1)B(c1c(C)cc(-c3ccc(C#N)c(C#N)c3)cc1C)c1ccccc1B2c1c(C)cc(N2c3ccccc3[Si](c3ccccc3)(c3ccccc3)c3ccccc32)cc1C,-5.089076028,-2.90209581,1.8433,1.8429,0.0001,0.0
419,665,O=[N+]([O-])c1ccc(-c2cc3nc4c5ccccc5c5cc(N6c7ccccc7Oc7ccccc76)ccc5c4nc3cc2-c2ccnc3ccccc23)cc1,-4.787029488,-2.846040326,1.5793,1.577,0.0,0.0
420,669,CC1(C)c2ccccc2N(c2ccc3c(c2)C2(c4ccccc4C3=O)c3ccccc3N(c3ccc4nc5c(nc4c3)-c3cccc4cccc-5c34)c3ccccc32)c2ccccc21,-4.821043738,-2.2517433500000004,2.2313,2.2311,0.0,0.0
421,670,CC(C)(C)c1ccc2c(c1)-c1cc(-c3ccc(C#N)nc3)ccc1P2(=O)c1ccc(C(F)(F)F)cc1N1c2ccccc2C2(c3ccccc31)c1ccccc1C(C)(C)c1ccccc12,-5.026489808,-2.3937868580000004,2.2412,2.237,0.0014,0.0
422,671,CC(=C1Cc2ccccc2N(c2ccc(C3=C4C(=O)N(c5ccccc5)C(c5ccc(-c6cnc(C#N)nc6)cc5)=C4C(=O)N3)cc2)c2ccccc21)C(C)(C)C,-5.128804672,-2.9796483,1.8289,1.1351,0.3112,0.0
423,673,Cc1sc(C2C(=CC3=C(C#N)COC3(C)C)C(c3ccccc3)=NN2c2ccccc2)c(-c2ccc(-c3cc4nc5c6ccc(C#N)cc6c6cc(C#N)ccc6c5nc4cc3N3c4ccccc4[Si](c4ccccc4)(c4ccccc4)c4ccccc43)cc2F)c1F,-5.2654059,-3.024819224,1.7361,1.5377,0.0095,0.0
424,674,CCCCCCCCC1(CCCCCCCC)c2ccccc2-c2ccc(C(C(=O)c3ccc(Cc4ccc(N5c6ccccc6C(C)(CC)c6cc(N7C8=CC=CCC8c8ccccc87)ccc65)cc4)cc3)=C(C#N)C#N)cc21,-4.459676346,-2.8215500660000004,1.4597,1.4597,0.0,0.0
425,680,CCC1(C)c2ccccc2N(c2ccc(-c3cnnc(-c4nc(-c5ccccc5O)c(-n5c(-c6ccc(/N=N/c7ccccc7)c(C)c6)nc6c7cccc8ccc9cccc(c9c87)c65)cc4-c4ccncc4)n3)cc2)c2ccccc21,-5.103225956,-2.428073222,2.2915,1.7066,0.0005,0.0
426,681,CCCCCc1ccc2sc3ccc(-c4ccc5c6nc(C#N)c(C#N)nc6c6ccc(-n7c8ccc(-c9ccc(CCCC)cc9C)cc8c8cc9c(cc87)C(c7ccccc7)(c7ccccc7)c7ccccc7-9)c7ccc4c5c76)cc3c2c1,-5.369353448,-2.95107633,2.0746,1.9372,0.0672,0.0
427,685,Cc1c(C)n(-c2ccc3nc4c5ccc(-c6ccncn6)cc5c5cc(N6c7ccccc7C(c7ccccc7)(c7ccc(N8C9=CC=CCC9C(c9ccccc9)(c9ccccc9)c9ccccc98)cc7)c7ccccc76)ccc5c4nc3c2)c2ccccc12,-4.482806036,-2.665628744,1.6377,1.6377,0.0,0.0
428,688,CC(=C1CCCCCN1c1cc(C#N)c(-c2ccc(C#Cc3c(-c4cc(F)cc(F)c4)c(N4C5=CC=CCC5c5ccccc54)c(C#Cc4ccccc4)c4nc(-c5c(F)cccc5F)c(-c5ccc(Cl)cc5)nc34)cc2)cc1C(F)(F)CC(F)(F)C(F)(F)F)C(C)(C)C,-4.656142654000001,-2.6316144940000004,1.5187,1.4254,0.027,0.0
429,689,CC(C)(C)c1ccc2c(c1)c1cc(C3(c4c(F)c(F)nc(F)c4F)c4ccccc4-c4ccc(N5c6ccccc6C(c6ccccc6)(c6ccccc6)c6ccccc65)cc43)ccc1n2-c1ccc2nc3c4cc(C#N)ccc4c4ccc(C#N)cc4c3nc2c1,-5.1462199680000005,-3.009036612,1.8969,1.8953,0.0003,0.0
430,691,Cc1cc(C)c(B(c2ccc(-n3c4ccc(-c5ccc6c(c5)oc5ccccc56)cc4c4cc(-c5ccc(-c6c(F)cc(C(F)(F)F)cc6F)cc5F)ccc43)cc2)c2c(C)cc(C)c(-c3cc(F)c(C(F)(F)CC(F)(F)C(F)(F)F)c(F)c3)c2C)c(C=C(C#N)C#N)c1,-5.505410448,-2.839237476,2.3597,2.2637,0.1598,0.0
431,692,CC(C)(C)c1ccc(-c2ccc(-c3ccc(C#N)cc3)c(C#N)n2)cc1Cc1ccc(N2C3=CC=CCC3C(c3ccccc3)(c3ccc(N4c5ccccc5Sc5ccccc54)cc3)c3ccccc32)cc1,-4.641176384,-2.34834382,2.0519,2.0516,0.0004,0.0
432,693,CC1=CN(c2ccc3c(c2)S(=O)(=O)c2ccccc2N3c2ccc(N3c4ccccc4C(C)(C)c4ccccc43)cc2)c2ccccc2C1(C)C,-4.76607671,-1.217438036,2.9731,2.7879,0.0137,0.0
433,696,CC(C)c1ccc2sc3c(ccc4c3c3cc(-c5ccc(C#N)c6ccc(-c7ccc8c(c7)C(C)(C)c7cc(C#N)ccc7-8)cc56)ccc3n4-c3ccc4c(c3)-c3cc(N5c6ccccc6C(C)(C)c6ccccc65)ccc3S4(=O)=O)c2c1,-5.279827942000001,-2.344806338,2.3783,2.3642,0.0001,0.0
434,697,Cc1ccc2c(c1)C1(c3ccccc3Oc3ccccc31)c1cc(C)ccc1N2c1cc2nc(C)c(-c3ccc(N4C5=CC=CCC5c5ccccc54)c(O)c3)nc2cc1C,-4.57967862,-2.1341901020000003,2.0783,1.9813,0.0813,0.0
435,698,CCCCc1ccc(N2c3ccccc3CCc3ccccc32)c2nc3c4cccnc4c4nc(-c5ccncc5)ccc4c3nc12,-5.279555828,-2.6588258940000005,2.0016,1.9663,0.002,0.0
436,699,C=Cc1ccc(C(=O)C=C(C(=O)c2ccc(-n3c4cc(C)c(CCCCC)cc4c4cc(N5c6ccccc6CCc6ccccc65)c(C)cc43)c(C)c2)C(c2cccc(C#N)c2)P2(=O)Oc3ccccc3-c3ccccc32)cc1,-4.813968774,-2.6463086500000004,1.9363,1.9342,0.0026,0.0
437,700,CCC1(C)c2ccccc2N(c2ccc(C3=C4C(=O)N(c5ccc6ccccc6c5)C(c5ccc(-c6nc(-c7ccc(-c8cccc9c8N(C8CCCCC8)c8ccccc8O9)cc7)nc(C7(c8ccccc8)c8ccccc8-c8ccccc87)n6)cc5)=C4C(=O)N3c3ccc(COc4ccccc4)cc3)cc2)c2ccccc21,-5.023496554,-2.767671494,1.8681,1.2033,0.0021,0.0
438,701,Cc1cc(N2c3ccccc3C(C)(C)c3cc(-c4cc5ccc6cccc7c8nc9cc(C#N)c(C#N)cc9nc8c(c4)c5c67)ccc32)c(N2c3ccccc3CCc3ccccc32)c(C)c1C,-4.938596986,-3.0152952340000003,1.5978,1.5515,0.0156,0.0
439,702,CCC1(C)c2ccccc2N(c2nc(-n3c4ccc(C#N)cc4c4cc(N5c6ccccc6S(=O)(=O)c6c5cccc6N5c6ccccc6C(C)(C)c6ccccc65)ccc43)nn2-c2ccccc2)c2ccccc21,-4.679272344,-1.605200486,2.7224,2.7119,0.0,0.0
440,703,N#Cc1ccc2c(c1)c1ccccc1n2-c1ccc(-c2c(F)c(N3C4=CC=CCC4c4ccccc43)c(C#N)c(C(F)(F)CC(F)(F)C(F)(F)F)c2F)cc1,-5.064857882,-2.5575994860000004,1.9115,1.784,0.0252,0.0
441,705,N#Cc1c(-c2ccc(C(F)(F)CC(F)(F)C(F)(F)F)cc2)nc(N2c3ccccc3[Si](c3ccccc3)(c3ccccc3)c3ccccc32)c(C#N)c1-c1ccc2c(c1)C(=O)c1ccccc1-2,-6.154130224,-2.409841584,3.1861,2.4646,0.0394,0.0
442,706,CC1(C)c2ccccc2N(c2ccc([N+](=O)[O-])cc2)c2c1ccc1c2sc2ccc(N3c4ccccc4[Si](c4ccccc4)(c4ccccc4)c4ccccc43)cc21,-5.235745474,-2.008745548,2.9712,2.7463,0.0002,0.0
443,707,Cc1ccc2c(c1)C1(c3ccccc3Oc3ccccc31)c1cc(C)ccc1N2c1ccc(N2c3ccccc3C(C)(C)c3c2ccc2sc4ccc(-c5nnc(N6c7ccccc7C7(c8ccccc8Sc8ccc(-c9ccnc(C#N)n9)cc87)c7ccccc76)o5)cc4c32)cc1,-4.987577506,-2.202490716,2.4139,2.4132,0.0,0.0
444,708,Cc1cc(-c2ccc(O)cc2)ccc1C(=O)CCCC(=O)c1ccc2c(c1)C(C)(C)c1cc(N3c4ccccc4C(c4ccccc4)(c4ccccc4)c4ccccc43)ccc1N2c1ccc(Cc2ccccc2)cc1,-4.98648905,-1.42315622,3.3454,2.7388,0.0001,0.0
445,709,C=Cc1ccc(C(CCC)c2ccc3c(c2)C(=O)c2cc(N4c5ccccc5C(C)(C)c5ccccc54)ccc2C3=O)cc1N1c2ccc(C)cc2C2(c3ccccc3-c3ccc(N4c5ccccc5C(C)(CC)c5ccccc54)cc32)c2cc(C)ccc21,-4.903222166,-2.950532102,1.5823,1.5747,0.0001,0.0
446,712,CC1(C)c2ccccc2N(c2cccc3c2C(=O)c2ccccc2S3(=O)=O)c2ccccc21,-5.008802398,-2.74699083,1.5785,1.551,0.0032,0.0
447,715,CCCCCCn1c(-c2cccc(S(=O)(=O)c3ccc(-n4c5ccccc5c5c6ccccc6sc54)cc3)c2)nc2c3ccc(N4c5ccccc5CCc5cc(C(C)C)ccc54)cc3c3cc(N4CCCCCC4)ccc3c21,-4.688796334,-1.617173502,2.7945,2.548,0.046,0.0
448,716,N#Cc1nc(-c2cc(-n3c4ccccc4c4ccccc43)cc3nc4c5cccc6ccc7cccc(c4nc23)c7c65)ncc1N1c2ccccc2C(c2ccccc2)(c2ccccc2)c2ccccc21,-5.455613586,-2.626172214,2.314,2.0137,0.0018,0.0
449,717,N#Cc1cc2nc3c4cccc5ccc6cc(N7c8ccccc8C(c8ccccc8)(c8ccc(N9c%10ccccc%10CCc%10ccccc%109)cc8)c8ccccc87)cc(c3nc2cc1C#N)c6c54,-4.931249908,-3.26672857,1.4662,1.4662,0.0,0.0
450,719,CCCCN1C(=O)C(c2ccccc2)=C(c2ccc(-n3c4ccccc4c4ccc5c6ccccc6sc5c43)cc2)C1=O,-5.342686276,-2.676785418,2.2716,1.9761,0.0739,0.0
451,720,CC1(C)c2ccccc2N(c2ccc(S(=O)(=O)c3cccnc3-c3ccc(N4C5=CC=CCC5C(c5ccccc5)(c5ccc(N6C7=CC=CCC7C(c7ccccc7)(c7ccc(N8c9ccccc9C(C)(C)C9C=CC=CC98)cc7)c7ccccc76)cc5)c5ccccc54)cc3)cn2)c2ccc3oc4ccccc4c3c21,-4.471921476,-1.944798758,2.1985,2.1616,0.0001,0.0
452,721,CC1(C)C(C=CC(=O)c2ccc(N3CCCCCC3)cc2O)=CN(c2cc3nc(-c4ccncc4)c(-c4ccc(N5c6ccccc6C=Cc6ccccc65)cc4)nc3nc2-c2ccc([N+](=O)[O-])cc2)c2ccccc21,-4.981318884,-2.693656486,1.8312,1.7728,0.0217,0.0
453,722,Cc1cc(C)c(B(c2ccc(-c3cc(-c4ccc5c(c4)nc(-c4cccc6c4Oc4cccc7c4B6c4ccccc4O7)n5-c4ccc5ccccc5c4)c4oc5ccc(C(C)(C)C)cc5c4c3)cc2)c2c(C)cc(C)c(-c3ccc4c(c3)C(C)(C)c3cc(C#N)ccc3-4)c2Cc2c3ccccc3cc3ccccc23)c(C)c1,-5.02730615,-1.846837718,2.7222,1.7121,0.0157,0.0
454,724,CCCCc1ccc2c(c1)c(C)c(C)n2-c1cc(C#N)c(C=Cc2c(C)cc(-c3cnc(C#N)nc3)c(-c3ccc(COc4cccc(F)c4)cc3)c2C)cc1-c1ccc(N2c3ccccc3CCc3ccccc32)cc1,-5.237650272000001,-2.30208444,2.5276,2.2669,0.0531,0.0
455,725,CC=C1CCCCCN1CC(=O)c1cc2ccc3c(N4c5ccccc5[Si](c5ccccc5)(c5ccccc5)c5ccccc54)ccc4c5nc6cc(C#N)c(C#N)cc6nc5c(c1)c2c34,-5.188941866,-3.278701586,1.5849,1.5815,0.0003,0.0
456,728,N#Cc1ncc(-c2nc(-c3ccncc3)c(-c3cccnc3)nc2-c2ccnc3cc(N4c5ccccc5C(c5ccccc5)(c5ccccc5)c5ccccc54)ccc23)cn1,-5.162274694,-2.92930721,1.8656,1.8652,0.0002,0.0
457,730,CC1=CN(c2ccc(-c3cc(-c4cc(-c5ccc(N6C7=CC=CCC7C(c7ccccc7)(c7ccccc7)c7ccccc76)cc5)c(C#N)cc4F)c4ccc5cccnc5c4n3)cc2)c2ccc(C(C)C)cc2C1(C)C,-4.590291066000001,-2.169837036,2.0759,2.0684,0.0037,0.0
458,731,N#Cc1cc(-c2nc(-c3ccc4sc5ccccc5c4c3)ncc2N2c3ccccc3C(c3ccccc3)(c3ccccc3)c3ccccc32)ncn1,-5.502689308000001,-2.62453953,2.2396,2.1934,0.0054,0.0
459,734,CC1=CN(c2ccc(-c3ccn4nc(N5c6ccccc6C(c6ccccc6)(c6ccccc6)c6ccccc65)nc4c3)c3nc(-c4ccc5c(c4)C(C)(C)c4ccccc4-5)c(-c4ccncc4)nc23)c2ccccc2C1(C)C,-4.929072996,-2.3627658620000003,2.0069,1.7555,0.0972,0.0
460,736,N#Cc1cnc(-c2ccc3c(c2)c2cc(N4c5ccccc5[Si](c5ccccc5)(c5ccccc5)c5ccccc54)ccc2c2nc4ccc(-c5cccs5)nc4nc32)nc1,-5.24227621,-2.852298948,2.0309,2.0283,0.0001,0.0
461,737,N#Cc1ccc(-c2c(C#N)ccc3c4ccccc4n(-c4ccc5ccc(N6c7ccccc7[Si](c7ccccc7)(c7ccccc7)c7ccccc76)cc5c4)c23)cc1,-5.189486094,-1.898267264,2.8228,2.6656,0.0,0.0
462,738,CC(C)(C)c1ccc(B2c3ccccc3N(c3ccc4c5c(cccc35)C(=O)N(c3ccc5c(c3)C(C)(C)c3ccc(-c6cccc7sc8ccccc8c(=O)c67)cc3-5)C4=O)c3ccccc32)c(-c2ccc(/C=N/c3ccccc3)cc2)c1,-5.60010612,-2.6190972500000003,2.3947,2.2887,0.0002,0.0
463,739,CCC1(C)c2ccccc2N(c2ccc(P(=O)(c3ccccc3)c3nc(-c4ccc(N5C=C(C)C(C)(C)c6ccccc65)cc4)nc(-c4cnccc4C#N)n3)cc2)c2ccccc21,-4.992475558,-2.76875995,1.8778,1.7996,0.0005,0.0
464,743,CCCCCCc1ccc2c(c1)c1ccccc1c1nc3c(-c4cc(C)ccc4C)ccc(-c4ccc5c(c4)c4cc(N6c7ccccc7C=Cc7ccccc76)ccc4c4c5nc(C)n4-c4ccc(C#N)cc4)c3nc21,-5.144587284,-2.15378231,2.7031,2.1159,0.0019,0.0
465,744,CCC1(C=C(C)C(C)(C)C)c2ccccc2N(c2nc(C(=O)C(=O)c3ccc(N4c5ccccc5C5(c6cc(N7c8ccccc8C(C)(C)c8ccccc87)ccc6Sc6ccc(N7c8ccccc8C(C)(C)c8c7ccc7sc9ccccc9c87)cc65)c5ccccc54)cc3O)nc(OC)c2C=C(C=CCC(C)(C)C)C(C)(C)C)c2ccccc21,-4.879276134,-2.164394756,2.2712,2.2449,0.0014,0.0
466,745,CC(C)Cc1ccc2c(c1)C(=O)N(c1cccc3nc(-c4ccc5ccccc5c4)cnc13)C2=O,-5.883921022,-2.0879307220000003,3.365,2.422,0.1844,0.0
467,746,CC1(C)c2ccccc2C2(c3ccccc3N(c3ccc4c(n3)c3ncccc3c3nc5c6ccc(N7c8ccccc8Oc8ccccc87)cc6c6cc(-n7c8ccccc8c8oc9ccccc9c87)ccc6c5nc43)c3ccccc32)c2ccccc21,-4.756008492,-2.4561009640000004,1.9123,1.9013,0.0092,0.0
468,747,CCCCCCn1c2ccc(-c3ccc4c(c3)Oc3cccc5c3B4c3ccccc3O5)cc2c2cc(-c3ccc4c(c3)C(=O)c3ccc(-c5ccc6c(c5)S(=O)(=O)c5cc7c(cc5-6)C(CC(CC)CCCC)(CC(CC)CCCC)c5cc6c(cc5-7)S(=O)(=O)c5ccc(-c7ccc8c(c7)-c7ccccc7C8(C)C)cc5-6)cc3-4)ccc21,-5.38241492,-2.554878346,2.4787,2.1289,0.0319,0.0
469,748,CC1(C)c2ccccc2N(c2cc3ccc4c(-c5ccc(/N=C/c6ccc(N7c8ccccc8C(c8ccccc8)(c8ccccc8)c8ccccc87)cc6)cc5)ccc5c6nc(C#N)c(C#N)nc6c(c2)c3c45)c2ccccc21,-5.071660732,-2.965498372,1.6626,1.6547,0.0001,0.0
470,750,CN(C)c1ccc2sc3ccc(-c4cc(-c5ccccc5C5(c6ccccc6)c6ccccc6N(c6ccccc6)c6ccccc65)c(C#N)c5nsnc45)cc3c2c1,-5.062136742,-2.677873874,1.8832,1.775,0.0253,0.0
471,752,Cc1cc(N2c3ccccc3B(c3cc(N4CCCCCC4)c(C(C#N)C#N)c(N4c5ccccc5Oc5ccccc54)c3)c3cc(C(C)(C)C)ccc32)cc(C)c1C=Cc1ccccc1,-4.671925266000001,-1.622343668,2.6269,2.6096,0.0072,0.0
472,753,CCCCCc1ccc2c(c1)C(C)(C)C1C=CC=CC1N2c1ncc(-c2cnc(C#N)c(N3c4ccccc4CCc4cc(-c5ccc(N6c7ccccc7CCc7cc(N8c9ccccc9Sc9ccccc98)ccc76)nc5C#N)ccc43)c2)cn1,-5.0722049600000005,-2.09255666,2.6491,2.4553,0.006,0.0
473,754,CCCCCCCCCCCc1ccc2c(c1)B(c1c(C)cc(N3c4ccccc4CCc4ccccc43)cc1C)c1ccccc1B2c1c(C)cc(-c2cc(-c3ccc(N4c5ccc(C)cc5C5(c6ccccc6-c6ccccc65)c5cc(C)ccc54)cc3C#N)nc(C)n2)cc1C,-4.829479272,-2.6275327840000005,1.8303,1.8279,0.0,0.0
474,757,CC1=CC(=C(C(=O)c2ccc(-c3c4c5c(ccc(F)c5c5cc6ccccc6cc35)N(C)C4=O)c(C)c2)C(=C(C#N)C(=O)c2ccc(-n3cc(C)c4cc(C5CCCCC5)ccc43)cc2C)P(=O)(O)O)C=C(C(C)(C)C)O1,-5.412891688,-2.471067234,2.5059,1.9968,0.0789,0.0
475,758,Cc1cc(C)c(B(c2ccc(C=Cc3cccc(N4CN=C5c6ccc(-n7c(C)c(C)c8ccccc87)cc6-c6ccccc6C54)c3)cc2)c2c(C)cc(C)c(-c3c(C#N)cnc(-n4cc(C)c5ccccc54)c3C#N)c2C)c(C)c1,-5.24363678,-2.15922459,2.9654,2.1107,0.006,0.0
476,759,Cc1ccc2c(c1)C1(c3ccccc3Oc3ccccc31)c1cc(C)ccc1N2c1ccc2c(c1)c1cc(Cc3ccccc3)ccc1n2-c1c(Br)cccc1Br,-4.7037626040000005,-1.204648678,3.1441,3.0159,0.0009,0.0
477,760,CCCCCc1ccc(N(c2ccc(F)cc2)c2c(C)c(C)c(B(c3c(C)c(C)c(-c4c(F)cc(C#N)cc4C#N)c(C)c3C)c3c(C)c(C)c(C#N)c(C=C(C)C(C)(C)C)c3C)c(C)c2C)cc1F,-5.203091794,-2.419365574,2.5055,2.4664,0.0185,0.0
478,761,CCCCCCCCCCCc1ccc(-c2ncc(-c3cc4c(cc3-c3cc(C)c(C)c(C)c3)C(=O)c3ccc(N5c6ccccc6S(=O)(=O)c6ccccc65)cc3C43c4ccccc4N(CC(C)C)c4ccccc43)cn2)cc1,-5.2049965920000005,-2.251471236,2.3955,2.3819,0.0002,0.0
