MolID,SMILES
537,N#Cc1c(-c2ccc(-n3c4ccccc4c4ccccc43)cc2)cncc1-c1ccc(-n2c3ccccc3c3ccccc32)cc1
815,O=c1c2ccccc2oc2ccc(-c3cc(-n4c5ccccc5c5ccccc54)cc(-n4c5ccccc5c5ccccc54)c3)cc12
414,CC1(C)c2ccccc2N(c2ccc(-c3ncc(C#N)cn3)cc2)c2ccccc21
91,c1ccc(N(c2ccccc2)c2ccc(-c3ccc4cccnc4n3)cc2)cc1
402,CC1(C)c2ccccc2N(c2cccc3nc4c5ccccc5c5ccccc5c4nc23)c2ccccc21
920,COC(=O)c1cccc(C(=O)OC)c1N(c1ccc(C(C)(C)C)cc1)c1ccc(C(C)(C)C)cc1
335,O=S1(=O)c2ccccc2N(c2ccccc2)c2cc(N3c4ccccc4Oc4ccccc43)ccc21
27,CCCCCCCCN1C(=O)c2cccc3c(-c4ccc(C=C(C#N)C#N)s4)ccc(c23)C1=O
999,Cc1ccc2c(c1)C1(c3ccccc3-c3ccccc31)c1cc(C)ccc1N2c1ccc2c3c(cccc13)-c1nc3cc(C#N)c(C#N)cc3nc1-2
957,CC1(C)c2ccccc2N(c2ccc(-c3ccc(C#N)cn3)cc2)c2ccccc21
274,Cc1ccc(N(c2ccc(C)cc2)c2ccc(-c3ccc4c(c3)c3ccccc3c3nc5cc(C#N)c(C#N)cc5nc43)cc2)cc1
915,c1ccc(-c2nc(-c3ccccc3)nc(-c3ccc(-n4c5c(c6ccccc64)CCc4c-5n(-c5ccccc5)c5ccccc45)cc3)n2)cc1
648,O=C(c1cc(-n2c3ccccc3c3ccccc32)cc(-n2c3ccccc3c3ccccc32)c1)c1ccc2ccccc2n1
938,CC1(C)c2ccccc2-c2ccc(N(c3ccccc3)c3ccc(-c4ccc(-c5ccc(-c6cc7cccc8ccc9cccc6c9c87)cc5)cc4-c4ccccc4)cc3)cc21
658,CC1(C)c2ccccc2N(c2ccc3ccc(N4c5ccccc5C(C)(C)c5ccccc54)nc3n2)c2ccccc21
509,C1=C(c2ccccc2)C=C(c2ccccn2)P2(=C1c1ccccc1)Oc1ccccc1O2
830,c1ccc(-c2nc(-c3ccccc3)nc(-c3ccccc3-n3c4ccccc4c4cc(-c5ccc6c(c5)c5ccccc5n6-c5ccccc5-c5nc(-c6ccccc6)nc(-c6ccccc6)n5)ccc43)n2)cc1
767,c1cc(-c2cccc(-c3cccc4c3sc3ccccc34)c2)cc(-c2cccc3c2sc2ccccc23)c1
510,c1ccc(-c2nc(-c3ccc(N4c5ccccc5Sc5ccccc54)cc3)nn2-c2ccc(N3c4ccccc4Sc4ccccc43)cc2)nc1
149,CC(C)(C)c1ccc(-n2c(-c3ccc(-c4ccc(-c5ccc(C(=C(c6ccccc6)c6ccccc6)c6ccccc6)cc5)c5nsnc45)s3)nc3c4ccccc4c4ccccc4c32)cc1
831,c1ccc(N(c2ccccc2)c2ccc(-c3c4ccccc4c(-c4ccc(N(c5ccccc5)c5ccccc5)cc4)c4nsnc34)cc2)cc1
157,Cc1c(-c2ccccc2)cc(N2C(=O)c3cccc4c(N(c5ccc(-c6ccccc6)cc5)c5ccc6c(c5)C(C)(C)c5ccccc5-6)ccc(c34)C2=O)cc1-c1ccccc1
998,c1ccc(-c2nc(-c3ccccc3)nc(-c3ccc(-c4c5ccccc5c(-c5c6ccccc6c(-c6ccc(-n7c8ccccc8c8ccccc87)cc6)c6ccccc56)c5ccccc45)cc3)n2)cc1
12,CCCCCCCCCCOc1ccc(C#Cc2ccc(C#Cc3ccc(OCCCCCCCCCC)cc3)c3nccnc23)cc1
941,O=C1C(=Cc2cc3sc4cc(-c5ccc(N(c6ccccc6)c6ccccc6)cc5)sc4c3s2)C(=O)c2ccccc21
33,Cc1nc(C)c(C#N)c(-c2ccc(N3c4ccccc4Oc4ccccc43)cc2)c1C#N
352,CCCCCCCCCOc1ccc(-c2cc(-c3cccs3)nc(-c3ccc(/C=C/c4ccc(N(c5ccccc5)c5ccc(/C=C/c6ccc(-c7cc(-c8ccc(OCCCCCCCCC)cc8)cc(-c8cccs8)n7)s6)cc5)cc4)s3)c2)cc1
37,CC1(C)c2ccccc2N(c2ccc(-c3nnc(-c4ccc(N5c6ccccc6C(C)(C)c6ccccc65)cc4)o3)cc2)c2ccccc21
988,CC1(C)c2ccccc2N(c2ccc3c(c2)c2cc(N4c5ccccc5C(C)(C)c5ccccc54)ccc2c2nc4nc(N5c6ccccc6C(C)(C)c6ccccc65)ccc4nc32)c2ccccc21
49,O=P(c1ccccc1)(c1ccccc1)c1ccc(Oc2ccccc2)c(P(=O)(c2ccccc2)c2ccccc2)c1
507,Clc1ccc2c(c1)c1ccccc1c1c2sc2c3ccc(Cl)cc3c3ccccc3c21
425,N#Cc1c(-n2c3ccccc3c3ccccc32)c(-n2c3ccccc3c3ccccc32)c(-n2c3ccccc3c3ccccc32)c(C(F)(F)F)c1-n1c2ccccc2c2ccccc21
657,CC(C)(C)c1ccc2c(c1)c1cc(C(C)(C)C)ccc1n2-c1ccc(-n2c3ccc(C(C)(C)C)cc3c3cc(C(C)(C)C)ccc32)c2nc(-c3ccccc3)c(-c3ccccc3)nc12
807,CC1(C)c2ccccc2N(c2ccc3c4c(cccc24)-c2nc4cc(C#N)c(C#N)cc4nc2-3)c2ccccc21
847,N#Cc1c(-n2c3ccccc3c3ccccc32)c(C#N)c(-n2c3ccccc3c3ccccc32)c(C(F)(F)F)c1-n1c2ccccc2c2ccccc21
442,N#Cc1nc2c3ccc(-c4ccc(N5c6ccccc6Oc6ccccc65)cc4)cc3c3cc(-c4ccc(N5c6ccccc6Oc6ccccc65)cc4)ccc3c2nc1C#N
404,COc1ccc2c(c1)c1cc(OC)ccc1n2-c1nc2ccccc2nc1-n1c2ccc(OC)cc2c2cc(OC)ccc21
508,COc1ccc2c(c1)c1ccccc1n2-c1c(C#N)c(-n2c3ccccc3c3cc(OC)ccc32)c(-n2c3ccccc3c3cc(OC)ccc32)c(-n2c3ccccc3c3cc(OC)ccc32)c1C#N
731,O=C(c1ccc(N2c3ccccc3Sc3ccccc32)cc1)c1ccc(P(=O)(c2ccccc2)c2ccccc2)cc1
616,CC(C)(C)c1ccc(-c2ccc3c(c2)C(C)(C)c2cc(-c4ccc(C(C)(C)C)cc4)ccc2N3c2ccc3c4c(cccc24)C(=O)N(c2ccc(C(C)(C)C)cc2)C3=O)cc1
1106,CC1(C)c2ccccc2N(c2ccc3c(c2)-c2cc(N4c5ccccc5C(C)(C)c5ccccc54)ccc2P3(=O)c2ccccc2)c2ccccc21
650,O=C(/C=C/C(=O)c1ccc(C(=C(c2ccccc2)c2ccccc2)c2ccccc2)cc1)c1ccc(C(=C(c2ccccc2)c2ccccc2)c2ccccc2)cc1
889,Fc1ccccc1C1=CC(c2ccccc2)=CC(c2ccccc2F)=P12OCCO2
48,c1ccc(-c2nc(-c3ccccc3)nc(-c3ccc(-c4ccc(N5c6ccccc6[Si](c6ccccc6)(c6ccccc6)c6ccccc65)cc4)cc3)n2)cc1
812,c1ccc(-c2nc(-c3ccccc3)nc(-c3ccc(-n4c5ccccc5c5c6c(ccc54)-c4ccccc4C6(c4ccccc4)c4ccccc4)cc3)n2)cc1
261,O=C(c1ccccc1)c1ccc2nc(-c3ccc(N4c5ccccc5Oc5ccccc54)cc3)c(-c3ccc(N4c5ccccc5Oc5ccccc54)cc3)nc2c1
374,c1ccc(-c2nc(-c3ccccc3)nc(-c3ccc(-n4c5ccc(-n6c7ccccc7c7ccccc76)cc5c5cc(-n6c7ccccc7c7ccccc76)ccc54)cc3)n2)cc1
582,O=P(c1ccccc1)(c1ccccc1)c1ccc(P(=O)(c2ccccc2)c2ccc(P(=O)(c3ccccc3)c3ccccc3)cc2)cc1
287,CC(C)(C)c1cc(P(=O)(c2ccccc2)c2ccccc2)c2[nH]c3c(P(=O)(c4ccccc4)c4ccccc4)cc(C(C)(C)C)cc3c2c1
231,Cc1cc(P(=O)(c2ccccc2)c2ccccc2)ccc1-c1c2ccccc2cc2ccccc12
184,c1ccc2nc(-n3c4ccccc4c4ccccc43)c(-n3c4ccccc4c4ccccc43)nc2c1
79,CC1(C)c2ccccc2N(c2cc(-c3cc(-c4ccc(-c5ccccc5)cc4)nc(-c4ccccc4)n3)cc(N3c4ccccc4C(C)(C)c4ccccc43)c2)c2ccccc21
785,N#Cc1ccc(N2c3ccccc3Oc3ccccc32)cc1-c1cc(N2c3ccccc3Oc3ccccc32)ccc1C#N
894,c1ccc(-c2nc(-c3ccccc3)nc(C3(c4ccc5c(c4)c4ccccc4n5-c4ccccc4)c4ccccc4-c4ccccc43)n2)cc1
560,O=P(c1ccccc1)(c1ccccc1)c1ccc(P(=O)(c2ccccc2)c2ccccc2)cc1
804,CCCCCCCCCCCCSc1cc(-c2cc3sc4ccsc4c3s2)sc1-c1sc(-c2cc3sc4ccsc4c3s2)cc1SCCCCCCCCCCCC
1101,C/C=C\C(=C/c1cn(-c2ccc(C(=O)C(=O)c3ccc(-n4c5ccc(C(C)(C)C)cc5c5cc(C(C)(C)C)ccc54)cc3)cc2)c2ccc(C(C)(C)C)cc12)C(C)(C)C
703,c1ccc(-c2c3ccccc3c(-c3ccc4c(c3)Oc3ccccc3N4c3ccccc3)c3nsnc23)cc1
841,CC(C)(C)c1ccc(N(c2ccc(C(C)(C)C)cc2)c2cc(C(=O)c3cccnc3)cc(-n3c4ccc(C(C)(C)C)cc4c4cc(C(C)(C)C)ccc43)c2)cc1
164,c1ccc(-c2nc(-c3ccccc3)nc(-c3ccccc3-n3c4ccccc4c4ccc5c(c43)-c3ccccc3C53c4ccccc4-c4ccccc43)n2)cc1
1105,CC1(C)c2ccccc2N(c2cc(N3c4ccccc4C(C)(C)c4ccccc43)cc(S(=O)(=O)c3ccccc3)c2)c2ccccc21
17,c1cc(-n2c3ccccc3c3ccccc32)cc(C2(c3cccc(-n4c5ccccc5c5ccccc54)c3)c3ccccc3Sc3ccccc32)c1
995,O=C(c1ccccc1)c1ccc(N2c3ccccc3C(c3ccccc3)(c3ccccc3)c3ccccc32)cc1
213,c1cc(-c2cc(-c3ccc4c(c3)sc3ccccc34)cc(-c3cccc4c3sc3ccccc34)c2)cc(-n2c3ccccc3c3ccccc32)c1
200,O=P(c1ccccc1)(c1ccccc1)c1ccc2c(c1)oc1c(P(=O)(c3ccccc3)c3ccccc3)c(-c3ccc(C4(c5ccc(-n6c7ccccc7c7ccccc76)cc5)c5ccccc5-c5ccccc54)cc3)ccc12
226,Fc1c(F)c(-c2ccc(N(c3ccccc3)c3ccccc3)cc2)c2nsnc2c1-c1ccc(N(c2ccccc2)c2ccccc2)cc1
46,CC1(C)c2ccccc2N(c2ccc(-c3nc(-c4ccccn4)n(-c4ccccc4)n3)cc2)c2ccccc21
354,O=S1(=O)c2ccccc2C2(c3ccccc3-c3ccccc32)c2cc(-n3c4ccccc4c4ccccc43)ccc21
631,c1ccc(N(c2ccccc2)c2cccc(-c3ccc4cccnc4n3)c2)cc1
384,c1ccc(-c2nc(-c3ccccc3)nc(-c3ccccc3-n3c4ccccc4c4cc5c(cc43)C3(c4ccccc4-c4ccccc43)c3ccccc3-5)n2)cc1
89,CCCCN(CCCC)c1ccc(/C=C/c2ccc3nc(/C=C/C4=C(C#N)C(=C(C#N)C#N)OC4(C)c4ccc(C)cc4)c(-c4ccccc4)nc3c2)cc1
1024,C(=C/c1ccc(-c2cc(-c3ccccc3)cc(-c3ccccc3)c2)cc1)\c1ccc(-c2cc(-c3ccccc3)cc(-c3ccccc3)c2)cc1
320,c1ccc(N2c3ccccc3N(c3ccc(-c4nc5c6ccccc6c6ccccc6c5n4-c4ccccc4)cc3)c3ccccc32)cc1
822,CC1(C)c2ccccc2-c2ccc(-c3ccc4sc5ccc(-c6ccc7c(c6)C(C)(C)c6ccccc6-7)cc5c(=O)c4c3)cc21
534,Cc1ccc(C2=CC(c3ccccc3)=P3(C(c4ccccc4)=C2)N(C)CCN3C)cc1
714,Cc1nn(-c2ccccc2)c2c1c(=O)oc1ccc(-n3c4ccccc4c4cc(-n5c6ccccc6c6ccccc65)ccc43)cc12
721,C1=Cc2ccc3cccc4c3c2C(C1)c1c-4nc(-c2ccc(N(c3ccccc3)c3ccccc3)cc2)n1-c1ccccc1
262,CC1(C)c2ccccc2N(c2ccc(-c3ccc4c(c3)c3cc(-c5ccc(N6c7ccccc7C(C)(C)c7ccccc76)cc5)ccc3c3nc(C#N)c(C#N)nc43)cc2)c2ccccc21
997,c1ccc(-n2c3ccccc3c3cc(-c4cnc(-c5ccc6c(c5)c5ccccc5n6-c5ccccc5)nc4)ccc32)cc1
503,c1ccc(N(c2ccccc2)c2ccc(-c3ccc4c(c3)c3ccccc3n4-c3cnccc3-c3ccncc3)cc2)cc1
528,N#Cc1ccc(-n2c3ccccc3c3ccccc32)cc1-n1c2ccccc2c2ccccc21
522,O=C(c1ccncc1)c1ccc(-n2c3ccccc3c3ccccc32)cc1
4,c1ccc(-c2nc(-c3ccccc3)nc(-c3ccc(Oc4ccc(-n5c6ccc(-n7c8ccccc8c8ccccc87)cc6c6cc(-n7c8ccccc8c8ccccc87)ccc65)cc4)cc3)n2)cc1
945,N#Cc1ccc(-n2c3ccccc3c3cc(-c4ccc5c(c4)c4ccccc4n5-c4ccc(C#N)c(C(F)(F)F)c4)ccc32)cc1C(F)(F)F
256,c1ccc(-c2cc(-c3ccc(-n4c5ccccc5c5c6oc7ccccc7c6ccc54)cc3)nc(-c3ccccc3)n2)cc1
836,Cc1cc(N(c2ccc(C(C)(C)C)cc2)c2ccc(C(C)(C)C)cc2)ccc1-c1ccc(-c2ccc(N(c3ccc(C(C)(C)C)cc3)c3ccc(C(C)(C)C)cc3)cc2C)c2nsnc12
148,CCN(CC)c1ccc(/C=C/c2sc(Br)cc2/C=C/C2=C(C#N)C(=C(C#N)C#N)OC2(C)C)cc1
637,CCCCc1ccc(-n2c3ccccc3c3cc(-c4ccc5c(c4)c4ccccc4n5-c4ccc(CCCC)cc4)ccc32)cc1
1081,c1ccc(N(c2ccccc2)c2ccc(-c3cc4nc5c6ccccc6c6ccccc6c5nc4cc3-c3ccc(N(c4ccccc4)c4ccccc4)cc3)cc2)cc1
381,CC1(C)c2ccccc2N(c2ccccc2S(=O)(=O)c2ccccc2N2c3ccccc3C(C)(C)c3ccccc32)c2ccccc21
791,CCn1c2ccc(C(=C(c3ccccc3)c3ccccc3)c3ccccc3)cc2c2cc(-c3ccc(B(c4c(C)cc(C)cc4C)c4c(C)cc(C)cc4C)cc3)ccc21
431,c1ccc(-c2ccc3c(c2)c2ccccc2c2nc4c5cccc6ccc7cccc(c7c65)c4n32)cc1
211,c1ccc(C(=C(c2ccccc2)c2ccc3c(c2)c2ccccc2n3-c2cccc(-c3nc4ccccc4n3-c3ccccc3)c2)c2ccccc2)cc1
461,CC1(C)c2ccccc2N(c2ccc3c(c2)c2cc(N4c5ccccc5C(C)(C)c5ccccc54)ccc2c2nc4ccccc4nc32)c2ccccc21
406,CC1(C)c2ccccc2N(c2ccc(-c3cncc(-c4ccc(N5c6ccccc6C(C)(C)c6ccccc65)cc4)c3C#N)cc2)c2ccccc21
838,Cc1ccc2c(c1)c1cc(-c3ccc4c(c3)c3cc(-c5ccc6c(c5)c5cc(C)ccc5n6-c5ccccc5)ccc3n4-c3cc4c5c(c3)Oc3ccccc3B5c3ccccc3O4)ccc1n2-c1ccccc1
494,N#Cc1ccc(-c2cc(N3c4ccccc4C4(c5ccccc5-c5ccccc54)c4ccccc43)cc(-c3ccc(C#N)cc3)c2C#N)cc1
301,CC1(C)c2ccccc2N(c2ccc(-c3cc(C#N)ccn3)cc2)c2ccccc21
344,Cc1ccccc1N(c1ccccc1)c1cccc(N(c2ccccc2)c2ccccc2C)c1C(=O)c1ccccc1
744,c1ccc(-c2cc(-c3ccc(N(c4ccccc4)c4ccccc4)cc3)n3nc4ccccc4c3n2)cc1
790,Cc1cc(-n2c3ccccc3c3ccccc32)cc(C)c1B1c2ccccc2B(c2c(C)cc(-n3c4ccccc4c4ccccc43)cc2C)c2ccccc21
81,Cc1nc(C)c(C#N)c(-c2ccc(N3c4ccccc4C(C)(C)c4ccccc43)cc2)c1C#N
369,C1=CCC(c2nc(-c3ccccc3)nc(-c3cccc(-c4ccc5c6ccccc6c6ccccc6c5c4)c3)n2)C=C1
913,N#Cc1ccc(-n2c(/C=C/c3ccc(-n4c5ccccc5c5ccccc54)cc3)nc3c4ccccc4c4ccccc4c32)cc1
589,c1ccc(-c2cc(-c3ccc(N4c5ccccc5C(c5ccccc5)(c5ccccc5)c5ccccc54)cn3)nc(-c3ccccc3)n2)cc1
723,O=S1(=O)c2ccc(N3c4ccccc4C(c4ccccc4)(c4ccccc4)c4ccccc43)cc2-c2cc(N3c4ccccc4C(c4ccccc4)(c4ccccc4)c4ccccc43)ccc21
56,CC1(C)c2ccccc2N(c2ccc(-c3cnc(C#N)nc3)cc2)c2ccccc21
950,COc1ccc(-c2c3ccccc3c(-c3c4ccccc4c(-c4ccc(C#N)cc4)c4ccccc34)c3ccccc23)cc1
66,O=P(c1ccccc1)(c1ccccc1)c1ccc2c(c1)oc1cc(-c3ccc(C4(c5ccc(-c6ccc(-n7c8ccccc8c8ccccc87)cc6)cc5)c5ccccc5-c5ccccc54)cc3)ccc12
816,N#Cc1cccc(-n2c(-c3ccc(C(=C(c4ccccc4)c4ccccc4)c4ccccc4)cc3)nc3c4ccccc4c4ccccc4c32)c1
22,CCN(CC)c1ccc2cc(-c3ccc(-c4ccc5c(c4)c4cc(-c6ccc(-c7cc8ccc(N(CC)CC)cc8oc7=O)cc6)ccc4n5-c4ccc(C)cc4)cc3)c(=O)oc2c1
1094,CC1(C)c2ccccc2N(c2ccc(C(=C(C#N)C#N)c3ccc(N4c5ccccc5C(C)(C)c5ccccc54)cc3)cc2)c2ccccc21
328,N#Cc1nc2c3ccc(N(c4ccccc4)c4ccccc4)cc3c3cc(N(c4ccccc4)c4ccccc4)ccc3c2nc1C#N
297,c1ccc2c(c1)c1ccc3c4ccccc4c4c5ccccc5c5c6ccccc6c6c7ccccc7c2c2c1c3c4c5c62
121,O=C(c1ccc(C(=O)c2ccc(N(c3ccccc3)c3ccccc3)cc2)cc1)c1ccc(N(c2ccccc2)c2ccccc2)cc1
34,O=C(c1ccc(-n2c3ccccc3c3ccccc32)cc1)c1ccc2oc3ccccc3c2c1
482,c1ccc2c(c1)Oc1ccccc1N2c1ccc2c(c1)c1ccccc1n1c3ccccc3nc21
280,Cc1nn(-c2ccccc2)c2c1c(=O)oc1ccc(-c3cc(-n4c5ccccc5c5ccccc54)c(-n4c5ccccc5c5ccccc54)c(-n4c5ccccc5c5ccccc54)c3)cc12
571,CCCCCCCCCCCCCCCCSc1cc(-c2cc3sc4ccsc4c3s2)sc1-c1sc(-c2cc3sc4ccsc4c3s2)cc1SCCCCCCCCCCCCCCC
813,c1ccc(N(c2ccccc2)c2ccc(-c3ncc(-c4c5ccccc5c(-c5cnc(-c6ccc(N(c7ccccc7)c7ccccc7)cc6)nc5)c5nsnc45)cn3)cc2)cc1
645,COc1ccc(N(c2ccc(OC)cc2)c2ccc(-c3ccc4c(c3)S(=O)(=O)c3ccccc3S4(=O)=O)cc2)cc1
989,CC1(C)c2ccccc2N(c2ccc(C(=O)c3cc(-n4c5ccccc5c5ccccc54)cc(-n4c5ccccc5c5ccccc54)c3)cc2)c2ccccc21
672,Cc1ccc2c(c1)C1(c3ccccc3-c3ccccc31)c1cc(C)ccc1N2c1ccc(-c2ncccn2)cc1
107,C(=C/c1ccc(-n2c3ccccc3c3ccccc32)cc1)\c1ccc(-n2c3ccccc3c3ccccc32)cc1
559,CC1(C)c2ccccc2N(c2ccc(C(=O)c3ccncc3)cc2)c2ccccc21
379,N#Cc1cc(-n2c3ccccc3c3ccccc32)nc(-n2c3ccccc3c3ccccc32)n1
153,CC(C)c1cc(C(C)C)c(-c2ccc(-n3c4ccccc4n4c5ccccc5nc34)nc2)c(C(C)C)c1
23,Cc1ccc(C2=C(c3ccc(C)cc3)[Si]3(C(c4ccccc4)=C(c4ccccc4)C(c4ccccc4)=C3c3ccccc3)C(c3ccc(C)cc3)=C2c2ccc(C)cc2)cc1
428,c1ccc(-n2c3ccccc3c3ccc(-c4cncc(-c5ccc6c7ccccc7n(-c7ccccc7)c6c5)n4)cc32)cc1
633,c1cc(-c2ccc(-n3c4ccccc4c4ccccc43)cc2)nc(-c2ccc(-n3c4ccccc4c4ccccc43)cc2)c1
975,CCn1c(-c2ccncc2)c(-c2ccc(-n3c4ccccc4c4ccccc43)c(C#N)c2)c2c3ccccc3c(-c3ccc(-n4c5ccccc5c5ccccc54)cc3)cc21
601,CC1(C)c2ccccc2N(c2ccc(-c3ccc(C#N)c(C#N)n3)cc2)c2ccccc21
1011,c1ccc(-c2nc(-c3ccccc3)nc(-c3cc4oc5ccccc5c4cc3-n3c4ccccc4c4cc(-c5ccc6c(c5)c5ccccc5n6-c5ccccc5)ccc43)n2)cc1
991,CC1(C)c2ccccc2N(c2ccc(-c3cc(-c4ccccc4)nc(-c4ccccc4)n3)cc2)c2c1ccc1c2sc2ccccc21
202,CC(C)(C)c1ccc(-n2c(-c3ccc(-c4ccc(-c5ccc6c(c5)c5ccccc5n6-c5ccccc5)c5ccccc45)cc3)nc3c4ccccc4c4ccccc4c32)cc1
392,c1ccc(-c2nc(-c3ccccc3)nc(-c3ccc(-n4c5ccccc5c5cc(-n6c7ccccc7c7ccccc76)ccc54)c(-c4ccccc4)c3)n2)cc1
684,COc1ccc(-c2cncc(-c3ccc(OC)cc3)n2)cc1
423,CC(C)(C)c1ccc2c(c1)c1cc(C(C)(C)C)ccc1n2-c1cc(C(=O)c2ccc3ccccc3n2)cc(-n2c3ccc(C(C)(C)C)cc3c3cc(C(C)(C)C)ccc32)c1
103,N#Cc1c(-c2ccccc2)nc(-c2ccccc2)c(C#N)c1-c1ccc(N2c3ccccc3Oc3ccccc32)cc1
1067,C1=Cc2ccc3cccc4c3c2C(C1)c1c-4nc(-c2ccc(-c3ccc(N(c4ccccc4)c4ccccc4)cc3)cc2)n1-c1ccccc1
119,O=P(c1ccccc1)(c1ccccc1)c1ccc2c(c1)-c1ccc(P(=O)(c3ccccc3)c3ccccc3)cc1S2(=O)=O
483,c1ccc(-c2nc(-c3ccccc3)nc(-c3ccc(-c4cccc5c4C4(c6ccccc6-5)c5ccccc5N(c5ccccc5)c5ccccc54)cc3)n2)cc1
638,c1ccc(-n2c3ccccc3c3cc(C4(c5ccc6c(c5)c5ccccc5n6-c5ccccc5)c5ccccc5Sc5ccccc54)ccc32)cc1
792,c1ccc(-c2nc(-c3ccccc3)nc(-c3ccc(-n4c5ccccc5c5cc6c7ccccc7n(-c7ccccc7)c6cc54)cc3)n2)cc1
705,O=P(c1ccccc1)(c1ccccc1)c1ccc(-n2c(-c3ccccc3P(=O)(c3ccccc3)c3ccccc3)nc3ccccc32)cc1
639,N#Cc1cc(-c2nc(-c3ccccc3)nc(-c3ccccc3)n2)ccc1-n1c2ccccc2c2sc3ccccc3c21
874,Cn1nc2c(C#Cc3ccccc3)ccc(C#Cc3ccccc3)c2n1
662,Cc1ccc2c(c1)c1nc3cc(Br)cnc3nc1n2C
761,Cc1c(C)n(-c2ccc(-c3nc(-c4ccccc4)nc(-c4ccccc4)n3)cc2)c2ccccc12
68,Cc1cc(N2c3ccccc3C(C)(C)c3ccccc32)cc(C)c1N1C(=O)c2cccc3cccc(c23)C1=O
755,Cc1cc(-c2ccc(-n3c4ccccc4c4cc(C#N)ccc43)cc2)c(C)cc1-c1ccc(-n2c3ccccc3c3cc(C#N)ccc32)cc1
495,CC1(C)c2ccccc2N(c2ccc(-c3cc(-c4ccccc4)nc(-c4ccccc4)n3)cc2)c2ccc3sc4ccccc4c3c21
1027,N#Cc1ccc(-n2c(-c3ccc4ccccc4c3)nc3c4ccc(-c5ccc(C=C(c6ccccc6)c6ccccc6)cc5)cc4c4cc(-c5ccc(C=C(c6ccccc6)c6ccccc6)cc5)ccc4c32)cc1
313,CC1(C)c2ccccc2N(c2ccc3c(c2)C(C)(C)c2ccccc2N3c2ccc(-c3nc(-c4ccccc4)nc(-c4ccccc4)n3)cc2)c2ccccc21
304,Cc1cc(C)c2c(c1)c1cc(C)cc(C)c1n2-c1cc2c3c(c1)Oc1ccccc1B3c1ccccc1O2
50,c1ccc(-c2nc(-c3ccccc3)nc(-c3c4ccccc4c(-c4c5ccccc5c(-c5ccc(-n6c7ccccc7c7ccccc76)cc5)c5ccccc45)c4ccccc34)n2)cc1
1052,CC(C)(C)c1ccc2[nH]c3c(P(=O)(c4ccccc4)c4ccccc4)cc(C(C)(C)C)cc3c2c1
400,C(=C/c1nc2c3ccccc3c3ccccc3c2n1-c1cccc2ccccc12)\c1ccc(-n2c(-c3ccc(-c4ccc(N(c5ccccc5)c5ccccc5)cc4)cc3)nc3c4ccccc4c4ccccc4c32)cc1
743,CC(C)(C)c1cc(-c2ccccc2)c2c(c1)c1cc(C(C)(C)C)cc(-c3ccccc3)c1n2-c1ccc(-c2nc(-c3ccccc3)nc(-c3ccccc3)n2)cc1
345,c1ccc(-c2nc3c4cccc5ccc6cccc(c6c54)c3n2-c2ccc(-c3c4ccccc4c(-c4ccc(-n5c(-c6ccccc6)nc6c7cccc8ccc9cccc(c9c87)c65)cc4)c4ccccc34)cc2)cc1
116,N#Cc1ccc2c(c1)c1ccccc1n2-c1cc2c3ccccc3n(-c3ccccc3)c2c(-n2c3ccccc3c3cc(C#N)ccc32)c1C#N
1095,CC1(C)c2ccccc2N(c2ccc(-c3cc(-c4ccccc4)nc(-c4ccccc4)n3)cc2)c2c1ccc1c2oc2ccccc21
73,CC1(C)c2ccccc2S(=O)(=O)c2ccc(-c3ccc4ccc5cccc6ccc3c4c56)cc21
794,CC(C)(C)c1ccc(-n2c(-c3ccc(OCCCCn4c5ccccc5c5ccccc54)cc3)nc3c4ccccc4c4ccccc4c32)cc1
625,c1ccc(-c2cc(-c3ccc(N4c5ccccc5Oc5ccccc54)cc3)nc3ncnn23)cc1
241,c1ccc(-c2nc(-c3ccccc3)nc(-c3ccc(-n4c5ccccc5c5c6c(c7ccccc7n6-c6ccccc6)c6c(c7ccccc7n6-c6ccccc6)c54)cc3)n2)cc1
286,N#Cc1ccc(-n2c(-c3ccc(-c4ccc5c(c4)C(=O)c4ccccc4-5)cc3)nc3c4ccccc4c4ccccc4c32)cc1
1085,CCCCc1ccc(C2(c3ccc(CCCC)cc3)c3cc(F)ccc3-c3cc4c(cc32)-c2cc3c(cc2C4(c2ccc(CCCC)cc2)c2ccc(CCCC)cc2)-c2ccc(N(c4ccccc4)c4ccccc4)cc2C3(C)C)cc1
193,CC(C)(C)c1ccc2c(c1)B1c3cc(C(C)(C)C)ccc3Oc3cc(-n4c5ccccc5c5c6c(c7ccccc7n6-c6ccccc6)c6c(c7ccccc7n6-c6ccccc6)c54)cc(c31)O2
104,Clc1ccc(C2=C(c3ccc(Cl)cc3)[Si]3(C(c4ccccc4)=C(c4ccccc4)C(c4ccccc4)=C3c3ccccc3)C(c3ccc(Cl)cc3)=C2c2ccc(Cl)cc2)cc1
572,c1ccc(-c2nc(-c3ccccc3)nc(-c3ccccc3-n3c4ccccc4c4cc5c6ccccc6n(-c6ccccc6)c5cc43)n2)cc1
396,c1ccc2c(-c3nc4c5ccccc5c5ccccc5c4n3-c3ccc(-c4nc5c6ccccc6c6ccccc6c5n4-c4cccc5ccccc45)cc3)cccc2c1
952,CC1(C)c2cc(C#N)ccc2-c2ccc(-c3ccc(-n4c5ccccc5c5ccccc54)cc3)cc21
697,c1ccc2c(c1)Oc1ccc(-c3ccc(N4c5ccccc5Oc5ccccc54)cc3)c3c1B2c1ccccc1O3
832,COC(=O)c1cccc(C(=O)OC)c1NCc1ccccc1
263,O=C(c1ccc(N2c3ccccc3Sc3ccccc32)cc1)c1nc2ccccn2c1-c1ccccc1
663,c1ccc(-c2c3ccccc3c(-c3ccc(N4c5ccccc5Oc5ccccc54)cc3)c3nsnc23)cc1
395,O=S(=O)(c1ccccc1)c1ccc(-n2c3ccc(-c4ccc5c(c4)c4ccccc4n5-c4ccccc4)cc3c3cc(-c4ccc5c(c4)c4ccccc4n5-c4ccccc4)ccc32)cc1
918,CCn1c(-c2ccncc2)c(-c2ccc(-c3ccc(-n4c5ccccc5c5ccccc54)c(C#N)c3)cc2)c2c3ccccc3c(-c3cccc(-n4c5ccccc5c5ccccc54)c3)cc21
67,CC1(C)c2ccccc2N(c2ccc(-c3c(C#N)c(-c4cccnc4)nc(-c4cccnc4)c3C#N)cc2)c2ccccc21
628,N#Cc1ccc(-n2c(-c3ccc(-n4c5ccccc5c5ccccc54)s3)nc3c4ccccc4c4ccccc4c32)cc1
160,O=P1(c2ccccc2)c2cc(N3c4ccccc4Oc4ccccc43)ccc2-c2ccc(N3c4ccccc4Oc4ccccc43)cc21
53,N#CC(C#N)=C(c1ccc(N(c2ccccc2)c2ccccc2)cc1)c1ccc(N(c2ccccc2)c2ccccc2)cc1
1100,CC1(C)c2ccccc2-c2cc3c4ccccc4n(-c4ccc(-c5cc(-c6ccccc6)nc(-c6ccccc6)n5)c(-n5c6ccccc6c6cc7c(cc65)C(C)(C)c5ccccc5-7)c4)c3cc21
980,CC(C)(C)c1ccc(N2C(=O)c3cccc4c(N5c6ccccc6C(C)(C)c6ccc7c(sc8ccccc87)c65)ccc(c34)C2=O)cc1
718,CC1(C)c2ccccc2N(c2ccc(-c3c(C#N)c(-c4cccc5ccccc45)nc(-c4cccc5ccccc45)c3C#N)cc2)c2ccccc21
630,C1=Cc2ccccc2N(c2ccc3nsnc3c2)c2ccccc21
145,O=C(c1ccc(N2c3ccccc3Oc3ccccc32)cc1)c1ccc2sc3ccccc3c2c1
917,c1ccc(-c2nc(-c3ccccc3)nc(-c3cccc(-c4ccc(-c5ccc6c7ccccc7c7ccccc7c6c5)cc4)c3)n2)cc1
491,Cn1c2ccc(Cl)cc2c2nc3cccnc3nc21
513,CC(C)(C)c1cc2ccc3c(-c4ccc(N(c5ccccc5)c5ccccc5)cc4)ccc4c5nc6cc(C#N)c(C#N)cc6nc5c(c1)c2c34
76,c1ccc(-c2nc(-c3ccccc3)nc(-c3ccc(-n4c5ccccc5c5ccccc54)cc3)n2)cc1
282,CC(C)(C)c1ccc2c(c1)C1(c3ccccc3-c3ccccc31)c1ccccc1C21c2ccccc2-c2ccccc21
115,O=C(c1ccc2sc3ccccc3c2c1)c1cc(-c2ccc(N(c3ccccc3)c3ccccc3)cc2)ccc1-c1ccc(N(c2ccccc2)c2ccccc2)cc1
295,CC1(C)c2ccccc2N(c2ccc(-c3nc(-c4ccccc4)nc(-c4ccccc4)n3)cc2)c2ccccc21
419,COc1ccc2c(c1)c1cc(OC)ccc1n2-c1ccc2oc3ccc(-n4c5ccc(OC)cc5c5cc(OC)ccc54)cc3c2c1
57,C(=C/c1ccc(-c2ccc(-n3c4ccccc4c4ccccc43)cc2)cc1)\c1ccc(-c2ccc(-n3c4ccccc4c4ccccc43)cc2)cc1
969,CC(C)(C)c1ccc(-n2c(-c3ccc(-c4ccc(-c5ccc(-c6ccc7c(c6)c6ccccc6n7-c6ccccc6)c6ccccc56)c5ccccc45)cc3)nc3c4ccccc4c4ccccc4c32)cc1
808,CC1(C)c2ccccc2N(c2ccc3c(c2)c2cc(N4c5ccccc5C(C)(C)c5ccccc54)ccc2c2nc(C#N)c(C#N)nc32)c2ccccc21
155,c1ccc2c(c1)c1ccccc1n2-c1ccc(-n2c3ccccc3c3ccccc32)c2nsnc12
712,O=[N+]([O-])c1ccc(C2=NN(c3ccccc3)C(c3ccc4ccc5cccc6ccc3c4c56)C2)cc1
195,CC(C)(C)c1ccc2c(c1)c1cc(C(C)(C)C)ccc1n2-c1cc(-c2ccc(-c3nc(-c4ccccc4)nc(-c4ccccc4)n3)c(-n3c4ccc(C(C)(C)C)cc4c4cc(C(C)(C)C)ccc43)c2)ccc1-c1nc(-c2ccccc2)nc(-c2ccccc2)n1
586,c1ccc(C(=C(c2ccccc2)c2ccc3c(c2)c2ccccc2n3-c2ccc(-c3nc4ccccc4n3-c3ccccc3)cc2)c2ccccc2)cc1
30,c1ccc(-c2nc(-c3ccccc3)nc(-c3c4ccccc4c(-c4c5ccccc5c(-c5ccc(N(c6ccccc6)c6ccccc6)cc5)c5ccccc45)c4ccccc34)n2)cc1
63,N#Cc1ccc(-n2c(-c3ccc(-c4ccc5ccc6cccc7ccc4c5c67)s3)nc3c4ccccc4c4ccccc4c32)cc1
349,CCCCNc1ccc(-c2ccc(OC)cc2)c2nsnc12
764,O=P(c1ccccc1)(c1ccccc1)c1cccc(-n2c(-c3ccccc3P(=O)(c3ccccc3)c3ccccc3)nc3ccccc32)c1
695,CC1(C)c2ccccc2N(c2ccc3c(c2)-c2ccccc2S3(=O)=O)c2c(-c3ccccc3)cccc21
281,N#Cc1ccc(-c2c3ccccc3c(-c3ccc(N4c5ccccc5C(c5ccccc5)(c5ccccc5)c5ccccc54)cc3)c3nsnc23)cc1
364,O=C(c1ccccc1)c1ccc2nc(-c3ccc(N4c5ccccc5Oc5ccccc54)cc3)cnc2c1
360,CC(C)(C)c1ccc2c(c1)c1cc(C(C)(C)C)ccc1n2-c1cccc(-n2c3ccc(C(C)(C)C)cc3c3cc(C(C)(C)C)ccc32)c1-c1c(C#N)c(-c2ccccc2)nc(-c2ccccc2)c1C#N
533,O=C(c1ccccc1)c1ccc(N2c3ccccc3C3(c4ccccc4Sc4ccccc43)c3ccccc32)cc1
175,Fc1cc2nc(-c3ccc(N4c5ccccc5Oc5ccccc54)cc3)c(-c3ccc(N4c5ccccc5Oc5ccccc54)cc3)nc2cc1F
368,CC1(C)c2ccccc2N(c2ccc(-c3cc(-c4ccc(N5c6ccccc6C(C)(C)c6ccccc65)cc4)nc(-c4ccccc4)n3)cc2)c2ccccc21
147,CC(C)(C)c1ccc(-n2c(-c3ccc(-c4ccc5c(c4)c4ccccc4n5-c4ccccc4)cc3)nc3c4ccccc4c4ccccc4c32)cc1
18,c1ccc(-n2c3ccccc3c3ccccc32)c(-c2nc3c4ccccc4c4ccccc4c3o2)c1
398,CC(C)(C)c1ccc2c(c1)c1cc(C(C)(C)C)ccc1n2-c1ccc(-n2c3ccc(C(C)(C)C)cc3c3cc(C(C)(C)C)ccc32)c(C(=O)c2ccncc2)c1
983,COc1ccc(-c2ccc(N(c3ccc(OC)cc3)c3ccc(OC)cc3)c3nsnc23)cc1
16,N#Cc1ccc(-n2c(-c3ccc(-n4c(-c5cccc6ccccc56)nc5c6ccccc6c6ccccc6c54)cc3)nc3c4ccccc4c4ccccc4c32)c2ccccc12
210,c1ccc(-c2nc(-c3ccccc3)nc(-c3ccccc3-n3c4ccccc4c4c5c(ccc43)-c3ccccc3C53c4ccccc4-c4ccccc43)n2)cc1
29,Cc1cc(-n2c3ccccc3c3cc(-c4ccc5c(c4)c4ccccc4n5-c4ccc(C#N)c(C)c4)ccc32)ccc1C#N
632,CSc1nc(-n2c3ccc(C(C)(C)C)cc3c3cc(C(C)(C)C)ccc32)c(C)c(-n2c3ccc(C(C)(C)C)cc3c3cc(C(C)(C)C)ccc32)n1
220,c1ccc(-c2cc(-c3cc4cccc5ccc6cccc3c6c54)ccc2-c2ccc(N(c3cccc(-c4cccc5c4oc4ccccc45)c3)c3ccccc3-c3ccccc3)cc2)cc1
477,COc1ccc(N(c2ccc(OC)cc2)c2ccc(-c3ccc4c(c3)C(=O)c3ccc(-c5ccc(N(c6ccc(OC)cc6)c6ccc(OC)cc6)cc5)cc3C4=O)cc2)cc1
1055,c1ccc(-c2cc(-c3ccc(-n4c5ccccc5c5cc6c(cc54)C4(c5ccccc5-c5ccccc54)c4ccccc4-6)cc3)nc(-c3ccccc3)n2)cc1
863,CCCCCCc1cc(-c2sc(-c3ccc(-c4cc(CCCCCC)c(-c5cc(CCCCCC)c(-c6ccc(N(c7ccccc7)c7ccccc7)cc6)s5)s4)c4nsnc34)cc2CCCCCC)sc1-c1ccc(N(c2ccccc2)c2ccccc2)cc1
1036,O=C(c1ccc(N(c2ccccc2)c2ccccc2)cc1)c1cccc(C(=O)c2ccc(N(c3ccccc3)c3ccccc3)cc2)c1
472,O=C1c2cc(-n3c4ccccc4c4ccccc43)c(-n3c4ccccc4c4ccccc43)cc2C(=O)N1c1ccccc1
387,c1ccc(/C(=C(/c2ccccc2)c2ccc(-c3ccc4c(c3)c3ccccc3n4-c3ccccc3)cc2)c2ccc(-c3ccc4c(c3)c3ccccc3n4-c3ccccc3)cc2)cc1
1032,CN(C)c1ccc(-c2cnc(-c3ccc(N(C)C)cc3)cn2)cc1
884,COc1ccc2c(c1)c1cc(OC)ccc1n2-c1cccc(-n2c3ccc(OC)cc3c3cc(OC)ccc32)c1C#N
924,O=c1c2ccc(-c3ccc(N(c4ccccc4)c4ccccc4)cc3)cc2sc2cc(-c3ccc(N(c4ccccc4)c4ccccc4)cc3)ccc12
971,O=C1c2ccccc2C2(c3ccccc31)c1ccccc1N(c1cccc(-c3nc(-c4ccccc4)nc(-c4ccccc4)n3)c1)c1ccccc12
322,O=C(c1ccccc1)c1ccc2nc3c4ccc(N5c6ccccc6Oc6ccccc65)cc4c4cc(N5c6ccccc6Oc6ccccc65)ccc4c3nc2c1
401,O=C(CCC(=O)c1ccc(C(=C(c2ccccc2)c2ccccc2)c2ccccc2)cc1)c1ccc(C(=C(c2ccccc2)c2ccccc2)c2ccccc2)cc1
769,CC1(C)c2ccccc2N(c2ccc(-c3nc4ccc(N5c6ccccc6C(C)(C)c6ccccc65)cc4nc3-c3ccc(N4c5ccccc5C(C)(C)c5ccccc54)cc3)cc2)c2ccccc21
363,Cc1cc(C)c(B(c2ccc(C(F)(F)CC(F)(F)C(F)(F)F)cc2-n2c3ccccc3c3ccccc32)c2c(C)cc(C)cc2C)c(C)c1
330,c1cc(-c2ccc3cccnc3n2)cc(-n2c3ccccc3c3ccccc32)c1
502,CC(C)(C)c1ccc2c(c1)Sc1cc(C(C)(C)C)ccc1N2c1ccc2c(ccc3nc4ccc5cc(N6c7ccc(C(C)(C)C)cc7Sc7cc(C(C)(C)C)ccc76)ccc5c4nc32)c1
943,c1ccc(N(c2ccccc2)c2ccc3c(ccc4nc5ccc6cc(N(c7ccccc7)c7ccccc7)ccc6c5nc43)c2)cc1
1000,CC(C)(C)c1ccc(N2C(=O)c3cccc4c(N5c6ccccc6C(C)(C)c6ccccc65)ccc(c34)C2=O)cc1
933,c1ccc(-c2cc(-c3ccccc3)cc(-c3ccc(-c4ccc5ccc6c(-c7ccc(-c8cc(-c9ccccc9)cc(-c9ccccc9)c8)cc7)ccc7ccc4c5c76)cc3)c2)cc1
258,C(=N/c1ccc(-c2cn3nc(-c4cccs4)sc3n2)cc1)\c1ccc(N(c2ccccc2)c2ccccc2)cc1
1049,O=P(c1ccccc1)(c1ccccc1)c1cc(-c2cccc(-n3c4ccccc4c4ccccc43)c2)cc(P(=O)(c2ccccc2)c2ccccc2)c1
1002,c1ccc(-c2nc3c(ccc4cc5ccccc5cc43)s2)cc1
799,c1ccc2c(c1)c1ccccc1n1c3cccc(-n4c5ccccc5c5ccccc54)c3nc21
490,N#Cc1cc2ncc(-c3ccc(-c4ccc(N(c5ccccc5)c5ccccc5)cc4)cc3)nc2cc1C#N
525,C(=C/n1c2ccc(-c3ccccc3)cc2c2cc(-c3ccccc3)ccc21)\c1ccccc1
914,Cc1cc(C)c(B(c2ccc(-c3c(F)c(F)c(C(F)(F)F)c(F)c3F)cc2-n2c3ccccc3c3ccccc32)c2c(C)cc(C)cc2C)c(C)c1
883,CC1(C)c2ccccc2N(c2ccc(C(=O)C(=O)c3ccc(N4c5ccccc5C(C)(C)c5ccccc54)cc3)cc2)c2ccccc21
820,COc1ccc2c(c1)-c1nc3c4cccc5ccc6cccc(c6c54)c3n1-c1ccccc1-2
1076,N#Cc1ccc(-c2cc(C#N)cc(-c3ccc(C#N)cc3)c2N2c3ccccc3C3(c4ccccc4-c4ccccc43)c3ccccc32)cc1
92,CC1(C)c2ccccc2N(c2ccc(-c3ccc4c(c3)C3(c5ccccc5S(=O)(=O)c5ccccc53)c3cc(-c5ccc(N6c7ccccc7C(C)(C)C7C=CC=CC76)cc5)ccc3S4(=O)=O)cc2)c2ccccc21
615,Cc1ccc(-c2cc3c(-c4ccccc4)cc(-c4ccccc4)c4cc(-c5ccc(C)cc5)c5cc(C(C)(C)C)cc2c5c34)cc1
981,Cc1cc(-c2cccc(-n3c4ccccc4c4cc(C#N)ccc43)c2)c(C)cc1-c1cccc(-n2c3ccccc3c3cc(C#N)ccc32)c1
1109,CC1(C)c2cc(N3c4ccccc4C4(c5ccccc5-c5ccccc54)c4ccccc43)ccc2S(=O)(=O)c2ccc(N3c4ccccc4C4(c5ccccc5-c5ccccc54)c4ccccc43)cc21
907,CC1(C)c2ccccc2N(c2ccc(-c3nc(-c4ccccc4)nc(-c4ccccc4)n3)cc2)c2c1ccc1c2oc2ccccc21
144,c1ccc2c(c1)Oc1ccccc1N2c1ccc(-c2cc(-c3ccc(N4c5ccccc5Oc5ccccc54)cc3)ncn2)cc1
707,c1ccc(-c2nc(-c3ccc(N4c5ccccc5C5(c6ccccc6-c6ccccc65)c5ccccc54)cc3)cc(-c3ccc(N4c5ccccc5C5(c6ccccc6-c6ccccc65)c5ccccc54)cc3)n2)cc1
927,CC1(C)c2ccccc2N(c2ccc(-c3nc4cccnc4nc3-c3ccc(N4c5ccccc5C(C)(C)c5ccccc54)cc3)cc2)c2ccccc21
1019,CC(C)(C)c1ccc2c(c1)c1cc(C(C)(C)C)ccc1n2-c1ccc(S(=O)(=O)c2ccc(-n3c4ccc(C(C)(C)C)cc4c4cc(C(C)(C)C)ccc43)nc2)cn1
515,CC(C)(C)c1ccc2c(c1)B1c3cc(C(C)(C)C)ccc3Oc3cc(N4c5ccccc5C(C)(C)c5ccccc54)cc(c31)O2
693,c1ccc(-c2cc(-c3ccc(N4c5ccccc5C5(c6ccccc6-c6ccccc65)c5ccccc54)cc3)nc(-c3ccccc3)n2)cc1
266,O=P1(c2ccccc2)c2ccccc2P(=S)(c2ccccc2)c2ccccc21
725,CCCCCCCCC1(CCCCCCCC)c2cc(-c3ccc(C#N)cc3)ccc2-c2ccc(-c3ccc(N(c4ccccc4)c4ccccc4)cc3)cc21
98,O=c1c2ccccc2oc2cc(-c3cc(-n4c5ccccc5c5ccccc54)cc(-n4c5ccccc5c5ccccc54)c3)ccc12
701,O=C(c1ccc(N2c3ccccc3C(c3ccccc3)(c3ccccc3)c3ccccc32)cc1)c1ccc(N2c3ccccc3C(c3ccccc3)(c3ccccc3)c3ccccc32)cc1
979,CCCCCCCCc1c(-c2sc(-c3sc(-c4sc(-c5sc(C=C(C#N)C#N)c(F)c5CCCCCCCC)c(F)c4CCCCCCCC)c(F)c3F)c(CCCCCCCC)c2F)sc(C=C(C#N)C#N)c1F
931,c1ccc(-c2nc(-c3ccc(-n4c5ccccc5c5c6ccccc6ccc54)cc3)c3ccccc3n2)cc1
455,c1ccc(N(c2ccccc2)c2ccc(-c3ccc4nc5c(nc4c3)-c3cccc4cccc-5c34)cc2)cc1
327,O=C1c2ccc(-c3ccc(N(c4ccccc4)c4ccccc4)cc3)cc2S(=O)(=O)c2cccc(-c3ccc(N(c4ccccc4)c4ccccc4)cc3)c21
805,c1ccc2c(c1)sc1c(-c3cc(-c4cccc5c4sc4ccccc45)ncn3)cccc12
544,CC(C)(c1cc(Br)c(OC(=O)CCP2(=O)Oc3ccccc3-c3ccccc32)c(Br)c1)c1cc(Br)c(OC(=O)CCP2(=O)Oc3ccccc3-c3ccccc32)c(Br)c1
487,c1ccc(N(c2ccccc2)c2ccc(-c3c4ccccc4cc4ccccc34)cc2)cc1
217,FC(F)(F)c1ccc(-c2cncc(-c3ccc(N(c4ccccc4)c4ccccc4)cc3)n2)cc1
176,CCC1(C)c2ccccc2N(c2ccc(C(=O)c3ccc(C(=O)c4ccc(N5c6ccccc6C(C)(C)c6ccccc65)cc4)nc3)cc2)c2ccccc21
614,c1ccc2c(c1)oc1c(-c3cc(-c4cccc5c4oc4ccccc45)ncn3)cccc12
454,CC(C)(C)c1ccc(N2C(=O)c3cccc4c(N5c6ccccc6C(c6ccccc6)(c6ccccc6)c6ccccc65)ccc(c34)C2=O)cc1
377,Cc1cc(C)c(B(c2ccc(-c3ccc(-n4c5ccccc5c5ccccc54)cc3)s2)c2c(C)cc(C)cc2C)c(C)c1
1003,c1ccc(N(c2ccccc2)c2ccc(-c3ccc4c(c3)c3ccccc3n4-c3ccc(-c4ccncc4)nc3)cc2)cc1
1053,N#Cc1c(-n2c3ccccc3c3ccccc32)nc(-n2c3ccccc3c3ccccc32)c(C#N)c1-c1ccccc1
568,c1ccc(C2(c3ccccc3)c3ccccc3N(c3ccc(-c4nnc(-c5ccc(N6c7ccccc7C(c7ccccc7)(c7ccccc7)c7ccccc76)cc5)o4)cc3)c3ccccc32)cc1
113,c1ccc2c(c1)nc1c3c(-n4c5ccccc5c5ccccc54)cccc3c3ccccc3n21
800,c1ccc(N(c2ccccn2)c2ccccc2-c2nc3c4ccccc4c4ccccc4c3o2)cc1
1043,O=C(c1ccc(N2c3ccccc3Oc3ccccc32)cc1)c1nc2ccccn2c1-c1ccccc1
717,N#Cc1ccc(OC(=O)c2cccc(C(=O)Oc3ccc(C#N)cc3)c2N(c2ccccc2)c2ccccc2)cc1
229,c1ccc(N(c2ccccc2)c2ccccc2-c2nc3c4ccccc4c4ccccc4c3o2)cc1
251,Cc1ccc2c(c1)C1(c3ccccc3Oc3ccccc31)c1cc(C)ccc1N2c1ccc(-c2ncccn2)cc1
882,CC1(C)c2ccccc2N(c2ccc(-c3cc(-c4ccccc4)nc(-c4ccccc4)n3)cc2)c2c1ccc1c2c2ccccc2n1-c1ccccc1
570,c1ccc2c(c1)ccc1c3sc4c5ccc6ccccc6c5c5ccccc5c4c3c3ccccc3c21
298,O=P(c1ccc(N2c3ccccc3Oc3ccccc32)cc1)(c1ccc(N2c3ccccc3Oc3ccccc32)cc1)c1ccc(N2c3ccccc3Oc3ccccc32)cc1
337,O=S1(=O)c2ccccc2-c2cc(N3c4ccccc4Oc4ccccc43)ccc21
932,C=CC(=O)OCCCCCCOc1ccc(/N=N/c2ccc(C(=O)Oc3ccc(Cl)cc3)cc2)c(C)c1
905,O=C(c1ccc2sc3ccccc3c2c1)c1cc(-c2ccc(N(c3ccccc3)c3ccccc3)cc2)c(C(=O)c2ccc3sc4ccccc4c3c2)cc1-c1ccc(N(c2ccccc2)c2ccccc2)cc1
43,Cc1cc(-c2nc(-c3ccccc3)nc(-c3ccccc3)n2)c(C)cc1-c1ccc2c(c1)C1(c3ccccc3-c3ccccc31)c1ccccc1N2c1ccccc1
97,CC1(C)c2ccccc2-c2ccc(N(c3ccc(-c4cc5cccc6ccc7cccc4c7c65)c(-c4ccc5ccccc5c4)c3)c3ccccc3-c3ccccc3)cc21
264,c1ccc(/C(=C(/c2ccccc2)c2ccc(-c3ccc(-c4nc5ccccc5n4-c4ccccc4)cc3)cc2)c2ccc(-c3ccc(-c4nc5ccccc5n4-c4ccccc4)cc3)cc2)cc1
536,Cc1ccc(N(c2ccc(C)cc2)c2ccc(-c3ccc4c(c3)c3ccccc3c3nc(C#N)c(C#N)nc43)cc2)cc1
284,c1ccc(N(c2ccc(-c3ccc(-c4nc5c6ccccc6c6ccccc6c5n4-c4ccc(-c5ccc(N(c6ccccc6)c6cccc7ccccc67)cc5)cc4)cc3)cc2)c2cccc3ccccc23)cc1
141,O=C1c2ccccc2S(=O)(=O)c2cccc(-c3ccc4c(c3)c3ccccc3n4-c3ccccc3)c21
840,C=Cc1ccc(COc2ccc3c(c2)C2CC=CC=C2N3c2ccc(S(=O)(=O)c3ccc(-n4c5ccccc5c5cc(OCc6ccc(C=C)cc6)ccc54)cc3)cc2)cc1
647,Cc1cc(-c2nc(-c3ccccc3)nc(-c3ccccc3)n2)ccc1-n1c2ccc(-n3c4ccccc4c4ccccc43)cc2c2cc3c(cc21)C(C)(C)c1ccccc1-3
132,Cc1cc(-c2c3ccccc3c(-c3ccc4ccccc4c3)c3ccccc23)ccc1-c1ccc(-c2c3ccccc3c(-c3ccc4ccccc4c3)c3ccccc23)cc1C
651,CC(C)(C)c1ccc2c(c1)c1cc(C(C)(C)C)ccc1n2-c1ccc(C(=O)c2ccc(N3c4ccccc4Oc4ccccc43)cc2)cc1
992,O=[N+]([O-])c1ccc(-c2cncc(-c3ccc(N(c4ccccc4)c4ccccc4)cc3)n2)cc1
1099,N#Cc1ccc(-c2cc(-c3ccccc3)c(-c3ccc(-c4ccc5c(c4)c4ccccc4n5-c4ccccc4)cc3)cc2-c2ccccc2)cc1
973,c1ccc2c(c1)Sc1ccc(-n3c4ccccc4c4ccccc43)cc1C21c2ccccc2-c2ccccc21
754,c1ccc2c(c1)Oc1ccccc1N2c1ccc2c(c1)c1cc(N3c4ccccc4Oc4ccccc43)ccc1c1nc3ccccc3nc21
783,c1ccc(-c2nc(-c3ccccc3)nc(-c3cc(N4c5ccccc5C(c5ccccc5)(c5ccccc5)c5ccccc54)cc(N4c5ccccc5C(c5ccccc5)(c5ccccc5)c5ccccc54)c3)n2)cc1
599,c1ccc(-c2nc(-c3ccccc3)nc(-c3ccc(-n4c5ccc(-c6ccc7sc8ccccc8c7c6)cc5c5cc(-c6ccc7sc8ccccc8c7c6)ccc54)cc3)n2)cc1
824,N#Cc1nc2c3ccc(-c4ccc(N(c5ccccc5)c5ccccc5)cc4)cc3c3cc(-c4ccc(N(c5ccccc5)c5ccccc5)cc4)ccc3c2nc1C#N
411,c1ccc(N(c2ccccc2)c2ccc(-c3ccc(-c4c5ccccc5c(-c5ccc(-c6ccc(N(c7ccccc7)c7ccccc7)cc6)cc5)c5nsnc45)cc3)cc2)cc1
726,CC1(C)c2ccccc2N(c2cnc3nc(-c4ccccc4)c(-c4ccccc4)nc3c2)c2ccccc21
237,N#Cc1cc2c3cc(-n4c5ccccc5c5ccccc54)ccc3n3c4ccc(-n5c6ccccc6c6ccccc65)cc4c(c1)c23
524,O=C(c1ccccc1)c1ccc(-c2ccc(N3c4ccccc4C(c4ccccc4)(c4ccccc4)c4ccccc43)cc2)cc1
1030,COc1cc(=O)oc2cc3c(cc12)c1ccccc1n3-c1ccccc1
1029,c1ccc(-c2nc(-c3ccccc3)nc(-c3ccc([Si](c4ccc(-c5nc(-c6ccccc6)nc(-c6ccccc6)n5)cc4)(c4ccc(-n5c6ccccc6c6ccccc65)cc4)c4ccc(-n5c6ccccc6c6ccccc65)cc4)cc3)n2)cc1
44,c1ccc(N(c2ccccc2)c2ccc(-c3cc(-c4ccc(N(c5ccccc5)c5ccccc5)cc4)n4nc5ccccc5c4n3)cc2)cc1
125,CC(C)(C)c1ccc2c(c1)c1cc(C(C)(C)C)ccc1n2-c1ccc2c(c1)c1cc(-n3c4ccc(C(C)(C)C)cc4c4cc(C(C)(C)C)ccc43)ccc1n2-c1ccc(C(=O)c2ccccc2)cn1
716,CC(C)(C)c1ccc2c(c1)c1cc(C(C)(C)C)ccc1n2-c1ccc(C(=O)c2ccc(N3c4ccccc4Oc4ccccc43)cc2)nc1
711,c1ccc2c(c1)c1ccccc1n2-c1ccc(-c2ccn3nc(-c4ccc(-n5c6ccccc6c6ccccc65)cc4)nc3c2)cc1
624,C(=C/c1nc2c3ccccc3c3ccccc3c2n1-c1ccccc1)\c1ccc(-n2c3ccccc3c3ccccc32)cc1
892,c1ccc2c(c1)sc1c2ccc2c1c1ccccc1n2-c1cnc(-n2c3ccccc3c3c4sc5ccccc5c4ccc32)cn1
380,O=C(c1ccc(N2c3ccccc3Sc3ccccc32)cc1)c1ccc2sc3ccccc3c2c1
247,c1ccc(-c2nc(-c3ccccc3)nc(-c3cccc(-n4c5ccccc5c5ccccc54)c3)n2)cc1
458,c1ccc(N(c2ccccc2)c2ccc(-c3ccc4c(c3)C3(c5ccccc5N(c5ccccc5)c5ccccc53)c3ccccc3C43c4ccccc4N(c4ccccc4)c4ccccc43)cc2)cc1
910,c1ccc2c(c1)Oc1ccccc1N2c1cnc2c(ccc3cc(N4c5ccccc5Oc5ccccc54)cnc32)c1
138,CC(C)(C)c1ccc2c(c1)c1cc(C(C)(C)C)ccc1n2-c1ccc(S(=O)(=O)c2ccc(-n3c4ccc(C(C)(C)C)cc4c4cc(C(C)(C)C)ccc43)cn2)nc1
617,N#Cc1cc(-c2ccccc2)c(N2c3ccccc3Oc3ccccc32)c(-c2ccccc2)c1
90,c1ccc(-c2nc(-c3ccccc3)nc(-c3cccc(-c4cccc5c4C4(c6ccccc6-5)c5ccccc5N(c5ccccc5)c5ccccc54)c3)n2)cc1
795,CCCCc1ccc(-n2c(-c3ccc(-c4ccc5c(c4)C(=O)c4ccccc4-5)cc3)nc3c4ccccc4c4ccccc4c32)cc1
577,COc1ccc(C2=C(c3ccc(OC)cc3)[Si]3(C(c4ccccc4)=C(c4ccccc4)C(c4ccccc4)=C3c3ccccc3)C(c3ccc(OC)cc3)=C2c2ccc(OC)cc2)cc1
897,Cc1ccc(-n2c(/C=C/c3ccc(-n4c(-c5ccc(-c6ccc(N(c7ccccc7)c7ccccc7)cc6)cc5)nc5c6ccccc6c6ccccc6c54)cc3)nc3c4ccccc4c4ccccc4c32)c2ccccc12
325,CC(C)(C)c1ccc2c(c1)c1cc(C(C)(C)C)ccc1n2-c1cnc2nc(-c3ccccc3)c(-c3ccccc3)nc2c1
185,CCOC(=O)c1c2c3c(ccc([N+](=O)[O-])c3c3cc4ccccc4cc13)N(C)C2=O
221,N#Cc1cc(-c2nc(-c3ccccc3)nc(-c3ccccc3)n2)ccc1-n1c2ccccc2c2c3ccccc3sc21
1102,c1ccc(-c2nc(-c3ccccc3)nc(-c3cc4c(cc3-n3c5ccccc5c5cc(-c6ccc7c(c6)c6ccccc6n7-c6ccccc6)ccc53)oc3ccccc34)n2)cc1
547,c1ccc2c(c1)c1ccccc1n2-c1ccc(-c2ccc3nc(-c4ccc(-n5c6ccccc6c6ccccc65)cc4)nn3c2)cc1
793,c1ccc(N(c2ccccc2)c2ccc(-c3cc(N(c4ccccc4)c4ccccc4)c(-c4ccc(N(c5ccccc5)c5ccccc5)cc4)c4nsnc34)cc2)cc1
6,N#Cc1nc2c3ccc(-c4ccc(N5c6ccccc6Sc6ccccc65)cc4)cc3c3cc(-c4ccc(N5c6ccccc6Sc6ccccc65)cc4)ccc3c2nc1C#N
174,Cc1cc(C)c(B(c2ccc(-c3ccc(-n4c5ccccc5c5ccccc54)cc3)cc2)c2c(C)cc(C)cc2C)c(C)c1
954,c1ccc(-n2c3ccccc3c3cc(-c4ccc5c(c4)c4cc(-c6ccncc6)ccc4n5-c4ccccc4)ccc32)cc1
259,C=Cc1ccc(COc2ccc3c(c2)C2CC=CC=C2N3c2ccc(-c3ccc(-n4c5ccccc5c5cc(OCc6ccc(C=C)cc6)ccc54)cc3C)c(C)c2)cc1
397,c1ccc(-c2nc(-c3ccccc3)nc(-c3ccc(-n4c5ccccc5c5cc6c(cc54)C4(c5ccccc5-c5ccccc54)c4ccccc4-6)cc3)n2)cc1
1087,CC1(C)c2cc(-n3c4ccccc4c4ccccc43)ccc2N(c2ccc(-c3cc(-c4ccccc4)nc(-c4ccccc4)n3)cc2)c2ccc(-n3c4ccccc4c4ccccc43)cc21
591,N#Cc1cc(N2c3ccccc3Sc3ccccc32)c(N2c3ccccc3Sc3ccccc32)cc1C#N
782,c1ccc2c(c1)Sc1ccccc1N2c1ccc2c(ccc3nc4ccc5cc(N6c7ccccc7Sc7ccccc76)ccc5c4nc32)c1
272,CCCCCCCCCCCCCCCCCCCSc1cc(-c2cc3sc4ccsc4c3s2)sc1-c1sc(-c2cc3sc4ccsc4c3s2)cc1SCCCCCCCCCCCCCCCCCC
177,c1cc(-c2cc(-n3c4ccccc4c4ccccc43)cc(-n3c4ccccc4c4ccccc43)c2)cc(-c2cccc3c2sc2ccccc23)c1
900,c1ccc(-n2c(-c3ccc(OCCCCn4c5ccccc5c5ccccc54)cc3)nc3c4ccccc4c4ccccc4c32)cc1
289,CC(C)(C)c1ccc(-n2c3ccccc3c3cc(-c4ccc5c(c4)c4ccccc4n5-c4ccc(C(C)(C)C)cc4)ccc32)cc1
1107,COc1ccc2c(c1)c1cc(OC)ccc1n2-c1ccc2c(c1)-c1cc(-n3c4ccc(OC)cc4c4cc(OC)ccc43)ccc1P2(=O)c1ccccc1
588,N#Cc1cc(-c2nc(-c3ccccc3)nc(-c3ccccc3)n2)ccc1-n1c2ccccc2c2c3ccccc3oc21
1056,CCN(CC)c1ccc(/C=C/c2cc(C=C(C#N)C#N)c(/C=C/c3ccc(N(CC)CC)cc3)s2)cc1
154,CC1(C)c2ccccc2N(c2ccc(C(=O)c3cccc(C(=O)c4ccc(N5c6ccccc6C(C)(C)c6ccccc65)cc4)n3)cc2)c2ccccc21
694,c1ccc(C(=C(c2ccccc2)c2ccc3c4ccccc4n(-c4ccc(-c5nc6ccccc6n5-c5ccccc5)cc4)c3c2)c2ccccc2)cc1
557,CCCCC(CC)CC1(CC(CC)CCCC)c2cc3c(cc2-c2cc4c(cc21)-c1ccc(-c2cccc5ccccc25)cc1S4(=O)=O)S(=O)(=O)c1cc(-c2cccc4ccccc24)ccc1-3
603,O=C(c1ccccc1)c1c(N(c2ccccc2)c2ccccc2)cccc1N(c1ccccc1)c1ccccc1
1078,N#Cc1ccc(-c2cc(C#N)cc(-c3ccc(C#N)cc3)c2N2c3ccccc3Oc3ccccc32)cc1
680,CC(C)(C)c1ccc2c(c1)c1cc(C(C)(C)C)ccc1n2-c1ccc(C(=O)c2ccc(N3c4ccccc4C(C)(C)c4ccccc43)cc2)cc1
38,CCCCCCCCN1C(=O)/C(=C/c2ccc(-c3ccc(/C=C4\SC(=S)N(CCCCCCCC)C4=O)s3)s2)SC1=S
101,O=C(c1ccccc1)c1ccc(-n2c3ccccc3c3c4c(c5ccccc5n4-c4ccccc4)c4c(c5ccccc5n4-c4ccccc4)c32)cc1
671,O=C(C(=O)c1ccc(C(=C(c2ccccc2)c2ccccc2)c2ccccc2)cc1)c1ccc(C(=C(c2ccccc2)c2ccccc2)c2ccccc2)cc1
192,Cc1cc(-c2c3ccccc3c(-c3cccc4ccccc34)c3ccccc23)ccc1-c1ccc(-c2c3ccccc3c(-c3cccc4ccccc34)c3ccccc23)cc1C
901,c1ccc(-c2nc(-c3ccccc3)nc(-c3ccc(-c4ccc5c(c4)C4(c6ccccc6-c6ccccc64)c4cc(-c6ccc(-c7nc(-c8ccccc8)nc(-c8ccccc8)n7)cc6)ccc4N5c4ccccc4)cc3)n2)cc1
470,CCOC(=O)/C(C#N)=C1\C=C(/C=C\c2ccc(N(CCOC(c3ccccc3)(c3ccccc3)c3ccccc3)CCOC(c3ccccc3)(c3ccccc3)c3ccccc3)cc2)OC(C(C)(C)C)=C1
439,c1ccc(N(c2ccccc2)c2ccc(-c3ccc4nc5c6cccc7ccc8cccc(c5nc4c3)c8c76)cc2)cc1
967,N#Cc1ccc(-n2c3ccccc3c3ccccc32)cc1C#N
296,c1ccc2c(c1)Oc1ccccc1N2c1ccc2c(c1)c1ccccc1n1ccnc21
856,CC1(C)c2ccccc2N(c2ccc(-c3c(C#N)c(-c4ccccc4)nc(-c4ccccc4)c3C#N)cc2)c2ccccc21
916,c1ccc(-c2nc(-c3ccccc3)nc(-c3cccc(-n4c5ccccc5c5oc6ccccc6c54)c3)n2)cc1
763,CCCCN1C(=O)C2=C(c3ccc(N4c5ccccc5Sc5ccccc54)cc3)N(CCCC)C(=O)C2=C1c1ccc(N2c3ccccc3Sc3ccccc32)cc1
403,N#CC(C#N)=C(c1ccc(-n2c3ccccc3c3ccccc32)cc1)c1ccc(-n2c3ccccc3c3ccccc32)cc1
367,Cc1c(-c2ccc(N(c3ccccc3)c3ccccc3)cc2)ccc(O)c1-c1ncc(-c2ccc(-c3ccc(N(c4ccccc4)c4ccccc4)cc3)cc2)o1
375,CC1(C)c2cc(C#N)ccc2-c2ccc(-c3ccccc3-n3c4ccccc4c4ccccc43)cc21
310,Cc1cc(P(=O)(c2ccccc2)c2ccccc2)cc(C)c1-c1c2ccccc2cc2ccccc12
85,O=S1(=O)c2ccccc2C2(c3ccccc3-c3ccc(-c4ccc5c(c4)C4(c6ccccc6-5)c5ccccc5S(=O)(=O)c5ccccc54)cc32)c2ccccc21
188,c1ccc([Si](c2ccccc2)(c2ccc(-c3cccnc3)cc2)c2ccc(-c3cccc4c3oc3ccccc34)cc2)cc1
930,O=C(/C=C(\OB(F)F)c1ccc2c(c1)-c1ccccc1C2)c1ccccc1
655,O=S1(=O)c2ccccc2-c2ccccc21
485,c1ccc2c(c1)Oc1ccccc1N2c1cccc2nc3c4ccccc4c4ccccc4c3nc12
612,Cc1cc(-n2c3ccccc3c3cc(C#N)ccc32)ccc1-c1ccc(S(=O)(=O)c2ccccc2)cc1C
762,c1ccc(-n2c3ccccc3c3cc(-c4ccn5nc(-c6ccc(-n7c8ccccc8c8ccccc87)cc6)nc5c4)ccc32)cc1
963,c1ccc(-c2nc(-c3ccccc3)nc(-c3ccccc3C3(c4ccccc4)c4ccccc4N(c4ccccc4)c4ccccc43)n2)cc1
443,c1ccc(-c2nc(-c3ccccc3)nc(-c3ccc(-n4c5ccccc5c5cc(-c6ccc7oc8ccccc8c7c6)ccc54)cc3)n2)cc1
653,c1ccc(-n2c3ccccc3c3cc(-c4ccc5c(c4)c4cc(-c6cncnc6)ccc4n5-c4ccccc4)ccc32)cc1
64,O=P(c1ccccc1)(c1ccccc1)c1ccc2c(c1)-c1cc(P(=O)(c3ccccc3)c3ccccc3)ccc1S2(=O)=O
770,c1ccc(-n2c(-c3ccc(-c4cccc(-c5c6ccccc6c(-c6ccc(-c7nc8ccccn8n7)cc6)c6ccccc56)c4)cc3)nc3c4ccccc4c4ccccc4c32)cc1
493,CC1(C)c2ccccc2N(c2ccc(-c3cc4nc5c6ccc(C#N)cc6c6cc(C#N)ccc6c5nc4cc3F)cc2)c2ccccc21
434,c1ccc(-c2nc3ccc(N4c5ccccc5Oc5ccccc54)cc3nc2-c2ccccc2)cc1
474,c1ccc(-c2nc(-c3ccccc3)nc(-c3cccc(-c4cc5c6ccccc6n6c7ccccc7c(c4)c56)c3-n3c4ccccc4c4cc(-c5ccc6c(c5)c5ccccc5n6-c5ccccc5)ccc43)n2)cc1
737,c1ccc2c(c1)Oc1ccccc1N2c1ccc(-c2cncc(-c3ccc(N4c5ccccc5Oc5ccccc54)cc3)n2)cc1
126,c1ccc(-c2nc3c(-c4ccc(-n5c6ccccc6c6ccccc65)cc4)ccc(-c4ccc(-n5c6ccccc6c6ccccc65)cc4)c3nc2-c2ccccc2)cc1
868,O=P(c1ccccc1)(c1ccccc1)c1ccc(-c2c3ccccc3cc3ccccc23)cc1
386,N#Cc1ccc(-n2c(-c3ccc(N(c4ccccc4)c4ccccc4)cc3)nc3c2C2CC=Cc4ccc5cccc-3c5c42)cc1
20,c1ccc(-c2cc(-c3ccccc3-n3c4ccccc4c4ccccc43)nc(-c3ccccc3)n2)cc1
1062,O=C(c1ccncc1)c1ccc(-n2c3ccc(-n4c5ccccc5c5ccccc54)cc3c3cc(-n4c5ccccc5c5ccccc54)ccc32)cc1
35,CC1(C)c2ccccc2N(c2ccc(-c3nc4ccccc4nc3-c3ccc(N4c5ccccc5C(C)(C)c5ccccc54)cc3)cc2)c2ccccc21
332,O=c1c2ccccc2n2c3ccc(-c4ccccc4)cc3c(=O)c3cccc1c32
801,Cc1cc(-c2nc(-c3ccccc3)nc(-c3ccccc3)n2)ccc1-n1c2ccccc2c2cc(-c3ccc4c(c3)-c3ccccc3C4(C)C)ccc21
179,Cc1nc(C)c(C#N)c(-c2ccc(-n3c4ccccc4c4ccccc43)cc2)c1C#N
26,CC1(C)c2ccccc2N(c2ccc3c(c2)B2c4cc(N5c6ccccc6C(C)(C)c6ccccc65)ccc4Oc4cccc(c42)O3)c2ccccc21
1001,CC(C)(C)c1ccc2c(c1)c1cc(C(C)(C)C)ccc1n2-c1ncc(S(=O)(=O)c2cnc(-n3c4ccc(C(C)(C)C)cc4c4cc(C(C)(C)C)ccc43)nc2)cn1
383,Cn1c2ccc(Br)cc2c2nc3cccnc3nc21
678,N#Cc1ccc(-c2cc(-c3ccccc3)c(-c3ccc(-n4c5ccccc5c5ccccc54)cc3)cc2-c2ccccc2)cc1
554,c1ccc(-n2c3ccccc3c3ccccc32)c(-c2ccc3cccnc3n2)c1
499,O=P(c1ccccc1)(c1ccccc1)c1ccc2c(c1)S(=O)(=O)c1c-2cccc1P(=O)(c1ccccc1)c1ccccc1
129,c1cc(-c2nc3c4ccccc4c4ccccc4c3o2)cc(-n2c3ccccc3c3ccccc32)c1
480,COc1ccc(-c2ccc(N(c3ccc(-c4nc5c6cccnc6c6ncccc6c5[nH]4)cc3)c3ccc(-c4nc5c6cccnc6c6ncccc6c5[nH]4)cc3)cc2)cc1
986,c1ccc2c(c1)sc1c2ccc2c3ccccc3n(-c3cnc(-n4c5ccccc5c5ccc6c7ccccc7sc6c54)cn3)c21
1073,Cc1cc(=O)c2ccc(N3c4ccccc4C4(c5ccccc5Oc5ccccc54)c4ccccc43)cc2o1
585,c1ccc(N(c2ccccc2)c2ccc(-c3cccc4nc5ccccc5cc34)cc2)cc1
389,CC(C)(C)C1=C/C(=C(\C#N)C(=O)OCCCCC(c2ccccc2)(c2ccccc2)c2ccccc2)C=C(/C=C\c2ccc(N(CCOC(c3ccccc3)(c3ccccc3)c3ccccc3)CCOC(c3ccccc3)(c3ccccc3)c3ccccc3)cc2)O1
611,O=P(c1ccccc1)(c1ccc(N2c3ccccc3Oc3ccccc32)cc1)c1ccc(N2c3ccccc3Oc3ccccc32)cc1
417,CC1(C)c2ccccc2N(c2cccc(S(=O)(=O)c3cccc(N4c5ccccc5C(C)(C)c5ccccc54)c3)c2)c2ccccc21
232,CCn1c2ccccc2c2cc3c4ccccc4n(-c4ccc(-c5nc(-c6ccccc6)nc(-c6ccccc6)n5)cc4)c3c(-c3ccccc3)c21
974,Cc1ccc2c(c1)c1c3ccccc3ccc1c1sc3c4ccc5ccccc5c4c4cc(C)ccc4c3c21
167,c1cc2nsnc2cc1N1CCCCCC1
875,c1ccc(-n2cnc3ccccc32)c(-c2cc(-n3c4ccccc4c4ccccc43)cc(-n3c4ccccc4c4ccccc43)c2)c1
686,CC(C)(c1ccc(OC(=O)CCP2(=O)Oc3ccccc3-c3ccccc32)cc1)c1ccc(OC(=O)CCP2(=O)Oc3ccccc3-c3ccccc32)cc1
922,CCN(CC)c1ccc(/C=C/c2sccc2C=C(C#N)C#N)cc1
1072,c1ccc2nc(-c3ccc(-n4c5ccccc5c5ccccc54)cc3)c(-c3ccc(-n4c5ccccc5c5ccccc54)cc3)nc2c1
236,Cc1cc(-c2ccc(-n3c4ccccc4c4ccccc43)cc2)c(C)cc1-c1ccc(-n2c3ccccc3c3ccccc32)cc1
774,CCn1c(-c2ccncc2)c(-c2ccc(-n3c4ccccc4c4ccccc43)c(C#N)c2)c2c3ccccc3c(-c3cccc(-n4c5ccccc5c5ccccc54)c3)cc21
878,c1ccc(-c2nc(-c3cccc(-n4c5ccccc5c5c6ccccc6ccc54)c3)c3ccccc3n2)cc1
581,CC1(C)c2ccccc2-c2ccc(N(c3ccccc3)c3ccc(-c4ccc(-c5ccc(-c6ccc(N(c7ccccc7)c7ccc8c(c7)C(C)(C)c7ccccc7-8)cc6)cc5)cc4)cc3)cc21
666,O=C(Oc1ccccc1)c1cccc(C(=O)Oc2ccccc2)c1N(c1ccccc1)c1ccccc1
839,c1ccc(-c2nc(-c3ccccc3)nc(-c3ccccc3-n3c4ccc(-c5ccc6c(c5)c5ccccc5n6-c5ccccc5)cc4c4cc(-c5ccc6c(c5)c5ccccc5n6-c5ccccc5)ccc43)n2)cc1
620,CC1(C)c2ccccc2N(c2ccc(-c3cccc(C#N)c3)cc2)c2ccccc21
1083,O=S1(=O)c2ccccc2N(c2ccc(-n3c4ccccc4c4ccccc43)cc2)c2ccccc21
796,c1ccc(C(=C(c2ccccc2)c2cccc(-c3nc4c5ccccc5c5ccccc5c4n3-c3ccccc3)c2)c2ccccc2)cc1
595,CC1(C)c2ccccc2N(c2c(C#N)cnc3cccnc23)c2ccccc21
1096,CC1(C)c2ccccc2N(c2ccc3c(c2)C2(c4ccccc4S(=O)(=O)c4ccccc42)c2cc(N4c5ccccc5C(C)(C)c5ccccc54)ccc2S3(=O)=O)c2ccccc21
1040,CC(C)(C)c1ccc(N2C(=O)c3cccc4c(N5c6ccccc6C(C)(C)c6ccc7c(oc8ccccc87)c65)ccc(c34)C2=O)cc1
1091,N#Cc1ccccc1-c1ccccc1-n1c2ccccc2c2cc(-c3ccc4c(c3)c3ccccc3n4-c3ccccc3)ccc21
902,Cc1nc(-c2ccc(N3c4ccccc4C4(c5ccccc5-c5ccccc54)c4ccccc43)cc2)cc(-c2ccc(N3c4ccccc4C4(c5ccccc5-c5ccccc54)c4ccccc43)cc2)n1
239,CC(C)(C)c1ccc2c(c1)c1cc(C(C)(C)C)ccc1n2-c1cc(C(=O)c2ccnc3ccccc23)cc(-n2c3ccc(C(C)(C)C)cc3c3cc(C(C)(C)C)ccc32)c1
759,COC(=O)c1cccc(C(=O)OC)c1N(c1ccc(OC)cc1)c1ccc(OC)cc1
84,Fc1ccc2nc(-c3ccc(N4c5ccccc5Oc5ccccc54)cc3)c(-c3ccc(N4c5ccccc5Oc5ccccc54)cc3)nc2c1
370,COc1cc2c3cc(OC)c(OC)cc3n(-c3ccc4oc5ccc(-n6c7cc(OC)c(OC)cc7c7cc(OC)c(OC)cc76)cc5c4c3)c2cc1OC
207,CC1(C)c2cc(-c3ccccc3)ccc2N(c2ccc3c4c(cccc24)C(=O)N(c2ccccc2)C3=O)c2ccc(-c3ccccc3)cc21
629,c1ccc(-c2nc(-c3ccccc3)nc(-c3ccc(-n4c5ccccc5c5cc(-c6ccc7sc8ccccc8c7c6)ccc54)cc3)n2)cc1
848,c1ccc(N(c2ccccc2)c2ccc(-c3ccc4nc5c6ccc(-c7ccc(N(c8ccccc8)c8ccccc8)cc7)cc6c6cc(-c7ccc(N(c8ccccc8)c8ccccc8)cc7)ccc6c5nc4c3)cc2)cc1
342,CCN1c2ccccc2S(=O)(=O)c2cc(-n3c4ccccc4c4ccccc43)ccc21
172,O=S(=O)(c1ccc(N2c3ccccc3Sc3ccccc32)cc1)c1ccccc1-n1c2ccccc2c2ccccc21
858,CC1(C)c2ccccc2N(c2ccc(-c3ncccn3)cc2)c2ccccc21
14,c1ccc(C2(c3ccccc3)c3ccccc3-c3ccc(-c4ccc5c(c4)C(c4ccccc4)(c4ccccc4)c4ccccc4-5)cc32)cc1
871,Fc1cc2nc(-c3ccccc3)c(-c3ccccc3)nc2cc1N1c2ccccc2Oc2ccccc21
223,c1cnc2nc(-c3ccc(-n4c5ccccc5c5ccccc54)cc3)ccc2c1
504,CC(C)c1cc(C(C)C)c(B2c3cc(-n4c5ccccc5c5ccccc54)ccc3N(c3ccccc3)c3ccc(-n4c5ccccc5c5ccccc54)cc32)c(C(C)C)c1
681,N#Cc1c(-n2c3ccccc3c3ccccc32)cc2c3ccccc3n(-c3ccccc3)c2c1-n1c2ccccc2c2ccccc21
1031,Cc1ccccc1-c1cc(-c2ccc(N3c4ccccc4C(C)(C)c4ccccc43)cc2)nc(-c2ccccc2)n1
1021,CC(C)(C)c1cc2ccc3c(-c4ccc(N5c6ccccc6C(c6ccccc6)(c6ccccc6)c6ccccc65)cc4)ccc4c5nc6cc(C#N)c(C#N)cc6nc5c(c1)c2c34
575,N#Cc1cncc(C#N)c1-c1ccc(-n2c3ccccc3c3ccccc32)cc1
539,N#Cc1ccc(-n2c(-c3ccc(C(=C(c4ccccc4)c4ccccc4)c4ccccc4)cc3)nc3c4ccccc4c4ccccc4c32)cc1
279,c1cc(-c2ccc(-n3c4ccccc4c4ccccc43)cc2)cc(-c2ccc3c4ccccc4c4ccccc4c3c2)c1
376,N#Cc1c(-n2c3ccccc3c3ccccc32)c(-n2c3ccc(-c4ccccc4)cc3c3cc(-c4ccccc4)ccc32)cc(-n2c3ccc(-c4ccccc4)cc3c3cc(-c4ccccc4)ccc32)c1-n1c2ccccc2c2ccccc21
909,O=P(c1ccccc1)(c1ccccc1)c1ccc2c(c1)oc1cc(-c3ccc(C4(c5ccc(-n6c7ccccc7c7ccccc76)cc5)c5ccccc5-c5ccccc54)cc3)ccc12
275,c1ccc2c(c1)CC1(C2)c2cc(N3c4ccccc4Sc4ccccc43)ccc2-c2ccc(N3c4ccccc4Sc4ccccc43)cc21
214,COc1ccc2c(c1)c1cc(OC)ccc1n2-c1ccc(-c2c(C#N)c(-c3ccccc3)nc(-c3ccccc3)c2C#N)cc1
427,N#CC(C#N)=C(c1cccc(N(c2ccccc2)c2ccccc2)c1)c1cccc(N(c2ccccc2)c2ccccc2)c1
587,CC1(C)c2ccccc2N(c2ccc(-c3nc4ccncc4nc3-c3ccc(N4c5ccccc5C(C)(C)c5ccccc54)cc3)cc2)c2ccccc21
779,c1cc(-c2cccc(-n3c4ccccc4c4ccccc43)c2)cc(-c2cccc3c2sc2ccccc23)c1
1009,c1ccc(-c2cc(-c3cccc(-n4c5ccccc5c5ccccc54)c3)nc(-c3ccccc3)n2)cc1
385,CCN(CC)c1ccc2cc(-c3ccc(-c4ccc5c(c4)c4cc(-c6ccc(-c7cc8ccc(N(CC)CC)cc8oc7=O)s6)ccc4n5-c4ccc(C)cc4)s3)c(=O)oc2c1
929,CC(C)c1cc(C(C)C)c(B2c3cc(N4c5ccccc5Oc5ccccc54)ccc3N(c3ccccc3)c3ccc(N4c5ccccc5Oc5ccccc54)cc32)c(C(C)C)c1
760,c1ccc(-c2cc(-c3ccc(N4c5ccccc5C(c5ccccc5)(c5ccccc5)c5ccccc54)cc3)nc(-c3ccccc3)n2)cc1
688,N#Cc1ccc(-c2cnc(-c3ccc(N(c4ccccc4)c4ccccc4)cc3)c3nsnc23)cc1
511,c1ccc2c(c1)Oc1ccccc1N2c1ccc2ccc(N3c4ccccc4Oc4ccccc43)nc2n1
982,COc1ccc(C(=Cc2ccc(N(C=C(c3ccc(OC)cc3)c3ccc(OC)cc3)c3ccccc3)cc2)c2ccc(OC)cc2)cc1
294,c1ccc(-c2nc(-c3ccccc3)nc(-c3cc(-c4ccccc4)c(-n4c5ccccc5c5cc(-n6c7ccccc7c7ccccc76)ccc54)c(-c4ccccc4)c3)n2)cc1
641,C(=C/c1nc(-c2csc(/C=C/c3ccccc3)n2)cs1)\c1ccccc1
450,FC(F)(F)c1ccc(-n2c(-c3ccc(-c4ccc(N5C6=CC=CCC6C(c6ccccc6)(c6ccccc6)c6ccccc65)cc4)cc3)nc3c4ccccc4c4ccccc4c32)cc1
438,c1cc(-c2ccc3c4ccccc4c4ccccc4c3c2)cc(-n2c3ccccc3c3ccccc32)c1
10,N#Cc1cc(-n2c3ccccc3c3ccccc32)cc(-n2c3ccccc3c3ccccc32)c1
356,c1ccc(-c2nc(-c3ccccc3)nc(-c3ccc(-n4c5ccccc5c5c6c(ccc54)-c4ccccc4C64c5ccccc5-c5ccccc54)cc3)n2)cc1
299,O=C1c2ccc(N3c4ccccc4C4(c5ccccc5-c5ccccc54)c4ccccc43)cc2-c2cc(N3c4ccccc4C4(c5ccccc5-c5ccccc54)c4ccccc43)ccc21
604,CCCCCCCCCCCc1c(C2=CC3SC=CC3S2)sc2c1sc1c(CCCCCCCCCCC)c(-c3cc4sccc4s3)sc12
463,O=C1c2ccccc2-c2cc(-c3ccc(-n4c5ccccc5c5ccccc54)cc3)ccc21
1103,CCCCCCCCC1(CCCCCCCC)c2ccccc2-c2ccc(-c3nnc(-c4ccc(-n5c6ccc(C(C)(C)C)cc6c6cc(C(C)(C)C)ccc65)cc4)o3)cc21
809,COc1ccc(OC(=O)c2cccc(C(=O)Oc3ccc(OC)cc3)c2N(c2ccccc2)c2ccccc2)cc1
426,N#Cc1cc(-c2nc(-c3ccccc3)nc(-c3ccccc3)n2)ccc1-n1c2ccccc2c2oc3ccccc3c21
659,Cn1c2ccc([N+](=O)[O-])cc2c2nc3cc(Br)cnc3nc21
31,c1ccc(N(c2ccc(-c3nc4c5ccccc5c5ccccc5c4n3-c3ccccc3)cc2)c2ccc(-c3nc4c5ccccc5c5ccccc5c4n3-c3ccccc3)cc2)cc1
489,CC(C)(C)c1ccc2c(c1)c1cc(C(C)(C)C)ccc1n2-c1cnc(S(=O)(=O)c2cnc(-n3c4ccc(C(C)(C)C)cc4c4cc(C(C)(C)C)ccc43)cn2)cn1
238,CC(C)(C)c1ccc2c(c1)c1cc(C(C)(C)C)ccc1n2-c1ccc2c(c1)c1cc(-n3c4ccc(C(C)(C)C)cc4c4cc(C(C)(C)C)ccc43)ccc1n2-c1ccc(C(=O)c2ccccc2)cc1
277,O=S1(=O)c2ccccc2C2(c3ccccc31)c1cc(-c3ccc(N(c4ccccc4)c4ccccc4)cc3)ccc1S(=O)(=O)c1ccc(-c3ccc(N(c4ccccc4)c4ccccc4)cc3)cc12
926,Oc1ccc(-c2ccc(N(c3ccccc3)c3ccccc3)cc2)cc1-c1ncc(-c2ccc(-c3ccccc3)cc2)o1
700,CCCCCCCCCCCCOc1ccc(C#Cc2ccc(C#Cc3ccc(OCCCCCCCCCCCC)cc3)c3nccnc23)cc1
212,c1ccc(N(c2ccccc2)c2ccc(-c3ccc4c(c3)c3ccccc3n4-c3cc(-c4ccncc4)ccn3)cc2)cc1
887,c1cncc(-c2nc(-c3ccc(-c4ccc(N5c6ccccc6Oc6ccccc65)cc4)cc3)nc(-c3cccnc3)n2)c1
1061,c1ccc(-n2nc(-c3ccc(N4c5ccccc5Sc5ccccc54)cc3)nc2-c2ccccn2)cc1
361,c1cc(-c2cccc(-c3cccc4c3sc3ccccc34)c2)cc(-c2cccc(-n3c4ccccc4c4ccccc43)c2)c1
78,c1ccc(-c2nc(-c3ccc(N(c4ccccc4)c4ccccc4)cc3)c3ccccc3n2)cc1
355,c1ccc(-n2c3ccccc3c3cc(-c4ccc5c(c4)c4cc(-c6cccnc6)ccc4n5-c4ccccc4)ccc32)cc1
579,CC1(C)c2ccccc2N(c2ccc3c(c2)c2ccccc2n2c4ccccc4nc32)c2ccccc21
605,COc1cc(=O)oc2c1ccc1c2c2ccccc2n1-c1ccccc1
676,Cc1ccc2c(c1)c1ccc3c4cc(C)ccc4c4c5ccc(C)cc5c5c6ccccc6c6c7cc(C)ccc7c2c2c1c3c4c5c62
729,c1ccc([Si](c2ccccc2)(c2ccc(-c3cccnc3)cc2)c2ccc(-c3cccc4c3sc3ccccc34)cc2)cc1
41,N#Cc1cc(-c2nc(-c3ccccc3)nc(-c3ccccc3)n2)ccc1-n1c2ccc(-c3ccc4c(c3)c3ccccc3n4-c3ccccc3)cc2c2cc3c4ccccc4n4c5ccccc5c(c21)c34
276,CC1(C)c2ccccc2N(c2ccc(S(=O)(=O)c3cccc(N4c5ccccc5C(C)(C)c5ccccc54)c3)cc2)c2ccccc21
1113,COc1ccc(-c2ccc(Nc3ccccc3)c3nsnc23)cc1
643,c1ccc(-c2nc(-c3ccccc3)nc(-c3ccccc3-n3c4ccccc4c4ccccc43)n2)cc1
171,CC1(C)c2ccccc2N(c2ccc3nc(-c4ccccc4)c(-c4ccccc4)nc3c2)c2ccccc21
139,CN(C)c1ccc(-c2cncc(-c3ccc(C(F)(F)F)cc3)n2)cc1
120,O=C(CCP1(=O)Oc2ccccc2-c2ccccc21)OCc1ccc(COC(=O)CCP2(=O)Oc3ccccc3-c3ccccc32)o1
1057,CC(C)(C)c1ccc2c(c1)c1cc(C(C)(C)C)ccc1n2-c1ccccc1-c1nc(-c2ccccc2)nc(-c2ccccc2)n1
365,CC1(C)c2ccccc2N(c2ccc(S(=O)(=O)c3ccc(N4c5ccccc5C(C)(C)c5ccccc54)cc3)cc2)c2ccccc21
955,c1ccc(-n2c3ccccc3c3ccccc32)c(-c2nc(-c3ccccc3-n3c4ccccc4c4ccccc43)nc(-c3ccccc3-n3c4ccccc4c4ccccc43)n2)c1
895,CC(C)(C)c1cc2ccc3ccc(-c4ccc(N5c6ccccc6C(c6ccccc6)(c6ccccc6)c6ccccc65)cc4)c4c5nc(C#N)c(C#N)nc5c(c1)c2c34
140,c1ccc(-c2nc(-c3ccccc3)nc(-c3ccc(C4(c5ccc(-n6c7ccccc7c7ccccc76)cc5)CCCCC4)cc3)n2)cc1
751,O=S1(=O)c2ccccc2S(=O)(=O)c2cc(-c3ccc(-n4c5ccccc5c5ccccc54)cc3)ccc21
496,Clc1ccc2c(c1)c1cc(Cl)ccc1c1c2sc2c3ccc(Cl)cc3c3cc(Cl)ccc3c21
690,CC1(C)c2cc(-c3ccccc3)ccc2N(c2ccc(S(=O)(=O)c3ccc(N4c5ccc(-c6ccccc6)cc5C(C)(C)c5cc(-c6ccccc6)ccc54)cc3)cc2)c2ccc(-c3ccccc3)cc21
904,COc1ccc2c3ccc(OC)cc3n(-c3ccc4oc5ccc(-n6c7cc(OC)ccc7c7ccc(OC)cc76)cc5c4c3)c2c1
265,O=P(c1ccccc1)(c1ccccc1)c1ccc2c(c1)-c1cccc(P(=O)(c3ccccc3)c3ccccc3)c1S2(=O)=O
460,O=S(=O)(c1ccc(N2c3ccccc3Sc3ccccc32)cc1)c1ccc(-n2c3ccccc3c3ccccc32)cc1
1058,O=P(c1ccccc1)(c1ccccc1)c1nc(-c2ccccc2)nc(-c2ccccc2)n1
162,N#Cc1cc(-c2nc(-c3ccccc3)nc(-c3ccccc3)n2)ccc1N1c2ccccc2Oc2ccccc21
456,Cc1c(C)n(-c2ccc(-c3nc(-c4ccccc4)nc(-c4ccc(-n5c(C)c(C)c6ccccc65)cc4)n3)cc2)c2ccccc12
436,c1ccc(N(c2ccccc2)c2ccc(-c3nc4c5ccccc5c5ccccc5c4n3-c3ccccc3)cc2)cc1
516,CC(C)(C)c1cc2ccc3ccc(-c4ccc(N5c6ccccc6C(c6ccccc6)(c6ccccc6)c6ccccc65)cc4)c4c5nc6cc(C#N)c(C#N)cc6nc5c(c1)c2c34
833,CC1(C)c2ccccc2N(c2ccnc3cccnc23)c2ccccc21
324,Cn1c2ccccc2c2nc3cc(Br)cnc3nc21
531,c1ccc(/C(=C(/c2ccccc2)c2ccc(-c3ccc4c(c3)c3ccccc3n4-c3ccccc3)cc2)c2ccc(-c3ccc(-c4nc5ccccc5n4-c4ccccc4)cc3)cc2)cc1
136,FC(F)(F)c1ccc(-c2cnc(-c3ccc(N(c4ccccc4)c4ccccc4)cc3)cn2)cc1
467,CC1(C)c2ccccc2N(c2ccc(-c3nnc(-c4ccc(-n5c6ccccc6c6ccccc65)cc4)o3)cc2)c2ccccc21
124,CC1(C)c2ccccc2N(c2ccc(-c3cc(-c4ccccc4)nc(-c4ccccc4)n3)cc2)c2ccc3oc4ccccc4c3c21
857,c1ccc(-c2cc(-c3ccccc3)cc(-c3c4ccccc4c(-c4c5ccccc5c(-c5cc(-c6ccccc6)cc(-c6ccccc6)c5)c5ccccc45)c4ccccc34)c2)cc1
786,c1ccc(Oc2nc(Oc3ccccc3)nc(-c3ccc(N4c5ccccc5Sc5ccccc54)cc3)n2)cc1
475,CC1(C)c2ccccc2N(c2ccc(C(=O)c3nc4ccccn4c3-c3ccccc3)cc2)c2ccccc21
530,O=S1(=O)c2ccccc2S(=O)(=O)c2cc(-c3ccc(N(c4ccccc4)c4ccccc4)cc3)ccc21
180,Cc1cc(-c2cccc(-n3c4ccccc4c4ccccc43)c2)c(C)cc1-c1cccc(-n2c3ccccc3c3ccccc32)c1
224,N#Cc1ccc(-c2ccc(N(c3ccccc3)c3ccccc3)cc2)c2nsnc12
1039,CCn1c2ccccc2c2cc(/C(=C\c3ccccc3)c3ccc(-c4ccc(B(c5c(C)cc(C)cc5C)c5c(C)cc(C)cc5C)cc4)cc3)ccc21
708,c1ccc2c(c1)-c1ccccc1-n1c-2nc2c3cccc4ccc5cccc(c5c43)c21
5,c1ccc(-n2c3ccccc3c3cc(-c4ccc5nc(-c6ccc(-n7c8ccccc8c8ccccc87)cc6)nn5c4)ccc32)cc1
719,Cc1cc(-c2nc(-c3ccccc3)nc(-c3ccccc3)n2)ccc1-c1ccc2c(c1)C1(c3ccccc3-c3ccccc31)c1ccccc1N2c1ccccc1
249,Fc1cc(F)cc(-c2cc(-c3cc(F)cc(F)c3)c3ccc4c(-c5cc(F)cc(F)c5)cc(-c5cc(F)cc(F)c5)c5ccc2c3c54)c1
622,CC(C)(C)c1ccc(-c2nsc(-c3cccc(-n4c5ccccc5c5ccccc54)c3)n2)cc1
506,COc1ccc2c(c1)c1cc(OC)ccc1n2-c1ccc(-c2c(C#N)c(C)nc(C)c2C#N)cc1
1074,Cc1ccc2c(c1)c1cc(C)ccc1n2-c1cccc(-n2c3ccc(C)cc3c3cc(C)ccc32)c1C#N
199,c1ccc(-c2nc(-c3ccc(N4c5ccccc5Oc5ccccc54)cc3)cc(-c3ccc(N4c5ccccc5Oc5ccccc54)cc3)n2)cc1
424,CN(C)c1ccc(-c2cnc(-c3ccc(C(F)(F)F)cc3)cn2)cc1
1071,Cc1cccc(C2=C(c3cccc(C)c3)[Si]3(C(c4ccccc4)=C(c4ccccc4)C(c4ccccc4)=C3c3ccccc3)C(c3cccc(C)c3)=C2c2cccc(C)c2)c1
742,c1ccc(-c2nc(-c3ccccc3)nc(-c3ccccc3-n3c4ccccc4c4cc(-c5ccc6c(c5)c5ccccc5n6-c5ccccc5)ccc43)n2)cc1
1064,CC(C)(C)c1ccc2c(c1)c1cc(C(C)(C)C)ccc1n2-c1ccc(C(=O)c2ccc(N3c4ccccc4C(C)(C)c4ccccc43)cc2)nc1
728,c1ccc(-c2cccc(N(c3ccc(-c4cc5cccc6ccc7cccc4c7c65)c(-c4ccccc4)c3)c3ccc4c(c3)c3ccccc3n4-c3ccccc3)c2)cc1
47,c1ccc2c(c1)Sc1ccccc1N2c1ccc2c(c1)C1(CC1)c1cc(N3c4ccccc4Sc4ccccc43)ccc1-2
692,c1ccc(N(c2ccccc2)c2ccc3c(c2)c2cc4ccccc4c4c5c6ccccc6ccc5n3c24)cc1
150,c1ccc(N(c2ccccc2)c2ccc(-c3cnc(-c4ccc(N(c5ccccc5)c5ccccc5)s4)c4nsnc34)s2)cc1
966,O=P(c1ccccc1)(c1ccccc1)c1ccc(N2c3ccccc3Oc3ccccc32)cc1
903,O=P(c1ccccc1)(c1ccccc1)c1ccc2c(c1)S(=O)(=O)c1cc(P(=O)(c3ccccc3)c3ccccc3)ccc1-2
317,O=C1c2ccccc2-c2c1cccc2-c1ccc(-n2c3ccccc3c3ccccc32)cc1
772,COc1ccc(C(=Cc2ccc(N(C=C(c3ccc(OC)cc3)c3ccc(OC)cc3)c3ccc(OC)cc3)cc2)c2ccc(OC)cc2)cc1
825,Cc1cc(N2c3ccccc3Sc3ccccc32)cc(C)c1N1C(=O)c2cccc3cccc(c23)C1=O
343,COC(=O)c1ccc(-c2cc(-c3ccc(C(=O)OC)cc3)c3ccc4c(-c5ccc(C(=O)OC)cc5)cc(-c5ccc(C(=O)OC)cc5)c5ccc2c3c54)cc1
527,CC(C)c1ccc2c(c1)c1cc(C(C)(C)C)ccc1n2-c1cc(-c2c(C#N)c(-c3ccccc3)nc(-c3ccccc3)c2C#N)cc(-n2c3ccc(C(C)(C)C)cc3c3cc(C(C)(C)C)ccc32)c1
290,CCCCCCCCCCCc1c(-c2cccs2)sc2c1sc1c(CCCCCCCCCCC)c(-c3cccs3)sc12
86,CCCCn1c(-c2ccc(-c3ccc4ccccc4c3)cc2)nc2nc3c(cc21)nc(-c1ccc(-c2ccc4ccccc4c2)cc1)n3CCCC
173,CCCCCCCCCCCc1c(C2=CC3Sc4ccsc4C3S2)sc2c1sc1c(CCCCCCCCCCC)c(-c3cc4sc5ccsc5c4s3)sc12
869,Cc1c(C)c(B(c2c(C)c(C)c(C#N)c(C)c2C)c2c(C)c(C)c(N3c4ccccc4Oc4ccccc43)c(C)c2C)c(C)c(C)c1C#N
606,N#Cc1nc2c3ccc(-c4ccc(-n5c6ccccc6c6ccccc65)cc4)cc3c3cc(-c4ccc(-n5c6ccccc6c6ccccc65)cc4)ccc3c2nc1C#N
734,c1csc(-c2cncc(-c3cccs3)n2)c1
670,c1ccc(C(=C(c2ccccc2)c2ccc3c4ccccc4n(-c4cccc(-c5nc6ccccc6n5-c5ccccc5)c4)c3c2)c2ccccc2)cc1
682,N#Cc1ccc(-n2c(-c3ccc(-c4ccc(N(c5ccccc5)c5ccccc5)cc4)cc3)nc3c2C2CC=Cc4ccc5cccc-3c5c42)cc1
1068,Cc1cc(-c2c3ccccc3c(-c3ccccc3)c3ccccc23)ccc1-c1ccc(-c2c3ccccc3c(-c3ccccc3)c3ccccc23)cc1C
329,CCCCCCCCCCCCCCOc1ccc(C#Cc2ccc(C#Cc3ccc(OCCCCCCCCCCCCCC)cc3)c3nccnc23)cc1
668,N#Cc1ccc(-n2c(/C=C/c3ccc(-c4ccc(N(c5ccccc5)c5ccccc5)cc4)cc3)nc3c4ccccc4c4ccccc4c32)cc1
853,COc1ccc(N(c2ccc(OC)cc2)c2ccc3c(ccc4nc5ccc6cc(N(c7ccc(OC)cc7)c7ccc(OC)cc7)ccc6c5nc43)c2)cc1
293,Cc1cc(-n2c3ccc(C(C)(C)C)cc3c3cc(C(C)(C)C)ccc32)cc(C)c1B1c2ccccc2B(c2c(C)cc(-n3c4ccc(C(C)(C)C)cc4c4cc(C(C)(C)C)ccc43)cc2C)c2ccccc21
311,c1ccc(-c2cc(-c3ccc(-n4c5ccccc5c5c6sc7ccccc7c6ccc54)cc3)nc(-c3ccccc3)n2)cc1
956,Cc1ccc2c(c1)c1cc(C)ccc1c1c2sc2c3ccc(C)cc3c3cc(C)ccc3c21
561,CC1(C)c2ccccc2N(c2ccc(-c3cc(-c4ccc(N5c6ccccc6C(C)(C)c6ccccc65)cc4)ncn3)cc2)c2ccccc21
415,CC1(C)c2ccccc2N(c2ccc(-c3ccc4c(c3)c3ccccc3c3nc(C#N)c(C#N)nc43)cc2)c2ccccc21
308,O=S(=O)(c1ccccc1)c1ccc(N2c3ccccc3C3(c4ccccc42)c2ccccc2N(c2ccc(S(=O)(=O)c4ccccc4)cc2)c2ccccc23)cc1
1110,CCn1c(-c2ccncc2)c(-c2ccc(-c3ccc(-n4c5ccccc5c5ccccc54)c(C#N)c3)cc2)c2c3ccccc3c(-c3ccc(-n4c5ccccc5c5ccccc54)cc3)cc21
814,Clc1ccc2c(c1)c1c3ccccc3ccc1c1sc3c4ccc5ccccc5c4c4cc(Cl)ccc4c3c21
430,CN(C)c1ccc(-c2cncc(-c3ccc([N+](=O)[O-])cc3)n2)cc1
844,CCCCN(CCCC)c1ccc(/C=C/c2ccc3nc(/C=C/C4=C(C#N)C(=C(C#N)C#N)OC4(C)c4ccc(C5CCCCC5)cc4)c(-c4ccccc4)nc3c2)cc1
828,O=C1c2cccc3cccc(c23)C(=O)N1c1ccccc1-n1c2ccccc2c2ccccc21
715,N#Cc1cc(N2c3ccccc3Oc3ccccc32)c(N2c3ccccc3Oc3ccccc32)cc1C#N
302,CC(C)(C)c1ccc(-n2c(-c3ccc(-c4ccc(-c5ccc(C(=C(c6ccc(N(c7ccccc7)c7ccccc7)cc6)c6ccc(N(c7ccccc7)c7ccccc7)cc6)c6ccccc6)cc5)c5nsnc45)s3)nc3c4ccccc4c4ccccc4c32)cc1
850,Fc1cc(-c2nc(-c3ccccc3)nc(-c3ccccc3)n2)ccc1-n1c2ccc(-n3c4ccccc4c4ccccc43)cc2c2cc(-n3c4ccccc4c4ccccc43)ccc21
1054,Cn1c(-c2ccccc2)cc2nc3c(cc(-c4ccccc4)n3C)nc21
418,c1ccc(C2(c3ccc4c(c3)c3ccccc3n4-c3cccc(-n4c5ccccc5c5cc(C6(c7ccccc7)c7ccccc7-c7ccccc76)ccc54)n3)c3ccccc3-c3ccccc32)cc1
316,CC1(C)c2ccccc2N(c2cnc3nc4c5ccc(N6c7ccccc7C(C)(C)c7ccccc76)cc5c5cc(N6c7ccccc7C(C)(C)c7ccccc76)ccc5c4nc3c2)c2ccccc21
968,COC(=O)c1cccc(C(=O)OC)c1N(C)C
849,O=C1c2ccccc2C2(c3ccccc31)c1ccccc1N(c1ccc(-c3nc(-c4ccccc4)nc(-c4ccccc4)n3)cc1)c1ccccc12
127,c1ccc(-c2ccc(N(c3ccc(-c4cccc5c4sc4ccccc45)cc3)c3ccc(-c4cc5cccc6ccc7cccc4c7c65)cc3-c3ccccc3)cc2)cc1
766,N#Cc1ccc(-n2c(-c3ccc4ccccc4c3)nc3c4ccccc4c4ccccc4c32)cc1
885,N#Cc1ccc(-n2c(-c3ccc4ccccc4c3)nc3c4ccc(-c5ccc(-n6c7ccccc7c7ccccc76)cc5)cc4c4cc(-c5ccc(-n6c7ccccc7c7ccccc76)cc5)ccc4c32)cc1
722,Clc1ccc2c(c1)c1ccc3c4cc(Cl)ccc4c4c5ccc(Cl)cc5c5c6ccccc6c6c7cc(Cl)ccc7c2c2c1c3c4c5c62
862,c1ccc(N(c2ccccc2)c2ccc(-c3cc(-c4ccc(N(c5ccccc5)c5ccccc5)cc4)n4nccc4n3)cc2)cc1
372,c1ccc(Oc2ccc(-c3cc(-c4ccc(Oc5ccccc5)cc4)c4ccc5c(-c6ccc(Oc7ccccc7)cc6)cc(-c6ccc(Oc7ccccc7)cc6)c6ccc3c4c65)cc2)cc1
201,c1ccc(-c2nc(-c3ccccc3)nc(-c3ccc(-n4c5ccccc5c5cc(-c6ccc7c(c6)-c6ccccc6C76c7ccccc7-c7ccccc76)ccc54)cc3)n2)cc1
551,c1ccc(-c2ccc(N(c3ccc(-c4nc5c6cccnc6c6ncccc6c5[nH]4)cc3)c3ccc(-c4nc5c6cccnc6c6ncccc6c5[nH]4)cc3)cc2)cc1
532,Fc1ccc(-c2cc(-c3ccc(F)cc3)c3ccc4c(-c5ccc(F)cc5)cc(-c5ccc(F)cc5)c5ccc2c3c54)cc1
1,O=c1c2ccc(-c3ccc(N(c4ccccc4)c4ccccc4)cc3)cc2sc2cccc(-c3ccc(N(c4ccccc4)c4ccccc4)cc3)c12
607,c1ccc(-c2nnc(-c3ccc(N4c5ccccc5Sc5ccccc54)cc3)o2)cc1
855,Cc1ccc2c(c1)c1nc3cccnc3nc1n2C
260,COc1ccc(C(=Cc2c(C)cc(N(C=C(c3ccc(OC)cc3)c3ccc(OC)cc3)C=C(c3ccc(OC)cc3)c3ccc(OC)cc3)cc2C)c2ccc(OC)cc2)cc1
960,c1ccc(N(c2ccccc2)c2ccc(-c3ccc(-c4nc5c6ccccc6c6ccccc6c5n4-c4ccc(-c5ccc(N(c6ccccc6)c6ccccc6)cc5)cc4)cc3)cc2)cc1
873,N#Cc1ccc2c(c1)c1cc(C#N)ccc1c1nc3cc(-c4ccc(N(c5ccccc5)c5ccccc5)cc4)c(-c4ccc(N(c5ccccc5)c5ccccc5)cc4)cc3nc21
1012,CCN(CC)c1ccc2cc(-c3ccc(-c4ccc5c(c4)c4ccccc4n5-c4ccc(C)cc4)s3)c(=O)oc2c1
618,Cn1c(-c2ccc(F)cc2)cc2nc3c(cc(-c4ccc(F)cc4)n3C)nc21
523,N#Cc1cccc(-n2c(-c3cccc(C(=C(c4ccccc4)c4ccccc4)c4ccccc4)c3)nc3c4ccccc4c4ccccc4c32)c1
446,Cc1cc(-c2nc(-c3ccccc3)nc(-c3ccccc3)n2)ccc1-n1c2ccccc2c2ccccc21
752,c1ccc(-c2cc(-c3ccccc3)cc(-c3ccc(-c4c5ccccc5c(-c5c6ccccc6c(-c6ccc(-c7cc(-c8ccccc8)cc(-c8ccccc8)c7)cc6)c6ccccc56)c5ccccc45)cc3)c2)cc1
353,c1ccc(-c2cc(-c3ccccc3)cc(-c3ccc(-c4ccc5ccc6ccc(-c7ccc(-c8cc(-c9ccccc9)cc(-c9ccccc9)c8)cc7)c7ccc4c5c67)cc3)c2)cc1
444,c1ccc2c(c1)Sc1ccccc1N2c1ccc(-c2nc(-c3ccc(N4c5ccccc5Sc5ccccc54)cc3)nc(-c3ccc(N4c5ccccc5Sc5ccccc54)cc3)n2)cc1
1025,O=C(c1ccccc1)c1ccc(N2c3ccccc3C3(c4ccccc4Sc4ccccc43)c3ccccc32)nc1
846,c1ccc2c(c1)Oc1ccccc1N2c1ccc2c(ccc3nc4ccc5cc(N6c7ccccc7Oc7ccccc76)ccc5c4nc32)c1
972,N#Cc1cc(-c2nc(-c3ccccc3)nc(-c3ccccc3)n2)ccc1-n1c2ccccc2c2cc3c4ccccc4n4c5ccccc5c(c21)c34
732,CC1(C)c2ccccc2N(c2ccc(N3c4ccccc4C(C)(C)c4ccccc43)c3nc(-c4ccccc4)c(-c4ccccc4)nc23)c2ccccc21
594,O=P(c1ccccc1)(c1ccccc1)c1nc(-n2c3ccccc3c3ccccc32)nc(-n2c3ccccc3c3ccccc32)n1
977,CC(C)(C(=O)c1ccc(N2c3ccccc3C(C)(C)c3ccccc32)cc1)C(=O)c1ccc(N2c3ccccc3C(C)(C)c3ccccc32)cc1
756,c1ccc2c(c1)CCc1ccccc1N2c1ccc2nsnc2c1
709,CC1(C)c2ccccc2N(c2ccc(-c3nc(-c4ccccc4)cc(-c4ccccc4)n3)cc2)c2ccccc21
28,O=C(/C=C(\O)c1ccc(N2c3ccccc3Oc3ccccc32)cc1)c1ccc(N2c3ccccc3Oc3ccccc32)cc1
339,Brc1cc(-c2ccc(N3c4ccccc4Oc4ccccc43)cc2)c2c3c1Oc1ccccc1B3c1ccccc1O2
842,N#Cc1ccc(-c2c3ccccc3c(-c3ccc(N(c4ccccc4)c4ccccc4)cc3)c3nsnc23)cc1
409,c1ccc(-c2nc(-c3ccccc3)nc(-c3ccccc3-n3c4ccccc4c4cc5c6ccccc6n(-c6ccccc6-c6nc(-c7ccccc7)nc(-c7ccccc7)n6)c5cc43)n2)cc1
521,CCN(CC)c1ccc(/C=C/c2cc(/C=C/C3=C(C#N)C(=C(C#N)C#N)OC3(C)C)c(/C=C/c3ccc(N(CC)CC)cc3)s2)cc1
359,c1ccc(-c2cc(-c3ccccc3)cc(-c3c4ccccc4c(-c4c5ccccc5c(N(c5ccccc5)c5ccccc5)c5ccccc45)c4ccccc34)c2)cc1
627,O=C1C(c2ccc(N(c3ccccc3)c3ccccc3)cc2)=C(c2ccc(N(c3ccccc3)c3ccccc3)cc2)C(=O)N1c1ccccc1
71,CC(C)(C)c1ccc(-c2c3cc(Cl)c(Cl)cc3c(-c3ccc(C(C)(C)C)cc3)c3c4cc(C(C)(C)C)cc5c6c(-c7ccc(C(C)(C)C)cc7)c7cc(Cl)c(Cl)cc7c(-c7ccc(C(C)(C)C)cc7)c6c6cc(C(C)(C)C)cc(c23)c6c45)cc1
837,c1ccc2c(c1)CCc1ccccc1N2c1nc2ccccc2nc1N1c2ccccc2CCc2ccccc21
336,S=P1(c2ccccc2)c2ccccc2P(=S)(c2ccccc2)c2ccccc21
912,CN(C)c1ccc(-c2cc3nc4c(cc(-c5ccc(N(C)C)cc5)n4C)nc3n2C)cc1
197,O=P(c1ccccc1)(c1ccccc1)c1cccc(-c2cccc(-c3cccc(P(=O)(c4ccccc4)c4ccccc4)c3)c2)c1
24,CC1(C)OC(=C(C#N)C#N)C(C#N)=C1/C=C/c1ccc(-n2c3ccccc3c3ccccc32)cc1
1117,Cc1ccc(C2=CC(c3ccccc3)=P3(OCCO3)C(c3ccccc3)=C2)cc1
233,O=C(c1ccc(-n2c3ccc(-c4ccccc4)cc3c3cc(-c4ccccc4)ccc32)cc1)c1ccc(-n2c3ccc(-c4ccccc4)cc3c3cc(-c4ccccc4)ccc32)cc1
312,CC(C)(C)c1ccc(N(c2ccc(-c3ccc(-c4c(F)c(F)c(-c5ccc(-c6ccc(N(c7ccc(C(C)(C)C)cc7)c7ccc(C(C)(C)C)cc7)cc6)s5)c5nsnc45)s3)cc2)c2ccc(C(C)(C)C)cc2)cc1
358,N#Cc1c(-n2c3ccccc3c3ccccc32)cc(-n2c3ccccc3c3ccccc32)c(C(F)(F)F)c1-n1c2ccccc2c2ccccc21
471,Cc1cc(N2c3ccccc3C(C)(C)c3ccccc32)ccc1-c1ncnc(-c2ccc(N3c4ccccc4C(C)(C)c4ccccc43)cc2C)c1C
204,O=C(c1ccc(N2c3ccccc3C(c3ccccc3)(c3ccccc3)c3ccccc32)cc1)c1ccc2c(c1)c1ccccc1n2-c1ccc(N(c2ccccc2)c2ccccc2)cc1
227,N#Cc1c(-c2ccccc2)cc(N2c3ccccc3Oc3ccccc32)cc1-c1ccccc1
481,O=C(/C=C(\OB(F)F)c1ccc2ccc3ccccc3c2c1)c1ccco1
39,C1=C(c2ccccc2)C=C(c2ccccn2)P2(=C1c1ccccc1)OCCO2
391,O=C1c2ccc(-c3ccc(N(c4ccccc4)c4ccccc4)cc3)cc2S(=O)(=O)c2cc(-c3ccc(N(c4ccccc4)c4ccccc4)cc3)ccc21
110,CCCCCCCCCCCCC(CCCCCCCCCC)Cn1c2ccccc2c2cc3sc4ccccc4c3cc21
1018,CC1(C)c2ccccc2N(c2ccc3c(c2)C(=O)c2cc(N4c5ccccc5C(C)(C)c5ccccc54)ccc2-3)c2ccccc21
1006,O=c1c2ccccc2n(-c2ccccc2)c2cc(N3c4ccccc4Sc4ccccc43)ccc12
845,COc1ccc(N(c2ccc(OC)cc2)c2ccc(-c3cc4c(ccc5c6cc(-c7ccc(N(c8ccc(OC)cc8)c8ccc(OC)cc8)cc7)sc6ccc45)s3)cc2)cc1
421,c1ccc2c(c1)c1ccccc1n2-c1ccc2c(c1)c1ccccc1n2-c1cnc(-n2c3ccccc3c3cc(-n4c5ccccc5c5ccccc54)ccc32)cn1
340,Cc1ccc2c3ccc(C)cc3n(-c3ccccc3-c3nnc(-c4ccccc4-n4c5cc(C)ccc5c5ccc(C)cc54)o3)c2c1
183,O=P(c1ccccc1)(c1ccccc1)c1ccc(-c2nc3ccccc3n2-c2ccc(P(=O)(c3ccccc3)c3ccccc3)cc2)cc1
25,CCCCn1c(-c2ccc(-c3ccccc3)cc2)nc2nc3c(cc21)nc(-c1ccc(-c2ccccc2)cc1)n3CCCC
422,CC1(C)c2ccccc2N(c2ccc(C(=O)c3ccc4c(c3)c3ccccc3n4-c3ccc(N(c4ccccc4)c4ccccc4)cc3)cc2)c2ccccc21
181,C1=CC2Sc3cc(-c4cccc5nc6ccccc6cc45)ccc3N(c3ccccc3)C2C=C1
166,CC1(C)c2ccccc2N(c2ccc(-c3cc(C#N)cc(-c4ccc(N5c6ccccc6C(C)(C)c6ccccc65)cc4)n3)cc2)c2ccccc21
823,c1cc(-c2cc(-c3cccc4c3sc3ccccc34)cc(-c3cccc4c3sc3ccccc34)c2)cc(-n2c3ccccc3c3ccccc32)c1
798,c1ccc(-c2nc(-c3csc(-c4ccccc4)n3)cs2)cc1
635,c1cc(-c2cccc(-n3c4ccccc4c4ccccc43)c2)cc(-c2ccc3c4ccccc4c4ccccc4c3c2)c1
1044,CC(C)(C)c1ccc2c(c1)B1c3cc(C(C)(C)C)ccc3Oc3cc(-n4c5ccc(N(c6ccccc6)c6ccccc6)cc5c5cc(N(c6ccccc6)c6ccccc6)ccc54)cc(c31)O2
573,c1ccc2c(c1)Oc1ccccc1N2c1ccc2c(c1)c1ccccc1c1nc3ccccc3nc21
970,c1ccc2c(c1)Sc1ccccc1N2c1ccc2ccc(N3c4ccccc4Sc4ccccc43)nc2n1
105,N#Cc1ccc(-c2ccccc2-n2c3ccccc3c3ccccc32)cc1
936,Cc1ccc2c(c1)C1(c3ccccc3-c3ccccc31)c1cc(C)ccc1N2c1ccc(-c2nc(-c3ccccc3)cc(-c3ccccc3)n2)cc1
702,CC(C)(C)c1ccc2c(c1)c1cc(C(C)(C)C)ccc1n2-c1ccc(C(=O)c2ccc(N3c4ccccc4C(C)(C)c4ccccc43)cc2)cn1
366,c1ccc(-n2c3c(c4ccccc42)C2(C4=C(c5ccccc52)C(c2ccccc2)(c2ccccc2)c2ccccc24)c2ccccc2-3)cc1
789,c1ccc(-c2cc(-c3ccc(N4c5ccccc5Oc5ccccc54)cc3)n3ncnc3n2)cc1
373,c1ccc(C2(c3ccccc3)C3=C(c4ccccc42)C2(c4ccccc43)c3ccccc3-c3sc4ccccc4c32)cc1
315,CCCCn1c(-c2ccccc2)nc2nc3c(cc21)nc(-c1ccccc1)n3CCCC
42,c1ccc2c(c1)c1ccccc1n2-c1ccc(-c2nnc(-c3ccc(-n4c5ccccc5c5ccccc54)cc3)o2)cc1
130,COc1ccc(-c2c3ccccc3c(-c3ccc(C(=C(c4ccccc4)c4ccccc4)c4ccc(-c5c6ccccc6c(-c6ccc(C#N)cc6)c6ccccc56)cc4)cc3)c3ccccc23)cc1
1090,O=P(c1ccccc1)(c1ccccc1)c1ccc(-c2cccc(-c3ccc(P(=O)(c4ccccc4)c4ccccc4)cc3)c2)cc1
151,COc1cc(N(c2ccc(C3(c4ccccc4)c4ccccc4-c4ccccc43)c(OC)c2)c2ccc(C3(c4ccccc4)c4ccccc4-c4ccccc43)c(OC)c2)ccc1C1(c2ccccc2)c2ccccc2-c2ccccc21
565,O=S(=O)(c1ccc(-c2ccc(-c3nc4c5ccccc5c5ccccc5c4n3-c3ccccc3)cc2)cc1)c1ccc(-c2ccc(C3N=C4c5ccccc5-c5ccccc5C4N3c3ccccc3)cc2)cc1
596,c1ccc2c(c1)Oc1ccc(-c3ccc(N4c5ccccc5Sc5ccccc54)cc3)c3c1B2c1ccccc1O3
1060,CC1(C)c2cc(-c3ccc(N(c4ccccc4)c4ccccc4)cc3)ccc2-c2ccc(-c3nc(-c4ccccc4)c(-c4ccccc4)n3-c3ccccc3)cc21
36,c1ccc2c(c1)Oc1ccccc1N2c1ccc(-c2nc3ccncc3nc2-c2ccc(N3c4ccccc4Oc4ccccc43)cc2)cc1
558,CC1(C)c2ccccc2N(c2cc(C#N)c(C#N)cc2N2c3ccccc3C(C)(C)c3ccccc32)c2ccccc21
152,COC(=O)c1cccc(C(=O)OC)c1Nc1ccccc1
834,c1ccc(-c2nc(-c3ccccc3)nc(-c3ccc(-n4c5ccccc5c5cc(-n6c7ccccc7c7ccccc76)ccc54)cc3)n2)cc1
951,Cc1nc(C)c(C#N)c(-c2ccc(-n3c4ccc(C(C)(C)C)cc4c4cc(C(C)(C)C)ccc43)cc2)c1C#N
1028,CCn1c(-c2ccncc2)c(-c2ccc(-c3ccc(-n4c5ccccc5c5ccccc54)c(C#N)c3)cc2)c2c3ccccc3c(-c3ccccc3-n3c4ccccc4c4ccccc43)cc21
574,c1ccc(-c2c3ccccc3c(-c3ccc(N(c4ccccc4)c4ccccc4)cc3)c3nsnc23)cc1
437,c1ccc(-c2cc(-c3ccc(-n4c5ccccc5c5c6oc7ccccc7c6ccc54)cc3-n3c4ccccc4c4c5oc6ccccc6c5ccc43)nc(-c3ccccc3)n2)cc1
564,Cc1ccccc1-c1cc(-c2ccccc2)nc(-c2ccc(N3c4ccccc4C(C)(C)c4ccccc43)cc2)n1
452,O=C(c1ccncc1)c1ccc(N2c3ccccc3C(c3ccccc3)(c3ccccc3)c3ccccc32)cc1
962,CC(C)(C)c1ccc2c(c1)c1cc(C(C)(C)C)ccc1n2-c1ccc2c(ccc3nc4ccc5cc(-n6c7ccc(C(C)(C)C)cc7c7cc(C(C)(C)C)ccc76)ccc5c4nc32)c1
268,c1ccc(-n2c3ccccc3c3cc(-c4ccc5c6ccccc6c6ccccc6c5c4)ccc32)cc1
652,c1ccc2c(c1)Sc1ccccc1N2c1ccc(-c2nnc(-c3ccc(N4c5ccccc5Sc5ccccc54)cc3)o2)cc1
133,Cc1ccc2c(c1)C1(c3ccccc3Oc3ccccc31)c1cc(C)ccc1N2c1ccc(-c2nc(-c3ccccc3)cc(-c3ccccc3)n2)cc1
341,c1ccc(-c2nc(-c3ccc(N4c5ccccc5C(c5ccccc5)(c5ccccc5)c5ccccc54)cc3)cc(-c3ccccn3)n2)cc1
985,Fc1ccc2c(c1)c1ccccc1c1c2sc2c3ccc(F)cc3c3ccccc3c21
45,CCCCCCCCCCOc1ccc(-c2cc(-c3ccc(/C=C(\C#N)c4ccccc4)s3)nc(-c3ccc(/C=C(\C#N)c4ccccc4)s3)c2)cc1
1026,c1ccc(N(c2ccccc2)c2ccc(-c3ccc4nc5c6ccccc6c6ccccc6c5nc4c3)cc2)cc1
806,N#Cc1nc2c(nc1C#N)-c1ccc(-c3ccc(N(c4ccccc4)c4ccccc4)cc3)c3cccc-2c13
699,c1ccc(-n2c3ccccc3c3ccc(-c4cc(-c5ccc6c7ccccc7n(-c7ccccc7)c6c5)ncn4)cc32)cc1
94,S=P(c1ccccc1)(c1ccccc1)c1ccc(C2(c3ccc(-n4c5ccccc5c5ccccc54)cc3)CCCCC2)cc1
52,Fc1ccc2c(c1)-c1ccccc1-c1nc3c4cccc5ccc6cccc(c6c54)c3n1-2
1007,CC1(C)c2ccccc2N(c2ccc3nc4c5ccccc5c5ccccc5c4nc3c2)c2ccccc21
953,Cc1cc(N(c2ccccc2)c2ccccc2)ccc1-c1ccc(S(=O)(=O)c2ccccc2)cc1C
517,CCCCCCCCC1(CCCCCCCC)c2ccccc2-c2ccc(-c3nnc(-c4cccc(-n5c6ccc(C(C)(C)C)cc6c6cc(C(C)(C)C)ccc65)c4)o3)cc21
710,CC1(C)c2ccccc2N(c2ccc(-c3cc(-c4ccccn4)nc(-c4ccccn4)c3)cc2)c2ccccc21
649,c1ccc2c(c1)-c1ccccc1C21c2cc(-n3c4ccccc4c4ccccc43)ccc2Sc2ccc(-n3c4ccccc4c4ccccc43)cc21
208,c1ccc(C(=C(c2ccccc2)c2ccc(-c3nc4c5ccccc5c5ccccc5c4n3-c3ccccc3)cc2)c2ccccc2)cc1
351,c1cc(-c2cccc3c2sc2ccccc23)cc(-n2c3ccccc3c3ccccc32)c1
215,Cc1nn(-c2ccccc2)c2c1c(=O)oc1ccc(-c3cc(-n4c5ccccc5c5ccccc54)cc(-n4c5ccccc5c5ccccc54)c3)cc12
619,N#Cc1ccc(-n2c(-c3ccc(-c4ccc5ccc6cccc7ccc4c5c67)cc3)nc3c4ccccc4c4ccccc4c32)cc1
288,CC1(C)c2ccccc2N(c2ccc(-c3cncc(-c4ccc(N5c6ccccc6C(C)(C)c6ccccc65)cc4)n3)cc2)c2ccccc21
278,CC(C)(C)c1cc(-n2nc3ccc(-c4ccc(-c5ccc(-c6ccc7nn(-c8cc(C(C)(C)C)cc(C(C)(C)C)c8O)nc7c6)cc5)cc4)cc3n2)c(O)c(C(C)(C)C)c1
159,Cc1cc(C)c(B(c2ccc(C(F)(F)F)cc2-n2c3ccc(C(C)(C)C)cc3c3cc(C(C)(C)C)ccc32)c2c(C)cc(C)cc2C)c(C)c1
1005,c1ccc(C2(c3ccccc3)c3ccccc3N(c3ccc(-n4c5ccccc5c5ccccc54)nc3)c3ccccc32)cc1
109,C(=C/c1nc2c3ccccc3c3ccccc3c2n1-c1ccccc1)\c1ccc(-c2ccc(N(c3ccccc3)c3ccccc3)cc2)cc1
118,c1ccc(-c2nc(-c3ccccc3)nc(-c3ccc(-n4c5ccccc5c5ccc6c(c7ccccc7n6-c6ccccc6)c54)cc3)n2)cc1
270,O=S(=O)(c1ccc(N(c2ccccc2)c2ccccc2)cc1)c1ccc(-n2c3ccccc3c3ccccc32)cc1
137,N#Cc1c(-c2ccc(N3c4ccccc4Oc4ccccc43)cc2)nc(-c2ccc(N3c4ccccc4Oc4ccccc43)cc2)c(C#N)c1-c1ccc(N2c3ccccc3Oc3ccccc32)cc1
106,O=C1c2cccc3c(N4c5ccccc5Oc5ccccc54)ccc(c23)C(=O)N1c1ccccc1
679,C/C=C\C=C/C1=CN(c2ccc(-c3nc(C#N)c(C#N)nc3-c3ccc(N4c5ccccc5C(C)(C)c5ccccc54)cc3)cc2)c2ccccc2C1(C)C
306,Cc1cc(C)c(B(c2ccc(-c3c(F)c(F)c(C(F)(F)F)c(F)c3F)cc2-n2c3ccc(C(C)(C)C)cc3c3cc(C(C)(C)C)ccc32)c2c(C)cc(C)cc2C)c(C)c1
898,CC1(C)c2ccccc2N(c2ccc(-c3ccc(C#N)nc3)cc2)c2ccccc21
683,CCCCCCn1ccc2c3c(ccc4cnc5ccccc5c43)ccc21
8,c1ccc2c(c1)Oc1ccccc1C21c2ccccc2-c2ccc(-c3ccc4c(c3)C3(c5ccccc5Oc5ccccc53)c3ccccc3-4)cc21
1008,c1ccc(-n2c3ccccc3c3cc(-c4ccc(-c5ccccc5-n5ccc6cc(-c7cccc8c7sc7ccccc78)ccc65)cc4)ccc32)cc1
854,N#Cc1ccc2c(c1)c1cc(C#N)ccc1n2-c1c(C#N)cccc1-c1cccc2oc3ccccc3c12
626,c1ccc(-c2nc(-c3ccccc3)nc(-c3ccc(-n4c5ccccc5c5c6c(c7ccccc7n6-c6ccccc6)c6c(c7ccccc7n6-c6ccc(-c7nc(-c8ccccc8)nc(-c8ccccc8)n7)cc6)c54)cc3)n2)cc1
309,c1cc(-c2cc(-n3cccn3)cc(-n3nccn3)c2)cc(-n2c3ccccc3c3ccccc32)c1
720,Cc1nc(-c2ccc(N3c4ccccc4Oc4ccccc43)cc2)cc(-c2ccc(N3c4ccccc4Oc4ccccc43)cc2)n1
556,C=CC(=O)OCCCCCCOc1ccc(/N=N/c2ccc(C(=O)Oc3ccc(Br)cc3)cc2)c(C)c1
908,c1ccc2c(c1)oc1c2ccc2c1c1ccccc1n2-c1cnc(-n2c3ccccc3c3c4oc5ccccc5c4ccc32)cn1
781,c1ccc(-c2cc(-c3ccccc3)cc(-c3ccc(-c4c5ccccc5c(-c5c6ccccc6c(-c6cc(-c7ccccc7)cc(-c7ccccc7)c6)c6ccccc56)c5ccccc45)cc3)c2)cc1
291,CC1(C)c2ccccc2N(c2cccc(S(=O)(=O)c3ccccc3N3c4ccccc4C(C)(C)c4ccccc43)c2)c2ccccc21
378,Cc1cc(N2c3ccccc3C(C)(C)c3ccccc32)ccc1-c1cc(-c2ccc(N3c4ccccc4C(C)(C)c4ccccc43)cc2C)ncn1
250,c1ccc([Si](c2ccccc2)(c2ccc(-c3cccc4c3oc3ccccc34)cc2)c2ccc(-c3cccc4c3oc3ccccc34)cc2)cc1
776,CCCCc1ccc2c(c1)-c1ccccc1-c1nc3c4cccc5ccc6cccc(c6c54)c3n1-2
357,c1ccc2c(c1)Oc1ccccc1N2c1ccc2ccc3ccc(N4c5ccccc5Oc5ccccc54)nc3c2n1
876,CC(C)(C)c1ccc2c(c1)C1(c3ccccc3N(c3ccccc3)c3ccccc31)c1ccccc1C21c2ccccc2N(c2ccccc2)c2ccccc21
750,Cn1c2ccc([N+](=O)[O-])cc2c2nc3cc(Cl)cnc3nc21
518,Cc1cc(-n2c3ccccc3c3ccccc32)ccc1-c1ccc(S(=O)(=O)c2ccccc2)cc1C
818,N#Cc1c(-c2ccc(N(c3ccc(-c4ccccc4)cc3)c3ccc(-c4ccccc4)cc3)cc2)cncc1-c1ccc(N(c2ccc(-c3ccccc3)cc2)c2ccc(-c3ccccc3)cc2)cc1
550,c1ccc(-c2nc(-c3ccccc3)nc(-c3ccc4c(c3)-c3ccccc3C43c4ccccc4N(c4ccccc4)c4ccccc43)n2)cc1
75,N#Cc1ccc(N2c3ccccc3Oc3ccccc32)c(-c2cc(C#N)ccc2N2c3ccccc3Oc3ccccc32)c1
102,c1ccc(-c2ccc(-c3ccc(-n4c5ccccc5c5ccccc54)cc3)c3nsnc23)cc1
576,O=C1c2ccccc2S(=O)(=O)c2c1cccc2-c1ccc2c(c1)c1ccccc1n2-c1ccccc1
636,O=C1C(=Cc2ccc(-c3ccc(-c4ccc(-c5ccc(N(c6ccccc6)c6ccccc6)cc5)s4)s3)s2)C(=O)c2ccccc21
1047,CC1(C)c2ccccc2N(c2ccc3c(c2)C(C)(C)c2ccccc2N3c2ccc(C(=O)c3ccc(N4c5ccccc5C(C)(C)c5cc(N6c7ccccc7C(C)(C)c7ccccc76)ccc54)cc3)cc2)c2ccccc21
9,CC1(C)c2ccccc2N(c2ccc3c(c2)Oc2cccc4c2B3c2ccc(N3c5ccccc5C(C)(C)c5ccccc53)cc2O4)c2ccccc21
74,C(=C/c1ccnc(-c2cc(/C=C/c3ccccc3)ccn2)c1)\c1ccccc1
757,COc1cc(N2c3ccccc3C(C)(C)c3ccccc32)ccc1-c1nc(-c2ccccc2)nc(-c2ccccc2)n1
468,c1ccc(N(c2ccc3oc4ccc(N(c5ccccc5)c5cccc6c5sc5ccccc56)cc4c3c2)c2cccc3c2sc2ccccc23)cc1
307,CC1(C)c2ccccc2N(c2ccc3nc4c5ccc(N6c7ccccc7C(C)(C)c7ccccc76)cc5c5cc(N6c7ccccc7C(C)(C)c7ccccc76)ccc5c4nc3c2)c2ccccc21
660,c1ccc(-n2c3ccccc3c3cc(-c4cccc(-n5c6cccnc6c6c7sc8ccccc8c7ccc65)c4)ccc32)cc1
911,N#Cc1ccc2c3ccc(C#N)cc3c3nc4cc(-c5ccc(N(c6ccccc6)c6ccccc6)cc5)c(-c5ccc(N(c6ccccc6)c6ccccc6)cc5)cc4nc3c2c1
134,CCCCn1c(-c2ccc(-c3ccc(OC)cc3)cc2)nc2nc3c(cc21)nc(-c1ccc(-c2ccc(OC)cc2)cc1)n3CCCC
405,c1ccc([Si](c2ccccc2)(c2ccc(-c3ccncc3)cc2)c2ccc(-c3cccc4c3oc3ccccc34)cc2)cc1
1017,O=C1C(=Cc2ccc(-c3ccc(N(c4ccccc4)c4ccccc4)cc3)s2)C(=O)c2ccccc21
244,O=C1c2ccccc2S(=O)(=O)c2cc(-c3ccc4c(c3)c3ccccc3n4-c3ccccc3)ccc21
788,Cc1c(-c2ccc(N3c4ccccc4C(C)(C)c4ccccc43)cc2)ncnc1-c1ccc(N2c3ccccc3C(C)(C)c3ccccc32)cc1
733,c1ccc2c(c1)oc1ccc3c4ccccc4n(-c4cnc(-n5c6ccccc6c6ccc7oc8ccccc8c7c65)cn4)c3c12
886,c1cncc(-c2cc3nc4c5ccccc5c5cc(N6c7ccccc7Oc7ccccc76)ccc5c4nc3cc2-c2cccnc2)c1
1088,N#Cc1ccc(-c2cccc(-c3ccc(C#N)cc3)c2-n2c3ccccc3c3ccccc32)cc1
267,Cc1c(C)c(B(c2c(C)c(C)c(N3c4ccccc4Oc4ccccc43)c(C)c2C)c2c(C)c(C)c(N3c4ccccc4Oc4ccccc43)c(C)c2C)c(C)c(C)c1C#N
323,c1ccc(C2(c3ccccc3)C3=C(c4ccccc42)C2(c4ccccc43)c3ccccc3-c3oc4ccccc4c32)cc1
535,c1ccc(-n2c(-c3ccc(-c4ccc(-c5nc6c7ccccc7c7ccccc7c6n5-c5ccc(-c6ccc(-c7nc8ccccc8n7-c7ccccc7)cc6)cc5)cc4)cc3)nc3ccccc32)cc1
578,c1ccc(-c2nc(-c3ccccc3)nc(-c3cccc(-n4c5ccccc5c5cc6c(cc54)C4(c5ccccc5-c5ccccc54)c4ccccc4-6)c3)n2)cc1
597,CC(C)(C)c1ccc2c(c1)c1cc(C(C)(C)C)ccc1n2-c1cc2c(cc1-n1c3ccc(C(C)(C)C)cc3c3cc(C(C)(C)C)ccc31)C(=O)N(c1ccccc1)C2=O
673,CC1(C)c2ccccc2-c2ccc(-c3cc4nsnc4cc3-c3ccc4c(c3)C(C)(C)c3ccccc3-4)cc21
1059,c1ccc(-c2nc(-c3ccccc3)nc(-c3ccc(-c4ccc5c(c4)C4(c6ccccc6-c6ccccc64)c4ccccc4N5c4ccccc4)cc3)n2)cc1
83,C(=C/n1c2ccccc2c2cc(-c3cccc4ccccc34)ccc21)\c1ccccc1
634,N#Cc1nc2c(nc1C#N)-c1ccc(-c3ccc(N(c4ccccc4)c4ccccc4)cc3)c3c(-c4ccc(N(c5ccccc5)c5ccccc5)cc4)ccc-2c13
40,c1ccc2c(c1)CCc1ccccc1N2c1ccc(-c2nc3ccccc3nc2-c2ccc(N3c4ccccc4CCc4ccccc43)cc2)cc1
608,O=P(c1ccccc1)(c1ccccc1)c1ccc(-n2c(-c3cccc(P(=O)(c4ccccc4)c4ccccc4)c3)nc3ccccc32)cc1
1070,c1ccc(-c2cc3c4cc(N(c5ccccc5)c5ccccc5)ccc4n4c5ccc(N(c6ccccc6)c6ccccc6)cc5c(c2)c34)cc1
252,Cc1ccc2c(c1)c1nc3cc(Cl)cnc3nc1n2C
583,c1ccc(-c2ccc(-c3ccccc3)c3nc4c5ccc(N6c7ccccc7Oc7ccccc76)cc5c5cc(N6c7ccccc7Oc7ccccc76)ccc5c4nc23)cc1
122,c1ccc(-c2nc(-c3ccccc3)nc(-c3c4ccccc4c(-c4c5ccccc5c(N(c5ccccc5)c5ccccc5)c5ccccc45)c4ccccc34)n2)cc1
413,C(=C/n1c2ccc(-c3cccc4ccccc34)cc2c2cc(-c3cccc4ccccc34)ccc21)\c1ccccc1
240,c1ccc(-n2ccc3cc(-c4cccc5c4sc4ccccc45)ccc32)c(-c2ccc(-c3ccc(-n4c5ccccc5c5ccccc54)cc3)cc2)c1
691,O=S1(=O)c2ccccc2C2(c3ccccc31)c1ccccc1S(=O)(=O)c1ccccc12
888,Fc1c(F)c(-c2ccc(-c3ccc(N(c4ccccc4)c4ccccc4)cc3)s2)c2nsnc2c1-c1ccc(-c2ccc(N(c3ccccc3)c3ccccc3)cc2)s1
609,O=C(c1ccccc1)c1ccc(-n2c3ccccc3c3c4c(c5ccccc5n4-c4ccccc4)c4c(c5ccccc5n4-c4ccc(C(=O)c5ccccc5)cc4)c32)cc1
935,O=P1(c2ccccc2)c2ccc(N3c4ccccc4Oc4ccccc43)cc2-c2cc(N3c4ccccc4Oc4ccccc43)ccc21
190,c1ccc(-c2ccc3c(c2)c2ccccc2n3-c2ccc(-c3cc(-c4ccccc4)nc(-c4ccccc4)n3)cc2)cc1
82,CC1(C)c2ccccc2N(c2ccc(-c3ncc(-c4cnc(-c5ccc(N6c7ccccc7C(C)(C)c7ccccc76)cc5)nc4)cn3)cc2)c2ccccc21
520,CC(C)(C)c1ccc2c(c1)c1cc(C(C)(C)C)ccc1n2-c1ccc(C(=O)C(=O)c2ccc(-n3c4ccc(C(C)(C)C)cc4c4cc(C(C)(C)C)ccc43)cc2)cc1
993,c1ccc2c(c1)Oc1ccccc1N2c1ccc2c(c1)c1ccccc1c1nc3c4cccnc4c4ncccc4c3nc21
987,O=P(c1ccccc1)(c1ccccc1)c1ccccc1Oc1ccccc1
958,c1ccc(C(=C(c2ccccc2)c2ccc(-c3ccc(N(c4ccccc4)c4ccc(-c5nc6c7ccccc7c7ccccc7c6n5-c5ccccc5)cc4)cc3)cc2)c2ccccc2)cc1
514,c1ccc(-n2c3ccccc3c3ccccc32)c(-c2cc(-n3cccn3)cc(-n3nccn3)c2)c1
488,Cc1ccccc1-c1ccc(-c2ccccc2C)c2nc3c4ccc(N5c6ccccc6Oc6ccccc65)cc4c4cc(N5c6ccccc6Oc6ccccc65)ccc4c3nc12
598,c1ccc(N(c2ccccc2)c2ccc(-c3cncc(-c4ccc(N(c5ccccc5)c5ccccc5)cc4)n3)cc2)cc1
829,Cc1ccc2c(c1)C1(c3ccccc3Oc3ccccc31)c1cc(C)ccc1N2c1ccc2c(=O)cc(C)oc2c1
58,c1ccc2c(c1)c1ccccc1n2-c1cc(-c2cc(-n3cccn3)cc(-n3nccn3)c2)cc(-n2c3ccccc3c3ccccc32)c1
321,CC1(C)c2ccccc2N(c2ccc(S(=O)(=O)c3ccccc3)cc2)c2ccccc21
765,O=C1C(c2ccc3c(c2)c2ccccc2n3-c2ccccc2)=C(c2ccc3c(c2)c2ccccc2n3-c2ccccc2)C(=O)N1c1ccccc1
948,N#Cc1ccc(-n2c(-c3cccc(C(=C(c4ccccc4)c4ccccc4)c4ccccc4)c3)nc3c4ccccc4c4ccccc4c32)cc1
555,C=CC(=O)OCCCCCCOc1ccc(/N=N/c2ccc(C(=O)Oc3ccccc3)cc2)c(C)c1
753,CC1(C)c2ccccc2N(c2cccc3c2Oc2cccc4c2B3c2cccc(N3c5ccccc5C(C)(C)c5ccccc53)c2O4)c2ccccc21
593,Cc1nn(-c2ccccc2)c2c1c(=O)oc1ccc(-n3c4ccccc4c4ccccc43)cc12
959,N#Cc1ccccc1-c1ccccc1-n1c2ccc(-c3ccc4c(c3)c3ccccc3n4-c3ccccc3)cc2c2cc(-c3ccc4c(c3)c3ccccc3n4-c3ccccc3)ccc21
222,CC1(C)c2ccccc2N(c2ccc(-c3cccc(-c4ccc(N5c6ccccc6C(C)(C)C6C=CC=CC65)cc4)n3)cc2)c2ccccc21
303,CC1(C)c2cc(-n3c4ccccc4c4ccccc43)ccc2N(c2ccc(-c3cc(-c4ccccn4)nc(-c4ccccn4)c3)cc2)c2ccc(-n3c4ccccc4c4ccccc43)cc21
843,COc1ccc(-n2c(/C=C/c3ccc(-n4c(-c5ccc(-c6ccc(N(c7ccccc7)c7ccccc7)cc6)cc5)nc5c6ccccc6c6ccccc6c54)cc3)nc3c4ccccc4c4ccccc4c32)c2ccccc12
158,Fc1nc(F)c(F)c(C2(c3ccc(-n4c5ccccc5c5ccccc54)cc3)c3ccccc3-c3ccccc32)c1F
498,Cc1ccccc1-c1cc2nc3c4ccc(N5c6ccccc6Oc6ccccc65)cc4c4cc(N5c6ccccc6Oc6ccccc65)ccc4c3nc2cc1-c1ccccc1C
1084,CC1(C)c2ccccc2N(c2ccc(-c3ccc4c(c3)c3ccccc3c3nc5cc(C#N)c(C#N)cc5nc43)cc2)c2ccccc21
677,c1ccc(-c2nc(-c3ccccc3)nc(-c3ccc(-n4c5ccccc5c5cc(-c6ccc7c(ccn7-c7ccccc7)c6)ccc54)cc3)n2)cc1
1065,c1ccc(N(c2ccccc2)c2ccc(-c3ccc4c(c3)C3(c5ccccc5-c5ccccc53)c3ccccc3C43c4ccccc4-c4ccccc43)cc2)cc1
1037,CC1(C)c2ccccc2N(c2ccc(-c3cnc(-c4cnc(-c5ccc(N6c7ccccc7C(C)(C)c7ccccc76)cc5)nc4)nc3)cc2)c2ccccc21
748,Cc1ccc2c(c1)c1cc(C)ccc1n2-c1ccccc1-c1nnc(-c2ccccc2-n2c3ccc(C)cc3c3cc(C)ccc32)o1
713,c1ccc(N(c2ccccc2)c2ccc(-c3ccc(-c4ccc(N(c5ccccc5)c5ccccc5)cc4)c4nc5c6cccnc6c6ncccc6c5nc34)cc2)cc1
860,c1ccc(-c2nc(-c3ccccc3)nc(-c3ccc(-n4c5ccccc5c5cc6c(cc54)c4ccccc4n6-c4ccccc4)cc3)n2)cc1
1035,Cc1ccccc1N(c1ccccc1C)c1cc2c3ccccc3c(N(c3ccccc3C)c3ccccc3C)cc2c2ccccc12
465,c1ccc2c(c1)ncn2-c1ccc(-c2cc(-n3c4ccccc4c4ccccc43)cc(-n3c4ccccc4c4ccccc43)c2)cc1
870,c1ccc(-n2c3ccccc3c3cc(-c4cccc(-n5c6ccccc6c6ncccc65)c4)ccc32)cc1
802,O=P(c1ccccc1)(c1ccccc1)c1ccc(-c2ccc3cc4ccccc4cc3c2)cc1
925,CC(C)(C)c1ccc2c(c1)c1cc(C(C)(C)C)ccc1n2-c1nc(-n2c3ccc(C#N)cc3c3cc(C#N)ccc32)c(C#N)c(-c2ccc(F)cc2)c1C#N
399,c1ccc(N(c2ccccc2)c2ccc(-c3cnc(-c4ccc(N(c5ccccc5)c5ccccc5)cc4)cn3)cc2)cc1
2,c1ccc(-c2nc3ccc(-c4ccc(N(c5ccccc5)c5ccccc5)cc4)cc3nc2-c2ccccc2)cc1
388,c1cnc2c(c1)c1nc(-c3ccc(N(c4ccc(-c5ccsc5)cc4)c4ccc(-c5nc6c7cccnc7c7ncccc7c6[nH]5)cc4)cc3)[nH]c1c1cccnc12
168,CN(C)c1ccc(-c2cncc(-c3ccc(C#N)cc3)n2)cc1
890,Fc1cc(-c2nc(-c3ccccc3)nc(-c3ccccc3)n2)cc(F)c1-n1c2ccc(-n3c4ccccc4c4ccccc43)cc2c2cc(-n3c4ccccc4c4ccccc43)ccc21
410,Cn1c2ccccc2c2nc3cc(Cl)cnc3nc21
218,c1ccc(-n2c3ccccc3c3cc(-c4cc(-n5cccn5)cc(-n5nccn5)c4)ccc32)cc1
492,c1ccc(-c2nnc(-c3ccc(N4c5ccccc5Oc5ccccc54)cc3)c(-c3ccc(N4c5ccccc5Oc5ccccc54)cc3)n2)cc1
879,CC(C)(C)c1ccc(N(c2ccc(C(C)(C)C)cc2)c2cc(C(=O)c3ccncc3)cc(-n3c4ccc(C(C)(C)C)cc4c4cc(C(C)(C)C)ccc43)c2)cc1
867,c1ccc(-c2nc(-c3ccccc3)nc(-c3cccc(-n4c5ccccc5c5sc6ccccc6c54)c3)n2)cc1
170,N#Cc1nc2c3ccc(-n4c5ccc(-c6ccccc6)cc5c5cc(-c6ccccc6)ccc54)cc3c3cc(-n4c5ccc(-c6ccccc6)cc5c5cc(-c6ccccc6)ccc54)ccc3c2nc1C#N
242,CN1CCN(C)P12=C(c1ccccc1F)C=C(c1ccccc1)C=C2c1ccccc1F
771,N#Cc1cc(-c2nc(-c3ccccc3)nc(-c3ccccc3)n2)ccc1-n1c2ccccc2c2ccccc21
95,Fc1nc(F)c(F)c(C2(c3ccc4c(c3)c3ccccc3n4-c3ccccc3)c3ccccc3-c3ccccc32)c1F
15,N#Cc1nc2c3ccc(-n4c5ccccc5c5ccccc54)cc3c3cc(-n4c5ccccc5c5ccccc54)ccc3c2nc1C#N
553,c1cc(-c2cc(-n3c4ccccc4c4ccccc43)cc(-n3c4ccccc4c4ccccc43)c2)cc(-n2cnc3ccccc32)c1
667,c1ccc(-c2nc(-n3c4ccccc4c4c5ccccc5ccc43)c3ccccc3n2)cc1
1116,CN(C)c1ccc(-c2cnc(-c3ccc(C#N)cc3)cn2)cc1
852,c1ccc(N(c2cccc(-c3nc4c5ccccc5c5ccccc5c4o3)c2)c2ccccn2)cc1
1115,Cc1c(-c2ccccc2)cc(N2C(=O)c3cccc4c(-c5ccc(N(c6ccc(-c7ccccc7)cc6)c6ccc7c(c6)C(C)(C)c6ccccc6-7)cc5)ccc(c34)C2=O)cc1-c1ccccc1
827,CC(C)(C(=O)c1ccc(N2c3ccccc3Oc3ccccc32)cc1)C(=O)c1ccc(N2c3ccccc3Oc3ccccc32)cc1
453,N#Cc1cc(-c2ccc(N3c4ccccc4Oc4ccccc43)cc2)nc(-c2ccc(N3c4ccccc4Oc4ccccc43)cc2)c1
77,c1ccc(-c2c(-c3ccccc3)c(-c3ccc(N(c4ccccc4)c4cccc5c4sc4ccccc45)cc3)c(-c3ccccc3)c(-c3ccccc3)c2-c2ccc(N(c3ccccc3)c3cccc4c3sc3ccccc34)cc2)cc1
1079,c1ccc2nc3cccc(-c4ccc(-n5c6ccccc6c6ccccc65)cc4)c3cc2c1
473,N#Cc1c(-c2ccc(N3c4ccccc4Oc4ccccc43)cc2)cncc1-c1ccc(N2c3ccccc3Oc3ccccc32)cc1
1004,N#Cc1ccc(-n2c(-c3ccc(-c4ccc(N(c5ccccc5)c5ccccc5)cc4)s3)nc3c4ccccc4c4ccccc4c32)cc1
